make -f ./scripts/Makefile.build obj=scripts/basic
set -e; mkdir -p include/config/; trap "rm -f include/config/.kernel.release.tmp" EXIT; { echo "5.4.292$(sh ./scripts/setlocalversion .  )"; } > include/config/.kernel.release.tmp; if [ ! -r include/config/kernel.release ] || ! cmp -s include/config/kernel.release include/config/.kernel.release.tmp; then : '  UPD     include/config/kernel.release'; mv -f include/config/.kernel.release.tmp include/config/kernel.release; fi
make -f ./scripts/Makefile.asm-generic obj=arch/arm64/include/generated/uapi/asm \
generic=include/uapi/asm-generic
set -e; mkdir -p include/generated/uapi/linux/; trap "rm -f include/generated/uapi/linux/.version.h.tmp" EXIT; { 	if [  292 -gt 255 ]; then echo \#define LINUX_VERSION_CODE 328959; else echo \#define LINUX_VERSION_CODE 328996; fi; echo '#define KERNEL_VERSION(a,b,c) (((a) << 16) + ((b) << 8) + ((c) > 255 ? 255 : (c)))'; } > include/generated/uapi/linux/.version.h.tmp; if [ ! -r include/generated/uapi/linux/version.h ] || ! cmp -s include/generated/uapi/linux/version.h include/generated/uapi/linux/.version.h.tmp; then : '  UPD     include/generated/uapi/linux/version.h'; mv -f include/generated/uapi/linux/.version.h.tmp include/generated/uapi/linux/version.h; fi
rm -f include/linux/version.h
set -e; mkdir -p include/generated/; trap "rm -f include/generated/.utsrelease.h.tmp" EXIT; { 	if [ `echo -n "5.4.292-Darkmoon" | wc -c ` -gt 64 ]; then echo '"5.4.292-Darkmoon" exceeds 64 characters' >&2; exit 1; fi; echo \#define UTS_RELEASE \"5.4.292-Darkmoon\"; } > include/generated/.utsrelease.h.tmp; if [ ! -r include/generated/utsrelease.h ] || ! cmp -s include/generated/utsrelease.h include/generated/.utsrelease.h.tmp; then : '  UPD     include/generated/utsrelease.h'; mv -f include/generated/.utsrelease.h.tmp include/generated/utsrelease.h; fi
rm -f .tmp_quiet_recordmcount
make -f ./scripts/Makefile.build obj=scripts/dtc
make -f ./scripts/Makefile.asm-generic obj=arch/arm64/include/generated/asm \
generic=include/asm-generic
make -f ./scripts/Makefile.build obj=scripts scripts/unifdef
make -f ./scripts/Makefile.modbuiltin obj=init
make -f ./scripts/Makefile.modbuiltin obj=usr
make -f ./scripts/Makefile.modbuiltin obj=arch/arm64
(for m in ; do echo $m; done;	\
cat /dev/null ) > init/modules.builtin
make -f ./scripts/Makefile.modbuiltin obj=kernel
make -f ./scripts/Makefile.modbuiltin obj=usr/include
make -f ./scripts/Makefile.modbuiltin obj=arch/arm64/crypto
make -f ./scripts/Makefile.modbuiltin obj=arch/arm64/kernel
make -f ./scripts/Makefile.modbuiltin obj=arch/arm64/mm
make -f ./scripts/Makefile.modbuiltin obj=certs
make -f ./scripts/Makefile.modbuiltin obj=arch/arm64/net
make -f ./scripts/Makefile.modbuiltin obj=arch/arm64/kernel/probes
(for m in arch/arm64/crypto/sha1-ce.ko arch/arm64/crypto/sha2-ce.ko arch/arm64/crypto/aes-ce-cipher.ko arch/arm64/crypto/aes-ce-blk.ko arch/arm64/crypto/sha256-arm64.ko arch/arm64/crypto/aes-arm64.ko; do echo $m; done;	\
cat /dev/null ) > arch/arm64/crypto/modules.builtin
make -f ./scripts/Makefile.modbuiltin obj=arch/arm64/kernel/vdso
make -f ./scripts/Makefile.modbuiltin obj=mm
(for m in ; do echo $m; done;	\
cat /dev/null ) > arch/arm64/kernel/vdso/modules.builtin
(for m in ; do echo $m; done;	\
(for m in ; do echo $m; done;	\
cat /dev/null ) > arch/arm64/net/modules.builtin
cat /dev/null ) > certs/modules.builtin
(for m in ; do echo $m; done;	\
cat /dev/null ) > arch/arm64/mm/modules.builtin
(for m in ; do echo $m; done;	\
cat /dev/null ) > arch/arm64/kernel/probes/modules.builtin
make -f ./scripts/Makefile.modbuiltin obj=fs
(for m in ; do echo $m; done;	\
cat /dev/null arch/arm64/kernel/probes/modules.builtin arch/arm64/kernel/vdso/modules.builtin) > arch/arm64/kernel/modules.builtin
(for m in ; do echo $m; done;	\
cat /dev/null arch/arm64/crypto/modules.builtin arch/arm64/kernel/modules.builtin arch/arm64/mm/modules.builtin arch/arm64/net/modules.builtin) > arch/arm64/modules.builtin
(for m in mm/zsmalloc.ko; do echo $m; done;	\
cat /dev/null ) > mm/modules.builtin
(for m in ; do echo $m; done;	\
cat /dev/null ) > usr/include/modules.builtin
make -f ./scripts/Makefile.modbuiltin obj=ipc
(for m in ; do echo $m; done;	\
cat /dev/null usr/include/modules.builtin) > usr/modules.builtin
make -f ./scripts/Makefile.modbuiltin obj=security
make -f ./scripts/Makefile.modbuiltin obj=fs/configfs
make -f ./scripts/Makefile.modbuiltin obj=crypto
(for m in ; do echo $m; done;	\
cat /dev/null ) > ipc/modules.builtin
make -f ./scripts/Makefile.modbuiltin obj=fs/crypto
make -f ./scripts/Makefile.modbuiltin obj=fs/debugfs
make -f ./scripts/Makefile.modbuiltin obj=fs/devpts
(for m in fs/configfs/configfs.ko; do echo $m; done;	\
cat /dev/null ) > fs/configfs/modules.builtin
make -f ./scripts/Makefile.modbuiltin obj=fs/erofs
make -f ./scripts/Makefile.modbuiltin obj=security/integrity
(for m in ; do echo $m; done;	\
cat /dev/null ) > fs/crypto/modules.builtin
make -f ./scripts/Makefile.modbuiltin obj=block
make -f ./scripts/Makefile.modbuiltin obj=security/keys
(for m in fs/erofs/erofs.ko; do echo $m; done;	\
cat /dev/null ) > fs/erofs/modules.builtin
(for m in ; do echo $m; done;	\
cat /dev/null ) > fs/debugfs/modules.builtin
(for m in ; do echo $m; done;	\
cat /dev/null ) > fs/devpts/modules.builtin
make -f ./scripts/Makefile.modbuiltin obj=drivers
make -f ./scripts/Makefile.modbuiltin obj=fs/exportfs
(for m in ; do echo $m; done;	\
cat /dev/null ) > security/integrity/modules.builtin
make -f ./scripts/Makefile.modbuiltin obj=fs/ext4
(for m in ; do echo $m; done;	\
cat /dev/null ) > security/keys/modules.builtin
(for m in fs/ext4/ext4.ko; do echo $m; done;	\
cat /dev/null ) > fs/ext4/modules.builtin
make -f ./scripts/Makefile.modbuiltin obj=fs/f2fs
make -f ./scripts/Makefile.modbuiltin obj=block/partitions
(for m in fs/f2fs/f2fs.ko; do echo $m; done;	\
cat /dev/null ) > fs/f2fs/modules.builtin
make -f ./scripts/Makefile.modbuiltin obj=sound
(for m in fs/exportfs/exportfs.ko; do echo $m; done;	\
cat /dev/null ) > fs/exportfs/modules.builtin
make -f ./scripts/Makefile.modbuiltin obj=drivers/amba
make -f ./scripts/Makefile.modbuiltin obj=fs/fat
make -f ./scripts/Makefile.modbuiltin obj=techpack
make -f ./scripts/Makefile.modbuiltin obj=security/selinux
(for m in ; do echo $m; done;	\
cat /dev/null ) > drivers/amba/modules.builtin
(for m in ; do echo $m; done;	\
cat /dev/null ) > block/partitions/modules.builtin
make -f ./scripts/Makefile.modbuiltin obj=sound/arm
(for m in fs/fat/fat.ko fs/fat/vfat.ko fs/fat/msdos.ko; do echo $m; done;	\
cat /dev/null ) > fs/fat/modules.builtin
make -f ./scripts/Makefile.modbuiltin obj=drivers/android
(for m in block/mq-deadline.ko block/kyber-iosched.ko block/bfq.ko block/blk-mq-virtio.ko; do echo $m; done;	\
cat /dev/null block/partitions/modules.builtin) > block/modules.builtin
make -f ./scripts/Makefile.modbuiltin obj=fs/fuse
make -f ./scripts/Makefile.modbuiltin obj=fs/incfs
(for m in ; do echo $m; done;	\
cat /dev/null ) > sound/arm/modules.builtin
(for m in fs/incfs/incrementalfs.ko; do echo $m; done;	\
cat /dev/null ) > fs/incfs/modules.builtin
(for m in ; do echo $m; done;	\
cat /dev/null ) > security/selinux/modules.builtin
(for m in ; do echo $m; done;	\
cat /dev/null ) > drivers/android/modules.builtin
make -f ./scripts/Makefile.modbuiltin obj=kernel/bpf
make -f ./scripts/Makefile.modbuiltin obj=sound/atmel
make -f ./scripts/Makefile.modbuiltin obj=kernel/cgroup
(for m in ; do echo $m; done;	\
cat /dev/null security/integrity/modules.builtin security/keys/modules.builtin security/selinux/modules.builtin) > security/modules.builtin
make -f ./scripts/Makefile.modbuiltin obj=drivers/auxdisplay
make -f ./scripts/Makefile.modbuiltin obj=kernel/dma
make -f ./scripts/Makefile.modbuiltin obj=techpack/audio
(for m in fs/fuse/fuse.ko; do echo $m; done;	\
cat /dev/null ) > fs/fuse/modules.builtin
(for m in ; do echo $m; done;	\
cat /dev/null ) > kernel/cgroup/modules.builtin
(for m in ; do echo $m; done;	\
cat /dev/null ) > kernel/bpf/modules.builtin
make -f ./scripts/Makefile.modbuiltin obj=fs/iomap
(for m in ; do echo $m; done;	\
cat /dev/null ) > kernel/dma/modules.builtin
make -f ./scripts/Makefile.modbuiltin obj=fs/jbd2
(for m in ; do echo $m; done;	\
cat /dev/null ) > sound/atmel/modules.builtin
make -f ./scripts/Makefile.modbuiltin obj=techpack/camera
(for m in ; do echo $m; done;	\
cat /dev/null ) > drivers/auxdisplay/modules.builtin
make -f ./scripts/Makefile.modbuiltin obj=kernel/events
"QGKI Spectra Camera Building as DLKM"
"SPECTRA_CAMERA IS MODULAR"
"SPECTRA_CAMERA IS MODULAR"
make -f ./scripts/Makefile.modbuiltin obj=drivers/base
make -f ./scripts/Makefile.modbuiltin obj=techpack/camera/drivers
(for m in fs/jbd2/jbd2.ko; do echo $m; done;	\
cat /dev/null ) > fs/jbd2/modules.builtin
make -f ./scripts/Makefile.modbuiltin obj=techpack/audio/asoc
make -f ./scripts/Makefile.modbuiltin obj=sound/core
(for m in ; do echo $m; done;	\
cat /dev/null ) > fs/iomap/modules.builtin
make -f ./scripts/Makefile.modbuiltin obj=sound/drivers
make -f ./scripts/Makefile.modbuiltin obj=drivers/base/firmware_loader
make -f ./scripts/Makefile.modbuiltin obj=fs/kernfs
(for m in ; do echo $m; done;	\
cat /dev/null ) > kernel/events/modules.builtin
make -f ./scripts/Makefile.modbuiltin obj=sound/drivers/mpu401
make -f ./scripts/Makefile.modbuiltin obj=kernel/irq
"SPECTRA CAMERA IS BUILT AS DLKM"
(for m in ; do echo $m; done;	\
cat /dev/null ) > techpack/camera/drivers/modules.builtin
(for m in ; do echo $m; done;	\
cat /dev/null ) > sound/drivers/mpu401/modules.builtin
make -f ./scripts/Makefile.modbuiltin obj=drivers/base/firmware_loader/builtin
(for m in ; do echo $m; done;	\
cat /dev/null techpack/camera/drivers/modules.builtin) > techpack/camera/modules.builtin
(for m in sound/core/snd.ko sound/core/snd-hwdep.ko sound/core/snd-timer.ko sound/core/snd-hrtimer.ko sound/core/snd-pcm.ko sound/core/snd-pcm-dmaengine.ko sound/core/snd-rawmidi.ko sound/core/snd-compress.ko; do echo $m; done;	\
cat /dev/null ) > sound/core/modules.builtin
make -f ./scripts/Makefile.modbuiltin obj=sound/drivers/opl3
make -f ./scripts/Makefile.modbuiltin obj=techpack/audio/dsp
make -f ./scripts/Makefile.modbuiltin obj=techpack/dataipa
(for m in ; do echo $m; done;	\
cat /dev/null ) > sound/drivers/opl3/modules.builtin
(for m in ; do echo $m; done;	\
cat /dev/null ) > fs/kernfs/modules.builtin
make -f ./scripts/Makefile.modbuiltin obj=techpack/dataipa/drivers/platform/msm
(for m in ; do echo $m; done;	\
cat /dev/null ) > kernel/irq/modules.builtin
(for m in ; do echo $m; done;	\
cat /dev/null ) > drivers/base/firmware_loader/builtin/modules.builtin
make -f ./scripts/Makefile.modbuiltin obj=sound/drivers/opl4
make -f ./scripts/Makefile.modbuiltin obj=fs/nls
(for m in drivers/base/firmware_loader/firmware_class.ko; do echo $m; done;	\
cat /dev/null drivers/base/firmware_loader/builtin/modules.builtin) > drivers/base/firmware_loader/modules.builtin
make -f ./scripts/Makefile.modbuiltin obj=kernel/livepatch
make -f ./scripts/Makefile.modbuiltin obj=drivers/base/power
(for m in fs/nls/nls_base.ko fs/nls/nls_cp437.ko fs/nls/nls_cp737.ko fs/nls/nls_cp775.ko fs/nls/nls_cp850.ko fs/nls/nls_cp852.ko fs/nls/nls_cp855.ko fs/nls/nls_cp857.ko fs/nls/nls_cp860.ko fs/nls/nls_cp861.ko fs/nls/nls_cp862.ko fs/nls/nls_cp863.ko fs/nls/nls_cp864.ko fs/nls/nls_cp865.ko fs/nls/nls_cp866.ko fs/nls/nls_cp869.ko fs/nls/nls_cp874.ko fs/nls/nls_cp932.ko fs/nls/nls_euc-jp.ko fs/nls/nls_cp936.ko fs/nls/nls_cp949.ko fs/nls/nls_cp950.ko fs/nls/nls_cp1250.ko fs/nls/nls_cp1251.ko fs/nls/nls_ascii.ko fs/nls/nls_iso8859-1.ko fs/nls/nls_iso8859-2.ko fs/nls/nls_iso8859-3.ko fs/nls/nls_iso8859-4.ko fs/nls/nls_iso8859-5.ko fs/nls/nls_iso8859-6.ko fs/nls/nls_iso8859-7.ko fs/nls/nls_cp1255.ko fs/nls/nls_iso8859-9.ko fs/nls/nls_iso8859-13.ko fs/nls/nls_iso8859-14.ko fs/nls/nls_iso8859-15.ko fs/nls/nls_koi8-r.ko fs/nls/nls_koi8-u.ko fs/nls/nls_koi8-ru.ko fs/nls/nls_utf8.ko fs/nls/mac-celtic.ko fs/nls/mac-centeuro.ko fs/nls/mac-croatian.ko fs/nls/mac-cyrillic.ko fs/nls/mac-gaelic.ko fs/nls/mac-greek.ko fs/nls/mac-iceland.ko fs/nls/mac-inuit.ko fs/nls/mac-romanian.ko fs/nls/mac-roman.ko fs/nls/mac-turkish.ko; do echo $m; done;	\
cat /dev/null ) > fs/nls/modules.builtin
(for m in ; do echo $m; done;	\
cat /dev/null ) > drivers/base/power/modules.builtin
make -f ./scripts/Makefile.modbuiltin obj=fs/notify
make -f ./scripts/Makefile.modbuiltin obj=drivers/base/regmap
make -f ./scripts/Makefile.modbuiltin obj=techpack/dataipa/drivers/platform/msm/gsi
(for m in ; do echo $m; done;	\
cat /dev/null ) > kernel/livepatch/modules.builtin
make -f ./scripts/Makefile.modbuiltin obj=fs/notify/dnotify
(for m in ; do echo $m; done;	\
cat /dev/null ) > sound/drivers/opl4/modules.builtin
make -f ./scripts/Makefile.modbuiltin obj=kernel/locking
(for m in drivers/base/regmap/regmap-i2c.ko drivers/base/regmap/regmap-spi.ko drivers/base/regmap/regmap-spmi.ko drivers/base/regmap/regmap-mmio.ko; do echo $m; done;	\
cat /dev/null ) > drivers/base/regmap/modules.builtin
(for m in ; do echo $m; done;	\
cat /dev/null ) > techpack/dataipa/drivers/platform/msm/gsi/modules.builtin
make -f ./scripts/Makefile.modbuiltin obj=sound/drivers/pcsp
(for m in ; do echo $m; done;	\
cat /dev/null ) > fs/notify/dnotify/modules.builtin
make -f ./scripts/Makefile.modbuiltin obj=drivers/base/test
make -f ./scripts/Makefile.modbuiltin obj=techpack/dataipa/drivers/platform/msm/ipa
make -f ./scripts/Makefile.modbuiltin obj=fs/notify/fanotify
(for m in ; do echo $m; done;	\
cat /dev/null ) > kernel/locking/modules.builtin
(for m in ; do echo $m; done;	\
cat /dev/null ) > sound/drivers/pcsp/modules.builtin
make -f ./scripts/Makefile.modbuiltin obj=kernel/power
make -f ./scripts/Makefile.modbuiltin obj=techpack/dataipa/drivers/platform/msm/ipa/ipa_clients
make -f ./scripts/Makefile.modbuiltin obj=sound/drivers/vx
(for m in ; do echo $m; done;	\
cat /dev/null ) > drivers/base/test/modules.builtin
(for m in ; do echo $m; done;	\
cat /dev/null ) > techpack/dataipa/drivers/platform/msm/ipa/ipa_clients/modules.builtin
(for m in ; do echo $m; done;	\
cat /dev/null drivers/base/firmware_loader/modules.builtin drivers/base/power/modules.builtin drivers/base/regmap/modules.builtin drivers/base/test/modules.builtin) > drivers/base/modules.builtin
(for m in ; do echo $m; done;	\
cat /dev/null ) > fs/notify/fanotify/modules.builtin
(for m in ; do echo $m; done;	\
cat /dev/null ) > sound/drivers/vx/modules.builtin
make -f ./scripts/Makefile.modbuiltin obj=techpack/dataipa/drivers/platform/msm/ipa/ipa_v3
(for m in ; do echo $m; done;	\
cat /dev/null sound/drivers/mpu401/modules.builtin sound/drivers/opl3/modules.builtin sound/drivers/opl4/modules.builtin sound/drivers/pcsp/modules.builtin sound/drivers/vx/modules.builtin) > sound/drivers/modules.builtin
make -f ./scripts/Makefile.modbuiltin obj=fs/notify/inotify
make -f ./scripts/Makefile.modbuiltin obj=drivers/block
(for m in ; do echo $m; done;	\
cat /dev/null ) > kernel/power/modules.builtin
make -f ./scripts/Makefile.modbuiltin obj=sound/firewire
make -f ./scripts/Makefile.modbuiltin obj=drivers/block/zram
make -f ./scripts/Makefile.modbuiltin obj=kernel/printk
(for m in ; do echo $m; done;	\
cat /dev/null ) > sound/firewire/modules.builtin
make -f ./scripts/Makefile.modbuiltin obj=sound/hda
(for m in ; do echo $m; done;	\
cat /dev/null ) > techpack/dataipa/drivers/platform/msm/ipa/ipa_v3/modules.builtin
(for m in ; do echo $m; done;	\
cat /dev/null ) > fs/notify/inotify/modules.builtin
(for m in ; do echo $m; done;	\
cat /dev/null ) > kernel/printk/modules.builtin
(for m in ; do echo $m; done;	\
cat /dev/null ) > sound/hda/modules.builtin
(for m in ; do echo $m; done;	\
cat /dev/null fs/notify/dnotify/modules.builtin fs/notify/fanotify/modules.builtin fs/notify/inotify/modules.builtin) > fs/notify/modules.builtin
(for m in techpack/dataipa/drivers/platform/msm/ipa/ipam.ko; do echo $m; done;	\
cat /dev/null techpack/dataipa/drivers/platform/msm/ipa/ipa_clients/modules.builtin techpack/dataipa/drivers/platform/msm/ipa/ipa_v3/modules.builtin) > techpack/dataipa/drivers/platform/msm/ipa/modules.builtin
(for m in drivers/block/zram/zram.ko; do echo $m; done;	\
cat /dev/null ) > drivers/block/zram/modules.builtin
make -f ./scripts/Makefile.modbuiltin obj=sound/i2c
(for m in ; do echo $m; done;	\
cat /dev/null techpack/dataipa/drivers/platform/msm/gsi/modules.builtin techpack/dataipa/drivers/platform/msm/ipa/modules.builtin) > techpack/dataipa/drivers/platform/msm/modules.builtin
make -f ./scripts/Makefile.modbuiltin obj=kernel/rcu
make -f ./scripts/Makefile.modbuiltin obj=fs/overlayfs
(for m in ; do echo $m; done;	\
cat /dev/null techpack/dataipa/drivers/platform/msm/modules.builtin) > techpack/dataipa/modules.builtin
(for m in drivers/block/brd.ko drivers/block/loop.ko drivers/block/neuron_block_server.ko; do echo $m; done;	\
cat /dev/null drivers/block/zram/modules.builtin) > drivers/block/modules.builtin
make -f ./scripts/Makefile.modbuiltin obj=drivers/bluetooth
make -f ./scripts/Makefile.modbuiltin obj=techpack/datarmnet
make -f ./scripts/Makefile.modbuiltin obj=sound/i2c/other
(for m in ; do echo $m; done;	\
cat /dev/null ) > kernel/rcu/modules.builtin
make -f ./scripts/Makefile.modbuiltin obj=techpack/datarmnet/core
(for m in fs/overlayfs/overlay.ko; do echo $m; done;	\
cat /dev/null ) > fs/overlayfs/modules.builtin
make -f ./scripts/Makefile.modbuiltin obj=fs/proc
(for m in ; do echo $m; done;	\
cat /dev/null ) > techpack/datarmnet/core/modules.builtin
(for m in drivers/bluetooth/btsdio.ko; do echo $m; done;	\
cat /dev/null ) > drivers/bluetooth/modules.builtin
(for m in ; do echo $m; done;	\
cat /dev/null ) > sound/i2c/other/modules.builtin
(for m in ; do echo $m; done;	\
cat /dev/null techpack/datarmnet/core/modules.builtin) > techpack/datarmnet/modules.builtin
make -f ./scripts/Makefile.modbuiltin obj=drivers/bus
make -f ./scripts/Makefile.modbuiltin obj=kernel/sched
(for m in ; do echo $m; done;	\
cat /dev/null sound/i2c/other/modules.builtin) > sound/i2c/modules.builtin
make -f ./scripts/Makefile.modbuiltin obj=kernel/time
(for m in ; do echo $m; done;	\
cat /dev/null ) > fs/proc/modules.builtin
make -f ./scripts/Makefile.modbuiltin obj=sound/isa
make -f ./scripts/Makefile.modbuiltin obj=drivers/bus/mhi
make -f ./scripts/Makefile.modbuiltin obj=fs/pstore
(for m in ; do echo $m; done;	\
cat /dev/null ) > kernel/time/modules.builtin
make -f ./scripts/Makefile.modbuiltin obj=kernel/sched/walt
make -f ./scripts/Makefile.modbuiltin obj=techpack/audio/dsp/codecs
make -f ./scripts/Makefile.modbuiltin obj=fs/quota
make -f ./scripts/Makefile.modbuiltin obj=techpack/audio/asoc/codecs
(for m in ; do echo $m; done;	\
cat /dev/null ) > kernel/sched/walt/modules.builtin
(for m in fs/pstore/pstore.ko fs/pstore/ramoops.ko; do echo $m; done;	\
cat /dev/null ) > fs/pstore/modules.builtin
make -f ./scripts/Makefile.modbuiltin obj=sound/isa/ad1816a
make -f ./scripts/Makefile.modbuiltin obj=drivers/bus/mhi/controllers
(for m in fs/quota/quota_v2.ko fs/quota/quota_tree.ko; do echo $m; done;	\
cat /dev/null ) > fs/quota/modules.builtin
(for m in ; do echo $m; done;	\
cat /dev/null kernel/sched/walt/modules.builtin) > kernel/sched/modules.builtin
make -f ./scripts/Makefile.modbuiltin obj=techpack/audio/asoc/iio
make -f ./scripts/Makefile.modbuiltin obj=fs/ramfs
make -f ./scripts/Makefile.modbuiltin obj=kernel/trace
(for m in ; do echo $m; done;	\
cat /dev/null ) > sound/isa/ad1816a/modules.builtin
(for m in ; do echo $m; done;	\
cat /dev/null ) > techpack/audio/asoc/iio/modules.builtin
(for m in ; do echo $m; done;	\
cat /dev/null ) > drivers/bus/mhi/controllers/modules.builtin
make -f ./scripts/Makefile.modbuiltin obj=sound/isa/ad1848
make -f ./scripts/Makefile.modbuiltin obj=drivers/bus/mhi/core
make -f ./scripts/Makefile.modbuiltin obj=sound/isa/cs423x
(for m in ; do echo $m; done;	\
cat /dev/null ) > kernel/trace/modules.builtin
(for m in ; do echo $m; done;	\
cat /dev/null ) > fs/ramfs/modules.builtin
(for m in kernel/configs.ko kernel/kheaders.ko; do echo $m; done;	\
cat /dev/null kernel/bpf/modules.builtin kernel/cgroup/modules.builtin kernel/dma/modules.builtin kernel/events/modules.builtin kernel/irq/modules.builtin kernel/livepatch/modules.builtin kernel/locking/modules.builtin kernel/power/modules.builtin kernel/printk/modules.builtin kernel/rcu/modules.builtin kernel/sched/modules.builtin kernel/time/modules.builtin kernel/trace/modules.builtin) > kernel/modules.builtin
make -f ./scripts/Makefile.modbuiltin obj=fs/sysfs
(for m in ; do echo $m; done;	\
cat /dev/null ) > sound/isa/cs423x/modules.builtin
make -f ./scripts/Makefile.modbuiltin obj=fs/tracefs
make -f ./scripts/Makefile.modbuiltin obj=fs/unicode
(for m in ; do echo $m; done;	\
cat /dev/null ) > sound/isa/ad1848/modules.builtin
(for m in ; do echo $m; done;	\
cat /dev/null ) > fs/sysfs/modules.builtin
(for m in drivers/bus/mhi/core/mhi_bus.ko; do echo $m; done;	\
cat /dev/null ) > drivers/bus/mhi/core/modules.builtin
make -f ./scripts/Makefile.modbuiltin obj=sound/isa/es1688
(for m in ; do echo $m; done;	\
cat /dev/null ) > fs/tracefs/modules.builtin
(for m in ; do echo $m; done;	\
cat /dev/null ) > fs/unicode/modules.builtin
make -f ./scripts/Makefile.modbuiltin obj=sound/isa/galaxy
make -f ./scripts/Makefile.modbuiltin obj=drivers/bus/mhi/devices
make -f ./scripts/Makefile.modbuiltin obj=sound/isa/gus
make -f ./scripts/Makefile.modbuiltin obj=fs/verity
(for m in ; do echo $m; done;	\
(for m in drivers/bus/mhi/devices/mhi_uci.ko; do echo $m; done;	\
cat /dev/null ) > sound/isa/gus/modules.builtin
cat /dev/null ) > drivers/bus/mhi/devices/modules.builtin
(for m in ; do echo $m; done;	\
cat /dev/null ) > fs/verity/modules.builtin
(for m in ; do echo $m; done;	\
cat /dev/null drivers/bus/mhi/controllers/modules.builtin drivers/bus/mhi/core/modules.builtin drivers/bus/mhi/devices/modules.builtin) > drivers/bus/mhi/modules.builtin
make -f ./scripts/Makefile.modbuiltin obj=net
(for m in ; do echo $m; done;	\
cat /dev/null ) > sound/isa/es1688/modules.builtin
(for m in ; do echo $m; done;	\
cat /dev/null ) > sound/isa/galaxy/modules.builtin
(for m in fs/binfmt_misc.ko fs/binfmt_script.ko fs/mbcache.ko; do echo $m; done;	\
cat /dev/null fs/configfs/modules.builtin fs/crypto/modules.builtin fs/debugfs/modules.builtin fs/devpts/modules.builtin fs/erofs/modules.builtin fs/exportfs/modules.builtin fs/ext4/modules.builtin fs/f2fs/modules.builtin fs/fat/modules.builtin fs/fuse/modules.builtin fs/incfs/modules.builtin fs/iomap/modules.builtin fs/jbd2/modules.builtin fs/kernfs/modules.builtin fs/nls/modules.builtin fs/notify/modules.builtin fs/overlayfs/modules.builtin fs/proc/modules.builtin fs/pstore/modules.builtin fs/quota/modules.builtin fs/ramfs/modules.builtin fs/sysfs/modules.builtin fs/tracefs/modules.builtin fs/unicode/modules.builtin fs/verity/modules.builtin) > fs/modules.builtin
(for m in ; do echo $m; done;	\
cat /dev/null drivers/bus/mhi/modules.builtin) > drivers/bus/modules.builtin
make -f ./scripts/Makefile.modbuiltin obj=sound/isa/msnd
make -f ./scripts/Makefile.modbuiltin obj=sound/isa/opti9xx
make -f ./scripts/Makefile.modbuiltin obj=drivers/cdrom
make -f ./scripts/Makefile.modbuiltin obj=drivers/char
(for m in ; do echo $m; done;	\
cat /dev/null ) > sound/isa/msnd/modules.builtin
(for m in ; do echo $m; done;	\
cat /dev/null ) > sound/isa/opti9xx/modules.builtin
make -f ./scripts/Makefile.modbuiltin obj=drivers/char/ipmi
make -f ./scripts/Makefile.modbuiltin obj=net/802
make -f ./scripts/Makefile.modbuiltin obj=sound/isa/sb
(for m in ; do echo $m; done;	\
cat /dev/null ) > drivers/cdrom/modules.builtin
make -f ./scripts/Makefile.modbuiltin obj=drivers/char/agp
make -f ./scripts/Makefile.modbuiltin obj=sound/isa/wavefront
(for m in ; do echo $m; done;	\
cat /dev/null ) > sound/isa/wavefront/modules.builtin
(for m in ; do echo $m; done;	\
cat /dev/null ) > drivers/char/ipmi/modules.builtin
make -f ./scripts/Makefile.modbuiltin obj=sound/mips
(for m in net/802/p8022.ko net/802/psnap.ko net/802/stp.ko; do echo $m; done;	\
cat /dev/null ) > net/802/modules.builtin
(for m in ; do echo $m; done;	\
cat /dev/null ) > sound/isa/sb/modules.builtin
make -f ./scripts/Makefile.modbuiltin obj=net/bluetooth
make -f ./scripts/Makefile.modbuiltin obj=drivers/char/hw_random
make -f ./scripts/Makefile.modbuiltin obj=crypto/asymmetric_keys
make -f ./scripts/Makefile.modbuiltin obj=sound/isa/wss
(for m in ; do echo $m; done;	\
cat /dev/null ) > drivers/char/agp/modules.builtin
make -f ./scripts/Makefile.modbuiltin obj=drivers/clk
(for m in ; do echo $m; done;	\
cat /dev/null ) > sound/isa/wss/modules.builtin
(for m in ; do echo $m; done;	\
cat /dev/null ) > sound/mips/modules.builtin
(for m in ; do echo $m; done;	\
cat /dev/null sound/isa/ad1816a/modules.builtin sound/isa/ad1848/modules.builtin sound/isa/cs423x/modules.builtin sound/isa/es1688/modules.builtin sound/isa/galaxy/modules.builtin sound/isa/gus/modules.builtin sound/isa/msnd/modules.builtin sound/isa/opti9xx/modules.builtin sound/isa/sb/modules.builtin sound/isa/wavefront/modules.builtin sound/isa/wss/modules.builtin) > sound/isa/modules.builtin
make -f ./scripts/Makefile.modbuiltin obj=drivers/clocksource
make -f ./scripts/Makefile.modbuiltin obj=sound/parisc
make -f ./scripts/Makefile.modbuiltin obj=drivers/clk/actions
(for m in drivers/char/hw_random/rng-core.ko drivers/char/hw_random/hisi-rng.ko drivers/char/hw_random/msm_rng.ko; do echo $m; done;	\
cat /dev/null ) > drivers/char/hw_random/modules.builtin
(for m in crypto/asymmetric_keys/public_key.ko crypto/asymmetric_keys/x509_key_parser.ko crypto/asymmetric_keys/pkcs7_message.ko; do echo $m; done;	\
cat /dev/null ) > crypto/asymmetric_keys/modules.builtin
(for m in ; do echo $m; done;	\
cat /dev/null ) > sound/parisc/modules.builtin
(for m in ; do echo $m; done;	\
cat /dev/null ) > drivers/clk/actions/modules.builtin
make -f ./scripts/Makefile.modbuiltin obj=net/bluetooth/hidp
(for m in crypto/crypto.ko crypto/crypto_engine.ko crypto/crypto_algapi.ko crypto/aead.ko crypto/crypto_blkcipher.ko crypto/seqiv.ko crypto/echainiv.ko crypto/crypto_hash.ko crypto/akcipher.ko crypto/kpp.ko crypto/rsa_generic.ko crypto/crypto_acompress.ko crypto/cryptomgr.ko crypto/cmac.ko crypto/hmac.ko crypto/xcbc.ko crypto/crypto_null.ko crypto/md5.ko crypto/sha1_generic.ko crypto/sha256_generic.ko crypto/sha512_generic.ko crypto/blake2b_generic.ko crypto/gf128mul.ko crypto/ecb.ko crypto/cbc.ko crypto/cts.ko crypto/xts.ko crypto/ctr.ko crypto/adiantum.ko crypto/nhpoly1305.ko crypto/gcm.ko crypto/ccm.ko crypto/chacha20poly1305.ko crypto/cryptd.ko crypto/des_generic.ko crypto/aes_generic.ko crypto/chacha_generic.ko crypto/poly1305_generic.ko crypto/deflate.ko crypto/crc32c_generic.ko crypto/crc32_generic.ko crypto/authenc.ko crypto/authencesn.ko crypto/lzo.ko crypto/lzo-rle.ko crypto/lz4.ko crypto/rng.ko crypto/ansi_cprng.ko crypto/drbg.ko crypto/jitterentropy_rng.ko crypto/ghash-generic.ko crypto/zstd.ko crypto/ecc.ko crypto/essiv.ko crypto/ecdh_generic.ko crypto/crypto_simd.ko; do echo $m; done;	\
cat /dev/null crypto/asymmetric_keys/modules.builtin) > crypto/modules.builtin
make -f ./scripts/Makefile.modbuiltin obj=sound/pci
make -f ./scripts/Makefile.modbuiltin obj=drivers/clk/analogbits
(for m in drivers/char/frpc-adsprpc.ko; do echo $m; done;	\
cat /dev/null drivers/char/agp/modules.builtin drivers/char/hw_random/modules.builtin) > drivers/char/modules.builtin
make -f ./scripts/Makefile.modbuiltin obj=sound/pcmcia
make -f ./scripts/Makefile.modbuiltin obj=sound/ppc
(for m in ; do echo $m; done;	\
cat /dev/null ) > drivers/clocksource/modules.builtin
(for m in net/bluetooth/hidp/hidp.ko; do echo $m; done;	\
cat /dev/null ) > net/bluetooth/hidp/modules.builtin
make -f ./scripts/Makefile.modbuiltin obj=sound/pci/ac97
make -f ./scripts/Makefile.modbuiltin obj=sound/pcmcia/pdaudiocf
(for m in ; do echo $m; done;	\
cat /dev/null ) > drivers/clk/analogbits/modules.builtin
make -f ./scripts/Makefile.modbuiltin obj=sound/pci/ali5451
make -f ./scripts/Makefile.modbuiltin obj=net/bluetooth/rfcomm
make -f ./scripts/Makefile.modbuiltin obj=drivers/clk/bcm
(for m in ; do echo $m; done;	\
cat /dev/null ) > sound/pci/ali5451/modules.builtin
(for m in ; do echo $m; done;	\
cat /dev/null ) > sound/pci/ac97/modules.builtin
(for m in ; do echo $m; done;	\
cat /dev/null ) > sound/pcmcia/pdaudiocf/modules.builtin
(for m in ; do echo $m; done;	\
cat /dev/null ) > sound/ppc/modules.builtin
make -f ./scripts/Makefile.modbuiltin obj=drivers/clk/hisilicon
make -f ./scripts/Makefile.modbuiltin obj=sound/pcmcia/vx
make -f ./scripts/Makefile.modbuiltin obj=sound/pci/asihpi
(for m in net/bluetooth/rfcomm/rfcomm.ko; do echo $m; done;	\
cat /dev/null ) > net/bluetooth/rfcomm/modules.builtin
(for m in ; do echo $m; done;	\
cat /dev/null ) > techpack/audio/dsp/codecs/modules.builtin
make -f ./scripts/Makefile.modbuiltin obj=sound/pci/au88x0
(for m in drivers/clk/hisilicon/crg-hi3516cv300.ko drivers/clk/hisilicon/clk-hi3519.ko drivers/clk/hisilicon/crg-hi3798cv200.ko; do echo $m; done;	\
cat /dev/null ) > drivers/clk/hisilicon/modules.builtin
(for m in ; do echo $m; done;	\
cat /dev/null techpack/audio/dsp/codecs/modules.builtin) > techpack/audio/dsp/modules.builtin
(for m in net/bluetooth/bluetooth.ko; do echo $m; done;	\
cat /dev/null net/bluetooth/hidp/modules.builtin net/bluetooth/rfcomm/modules.builtin) > net/bluetooth/modules.builtin
(for m in ; do echo $m; done;	\
cat /dev/null ) > sound/pcmcia/vx/modules.builtin
make -f ./scripts/Makefile.modbuiltin obj=sound/pci/aw2
(for m in ; do echo $m; done;	\
cat /dev/null ) > drivers/clk/bcm/modules.builtin
make -f ./scripts/Makefile.modbuiltin obj=net/bpf
(for m in ; do echo $m; done;	\
cat /dev/null ) > sound/pci/au88x0/modules.builtin
make -f ./scripts/Makefile.modbuiltin obj=sound/pci/ca0106
(for m in ; do echo $m; done;	\
cat /dev/null ) > sound/pci/aw2/modules.builtin
make -f ./scripts/Makefile.modbuiltin obj=drivers/clk/imgtec
(for m in ; do echo $m; done;	\
cat /dev/null sound/pcmcia/pdaudiocf/modules.builtin sound/pcmcia/vx/modules.builtin) > sound/pcmcia/modules.builtin
make -f ./scripts/Makefile.modbuiltin obj=techpack/audio/asoc/codecs/bolero
(for m in ; do echo $m; done;	\
cat /dev/null ) > sound/pci/asihpi/modules.builtin
make -f ./scripts/Makefile.modbuiltin obj=drivers/clk/imx
make -f ./scripts/Makefile.modbuiltin obj=drivers/clk/ingenic
make -f ./scripts/Makefile.modbuiltin obj=drivers/clk/mediatek
(for m in ; do echo $m; done;	\
cat /dev/null ) > drivers/clk/imgtec/modules.builtin
(for m in ; do echo $m; done;	\
cat /dev/null ) > sound/pci/ca0106/modules.builtin
make -f ./scripts/Makefile.modbuiltin obj=drivers/clk/mvebu
make -f ./scripts/Makefile.modbuiltin obj=sound/pci/cs46xx
(for m in ; do echo $m; done;	\
cat /dev/null ) > drivers/clk/mediatek/modules.builtin
make -f ./scripts/Makefile.modbuiltin obj=drivers/clk/qcom
(for m in ; do echo $m; done;	\
cat /dev/null ) > drivers/clk/imx/modules.builtin
(for m in ; do echo $m; done;	\
cat /dev/null ) > net/bpf/modules.builtin
(for m in ; do echo $m; done;	\
cat /dev/null ) > sound/pci/cs46xx/modules.builtin
make -f ./scripts/Makefile.modbuiltin obj=techpack/audio/asoc/codecs/rouleur
make -f ./scripts/Makefile.modbuiltin obj=techpack/audio/asoc/codecs/wcd934x
make -f ./scripts/Makefile.modbuiltin obj=net/bridge
(for m in ; do echo $m; done;	\
cat /dev/null ) > drivers/clk/ingenic/modules.builtin
make -f ./scripts/Makefile.modbuiltin obj=sound/pci/cs5535audio
make -f ./scripts/Makefile.modbuiltin obj=sound/pci/ctxfi
(for m in drivers/clk/qcom/clk-qcom.ko drivers/clk/qcom/clk-dummy.ko drivers/clk/qcom/clk-aop-qmp.ko drivers/clk/qcom/debugcc-lahaina.ko drivers/clk/qcom/dispcc-lahaina.ko drivers/clk/qcom/gcc-lahaina.ko drivers/clk/qcom/gpucc-lahaina.ko drivers/clk/qcom/camcc-lahaina.ko drivers/clk/qcom/videocc-lahaina.ko drivers/clk/qcom/clk-rpmh.ko drivers/clk/qcom/camcc-shima.ko drivers/clk/qcom/camcc-yupik.ko drivers/clk/qcom/debugcc-shima.ko drivers/clk/qcom/debugcc-yupik.ko drivers/clk/qcom/dispcc-shima.ko drivers/clk/qcom/dispcc-yupik.ko drivers/clk/qcom/gcc-shima.ko drivers/clk/qcom/gcc-yupik.ko drivers/clk/qcom/gpucc-shima.ko drivers/clk/qcom/gpucc-yupik.ko drivers/clk/qcom/videocc-shima.ko drivers/clk/qcom/videocc-yupik.ko; do echo $m; done;	\
cat /dev/null ) > drivers/clk/qcom/modules.builtin
(for m in ; do echo $m; done;	\
cat /dev/null ) > drivers/clk/mvebu/modules.builtin
make -f ./scripts/Makefile.modbuiltin obj=sound/pci/echoaudio
(for m in ; do echo $m; done;	\
cat /dev/null ) > sound/pci/ctxfi/modules.builtin
make -f ./scripts/Makefile.modbuiltin obj=drivers/clk/renesas
(for m in ; do echo $m; done;	\
cat /dev/null ) > sound/pci/cs5535audio/modules.builtin
make -f ./scripts/Makefile.modbuiltin obj=drivers/clk/sunxi
(for m in ; do echo $m; done;	\
cat /dev/null ) > sound/pci/echoaudio/modules.builtin
make -f ./scripts/Makefile.modbuiltin obj=drivers/clk/ti
make -f ./scripts/Makefile.modbuiltin obj=net/bridge/netfilter
make -f ./scripts/Makefile.modbuiltin obj=sound/pci/emu10k1
(for m in ; do echo $m; done;	\
cat /dev/null ) > drivers/clk/ti/modules.builtin
(for m in ; do echo $m; done;	\
cat /dev/null ) > drivers/clk/sunxi/modules.builtin
(for m in ; do echo $m; done;	\
cat /dev/null ) > drivers/clk/renesas/modules.builtin
make -f ./scripts/Makefile.modbuiltin obj=sound/pci/hda
make -f ./scripts/Makefile.modbuiltin obj=sound/pci/ice1712
(for m in drivers/clk/clk-scpi.ko; do echo $m; done;	\
cat /dev/null drivers/clk/actions/modules.builtin drivers/clk/analogbits/modules.builtin drivers/clk/bcm/modules.builtin drivers/clk/hisilicon/modules.builtin drivers/clk/imgtec/modules.builtin drivers/clk/imx/modules.builtin drivers/clk/ingenic/modules.builtin drivers/clk/mediatek/modules.builtin drivers/clk/mvebu/modules.builtin drivers/clk/qcom/modules.builtin drivers/clk/renesas/modules.builtin drivers/clk/sunxi/modules.builtin drivers/clk/ti/modules.builtin) > drivers/clk/modules.builtin
make -f ./scripts/Makefile.modbuiltin obj=drivers/cpufreq
(for m in ; do echo $m; done;	\
cat /dev/null ) > sound/pci/hda/modules.builtin
(for m in net/bridge/netfilter/ebtables.ko net/bridge/netfilter/ebtable_broute.ko; do echo $m; done;	\
cat /dev/null ) > net/bridge/netfilter/modules.builtin
(for m in ; do echo $m; done;	\
cat /dev/null ) > sound/pci/emu10k1/modules.builtin
make -f ./scripts/Makefile.modbuiltin obj=techpack/audio/asoc/codecs/wcd937x
(for m in net/bridge/bridge.ko; do echo $m; done;	\
cat /dev/null net/bridge/netfilter/modules.builtin) > net/bridge/modules.builtin
(for m in drivers/cpufreq/cpufreq_performance.ko drivers/cpufreq/cpufreq_powersave.ko drivers/cpufreq/cpufreq_conservative.ko drivers/cpufreq/qcom-cpufreq-hw.ko drivers/cpufreq/scmi-cpufreq.ko drivers/cpufreq/scpi-cpufreq.ko; do echo $m; done;	\
cat /dev/null ) > drivers/cpufreq/modules.builtin
(for m in ; do echo $m; done;	\
cat /dev/null ) > sound/pci/ice1712/modules.builtin
make -f ./scripts/Makefile.modbuiltin obj=drivers/cpuidle
make -f ./scripts/Makefile.modbuiltin obj=net/core
make -f ./scripts/Makefile.modbuiltin obj=net/ethernet
make -f ./scripts/Makefile.modbuiltin obj=sound/pci/korg1212
make -f ./scripts/Makefile.modbuiltin obj=drivers/cpuidle/governors
(for m in ; do echo $m; done;	\
cat /dev/null ) > net/core/modules.builtin
(for m in ; do echo $m; done;	\
cat /dev/null ) > drivers/cpuidle/governors/modules.builtin
(for m in ; do echo $m; done;	\
cat /dev/null ) > net/ethernet/modules.builtin
make -f ./scripts/Makefile.modbuiltin obj=sound/pci/lola
(for m in drivers/cpuidle/lpm-levels.ko drivers/cpuidle/lpm-levels-of.ko; do echo $m; done;	\
cat /dev/null drivers/cpuidle/governors/modules.builtin) > drivers/cpuidle/modules.builtin
make -f ./scripts/Makefile.modbuiltin obj=net/ipv4
(for m in ; do echo $m; done;	\
cat /dev/null ) > sound/pci/korg1212/modules.builtin
make -f ./scripts/Makefile.modbuiltin obj=net/ipv6
make -f ./scripts/Makefile.modbuiltin obj=drivers/crypto
make -f ./scripts/Makefile.modbuiltin obj=net/ipv4/netfilter
(for m in ; do echo $m; done;	\
cat /dev/null ) > sound/pci/lola/modules.builtin
make -f ./scripts/Makefile.modbuiltin obj=drivers/crypto/hisilicon
(for m in ; do echo $m; done;	\
cat /dev/null ) > drivers/crypto/hisilicon/modules.builtin
(for m in net/ipv4/netfilter/nf_defrag_ipv4.ko net/ipv4/netfilter/nf_socket_ipv4.ko net/ipv4/netfilter/nf_tproxy_ipv4.ko net/ipv4/netfilter/nf_reject_ipv4.ko net/ipv4/netfilter/nf_nat_h323.ko net/ipv4/netfilter/nf_nat_pptp.ko net/ipv4/netfilter/ip_tables.ko net/ipv4/netfilter/iptable_filter.ko net/ipv4/netfilter/iptable_mangle.ko net/ipv4/netfilter/iptable_nat.ko net/ipv4/netfilter/iptable_raw.ko net/ipv4/netfilter/iptable_security.ko net/ipv4/netfilter/ipt_REJECT.ko net/ipv4/netfilter/arp_tables.ko net/ipv4/netfilter/arpt_mangle.ko net/ipv4/netfilter/arptable_filter.ko net/ipv4/netfilter/nf_dup_ipv4.ko; do echo $m; done;	\
cat /dev/null ) > net/ipv4/netfilter/modules.builtin
make -f ./scripts/Makefile.modbuiltin obj=net/ipv6/netfilter
make -f ./scripts/Makefile.modbuiltin obj=sound/pci/lx6464es
(for m in ; do echo $m; done;	\
cat /dev/null ) > sound/pci/lx6464es/modules.builtin
make -f ./scripts/Makefile.modbuiltin obj=drivers/crypto/msm
make -f ./scripts/Makefile.modbuiltin obj=sound/pci/mixart
(for m in net/ipv4/ip_tunnel.ko net/ipv4/ipip.ko net/ipv4/gre.ko net/ipv4/ip_gre.ko net/ipv4/udp_tunnel.ko net/ipv4/ip_vti.ko net/ipv4/esp4.ko net/ipv4/tunnel4.ko net/ipv4/inet_diag.ko net/ipv4/tcp_diag.ko net/ipv4/udp_diag.ko net/ipv4/tcp_cubic.ko; do echo $m; done;	\
cat /dev/null net/ipv4/netfilter/modules.builtin) > net/ipv4/modules.builtin
make -f ./scripts/Makefile.modbuiltin obj=net/key
(for m in net/ipv6/netfilter/ip6_tables.ko net/ipv6/netfilter/ip6table_filter.ko net/ipv6/netfilter/ip6table_mangle.ko net/ipv6/netfilter/ip6table_raw.ko net/ipv6/netfilter/nf_defrag_ipv6.ko net/ipv6/netfilter/nf_socket_ipv6.ko net/ipv6/netfilter/nf_tproxy_ipv6.ko net/ipv6/netfilter/nf_reject_ipv6.ko net/ipv6/netfilter/nf_dup_ipv6.ko net/ipv6/netfilter/ip6t_rpfilter.ko net/ipv6/netfilter/ip6t_REJECT.ko; do echo $m; done;	\
cat /dev/null ) > net/ipv6/netfilter/modules.builtin
(for m in ; do echo $m; done;	\
cat /dev/null ) > sound/pci/mixart/modules.builtin
(for m in drivers/crypto/msm/qce50.ko drivers/crypto/msm/qcedev-mod.ko drivers/crypto/msm/qcrypto-msm.ko; do echo $m; done;	\
cat /dev/null ) > drivers/crypto/msm/modules.builtin
(for m in net/ipv6/ipv6.ko net/ipv6/esp6.ko net/ipv6/ipcomp6.ko net/ipv6/xfrm6_tunnel.ko net/ipv6/tunnel6.ko net/ipv6/mip6.ko net/ipv6/ip6_vti.ko net/ipv6/sit.ko net/ipv6/ip6_tunnel.ko net/ipv6/ip6_gre.ko net/ipv6/inet6_hashtables.ko net/ipv6/ip6_udp_tunnel.ko; do echo $m; done;	\
cat /dev/null net/ipv6/netfilter/modules.builtin) > net/ipv6/modules.builtin
make -f ./scripts/Makefile.modbuiltin obj=sound/pci/nm256
(for m in net/key/af_key.ko; do echo $m; done;	\
cat /dev/null ) > net/key/modules.builtin
(for m in ; do echo $m; done;	\
cat /dev/null ) > sound/pci/nm256/modules.builtin
make -f ./scripts/Makefile.modbuiltin obj=sound/pci/oxygen
make -f ./scripts/Makefile.modbuiltin obj=techpack/audio/ipc
make -f ./scripts/Makefile.modbuiltin obj=net/l2tp
(for m in ; do echo $m; done;	\
cat /dev/null drivers/crypto/hisilicon/modules.builtin drivers/crypto/msm/modules.builtin) > drivers/crypto/modules.builtin
(for m in ; do echo $m; done;	\
cat /dev/null ) > techpack/audio/asoc/codecs/bolero/modules.builtin
(for m in ; do echo $m; done;	\
cat /dev/null ) > techpack/audio/asoc/codecs/rouleur/modules.builtin
make -f ./scripts/Makefile.modbuiltin obj=techpack/audio/asoc/codecs/wcd938x
make -f ./scripts/Makefile.modbuiltin obj=drivers/dax
make -f ./scripts/Makefile.modbuiltin obj=drivers/devfreq
(for m in ; do echo $m; done;	\
cat /dev/null ) > sound/pci/oxygen/modules.builtin
(for m in net/l2tp/l2tp_core.ko net/l2tp/l2tp_ppp.ko; do echo $m; done;	\
cat /dev/null ) > net/l2tp/modules.builtin
make -f ./scripts/Makefile.modbuiltin obj=drivers/dax/pmem
make -f ./scripts/Makefile.modbuiltin obj=drivers/devfreq/event
make -f ./scripts/Makefile.modbuiltin obj=net/llc
make -f ./scripts/Makefile.modbuiltin obj=sound/pci/pcxhr
(for m in net/llc/llc.ko; do echo $m; done;	\
cat /dev/null ) > net/llc/modules.builtin
(for m in ; do echo $m; done;	\
cat /dev/null ) > drivers/devfreq/event/modules.builtin
(for m in ; do echo $m; done;	\
cat /dev/null ) > techpack/audio/asoc/codecs/wcd934x/modules.builtin
make -f ./scripts/Makefile.modbuiltin obj=net/mac80211
(for m in ; do echo $m; done;	\
cat /dev/null ) > drivers/dax/pmem/modules.builtin
(for m in ; do echo $m; done;	\
cat /dev/null ) > sound/pci/pcxhr/modules.builtin
make -f ./scripts/Makefile.modbuiltin obj=net/netfilter
(for m in drivers/devfreq/governor_simpleondemand.ko drivers/devfreq/governor_performance.ko drivers/devfreq/governor_powersave.ko drivers/devfreq/governor_userspace.ko drivers/devfreq/governor_passive.ko drivers/devfreq/governor_cpufreq.ko drivers/devfreq/bimc-bwmon.ko drivers/devfreq/arm-memlat-mon.ko drivers/devfreq/governor_bw_hwmon.ko drivers/devfreq/governor_memlat.ko drivers/devfreq/devfreq_simple_dev.ko; do echo $m; done;	\
cat /dev/null drivers/devfreq/event/modules.builtin) > drivers/devfreq/modules.builtin
make -f ./scripts/Makefile.modbuiltin obj=sound/pci/riptide
(for m in drivers/dax/dax.ko; do echo $m; done;	\
cat /dev/null drivers/dax/pmem/modules.builtin) > drivers/dax/modules.builtin
make -f ./scripts/Makefile.modbuiltin obj=net/netlink
make -f ./scripts/Makefile.modbuiltin obj=drivers/dma
(for m in net/mac80211/mac80211.ko; do echo $m; done;	\
cat /dev/null ) > net/mac80211/modules.builtin
(for m in ; do echo $m; done;	\
cat /dev/null ) > sound/pci/riptide/modules.builtin
(for m in ; do echo $m; done;	\
cat /dev/null ) > net/netlink/modules.builtin
make -f ./scripts/Makefile.modbuiltin obj=drivers/dma-buf
(for m in net/netfilter/nfnetlink.ko net/netfilter/nfnetlink_queue.ko net/netfilter/nfnetlink_log.ko net/netfilter/nf_conntrack.ko net/netfilter/nf_conntrack_netlink.ko net/netfilter/nf_conntrack_amanda.ko net/netfilter/nf_conntrack_ftp.ko net/netfilter/nf_conntrack_h323.ko net/netfilter/nf_conntrack_irc.ko net/netfilter/nf_conntrack_broadcast.ko net/netfilter/nf_conntrack_netbios_ns.ko net/netfilter/nf_conntrack_pptp.ko net/netfilter/nf_conntrack_sane.ko net/netfilter/nf_conntrack_tftp.ko net/netfilter/nf_nat.ko net/netfilter/nf_nat_amanda.ko net/netfilter/nf_nat_ftp.ko net/netfilter/nf_nat_irc.ko net/netfilter/nf_nat_tftp.ko net/netfilter/nf_conncount.ko net/netfilter/x_tables.ko net/netfilter/xt_tcpudp.ko net/netfilter/xt_mark.ko net/netfilter/xt_connmark.ko net/netfilter/xt_nat.ko net/netfilter/xt_CLASSIFY.ko net/netfilter/xt_CONNSECMARK.ko net/netfilter/xt_CT.ko net/netfilter/xt_DSCP.ko net/netfilter/xt_NETMAP.ko net/netfilter/xt_NFLOG.ko net/netfilter/xt_NFQUEUE.ko net/netfilter/xt_REDIRECT.ko net/netfilter/xt_MASQUERADE.ko net/netfilter/xt_SECMARK.ko net/netfilter/xt_TPROXY.ko net/netfilter/xt_TCPMSS.ko net/netfilter/xt_TEE.ko net/netfilter/xt_TRACE.ko net/netfilter/xt_IDLETIMER.ko net/netfilter/xt_bpf.ko net/netfilter/xt_comment.ko net/netfilter/xt_connlimit.ko net/netfilter/xt_conntrack.ko net/netfilter/xt_dscp.ko net/netfilter/xt_ecn.ko net/netfilter/xt_esp.ko net/netfilter/xt_hashlimit.ko net/netfilter/xt_helper.ko net/netfilter/xt_hl.ko net/netfilter/xt_iprange.ko net/netfilter/xt_l2tp.ko net/netfilter/xt_length.ko net/netfilter/xt_limit.ko net/netfilter/xt_mac.ko net/netfilter/xt_multiport.ko net/netfilter/xt_owner.ko net/netfilter/xt_pkttype.ko net/netfilter/xt_policy.ko net/netfilter/xt_quota.ko net/netfilter/xt_quota2.ko net/netfilter/xt_socket.ko net/netfilter/xt_state.ko net/netfilter/xt_statistic.ko net/netfilter/xt_string.ko net/netfilter/xt_time.ko net/netfilter/xt_u32.ko; do echo $m; done;	\
cat /dev/null ) > net/netfilter/modules.builtin
make -f ./scripts/Makefile.modbuiltin obj=drivers/edac
make -f ./scripts/Makefile.modbuiltin obj=sound/pci/rme9652
make -f ./scripts/Makefile.modbuiltin obj=drivers/dma/mediatek
make -f ./scripts/Makefile.modbuiltin obj=net/neuron
(for m in drivers/edac/edac_core.ko drivers/edac/kryo_arm64_edac.ko; do echo $m; done;	\
cat /dev/null ) > drivers/edac/modules.builtin
make -f ./scripts/Makefile.modbuiltin obj=net/neuron/channel
(for m in ; do echo $m; done;	\
cat /dev/null ) > drivers/dma-buf/modules.builtin
(for m in ; do echo $m; done;	\
cat /dev/null ) > sound/pci/rme9652/modules.builtin
make -f ./scripts/Makefile.modbuiltin obj=sound/pci/trident
(for m in net/neuron/channel/ch_haven_recv.ko net/neuron/channel/ch_haven_send.ko; do echo $m; done;	\
cat /dev/null ) > net/neuron/channel/modules.builtin
(for m in ; do echo $m; done;	\
cat /dev/null ) > techpack/audio/asoc/codecs/wcd937x/modules.builtin
make -f ./scripts/Makefile.modbuiltin obj=drivers/dma/qcom
make -f ./scripts/Makefile.modbuiltin obj=net/packet
make -f ./scripts/Makefile.modbuiltin obj=net/qrtr
(for m in ; do echo $m; done;	\
cat /dev/null ) > drivers/dma/mediatek/modules.builtin
make -f ./scripts/Makefile.modbuiltin obj=net/neuron/protocol
(for m in ; do echo $m; done;	\
cat /dev/null ) > sound/pci/trident/modules.builtin
make -f ./scripts/Makefile.modbuiltin obj=techpack/audio/asoc/codecs/wsa883x
(for m in drivers/dma/qcom/gpi.ko; do echo $m; done;	\
cat /dev/null ) > drivers/dma/qcom/modules.builtin
make -f ./scripts/Makefile.modbuiltin obj=sound/pci/vx222
(for m in net/packet/af_packet.ko; do echo $m; done;	\
cat /dev/null ) > net/packet/modules.builtin
(for m in net/qrtr/qrtr.ko net/qrtr/ns.ko net/qrtr/qrtr-smd.ko net/qrtr/qrtr-mhi.ko net/qrtr/qrtr-haven.ko; do echo $m; done;	\
cat /dev/null ) > net/qrtr/modules.builtin
(for m in net/neuron/protocol/prot_block_server.ko; do echo $m; done;	\
cat /dev/null ) > net/neuron/protocol/modules.builtin
make -f ./scripts/Makefile.modbuiltin obj=drivers/dma/ti
make -f ./scripts/Makefile.modbuiltin obj=drivers/dma/xilinx
make -f ./scripts/Makefile.modbuiltin obj=sound/pci/ymfpci
(for m in ; do echo $m; done;	\
cat /dev/null ) > sound/pci/vx222/modules.builtin
(for m in ; do echo $m; done;	\
cat /dev/null ) > drivers/dma/xilinx/modules.builtin
(for m in ; do echo $m; done;	\
cat /dev/null ) > drivers/dma/ti/modules.builtin
(for m in net/neuron/channel_bus.ko net/neuron/protocol_bus.ko net/neuron/application_bus.ko net/neuron/neuron_service.ko; do echo $m; done;	\
cat /dev/null net/neuron/channel/modules.builtin net/neuron/protocol/modules.builtin) > net/neuron/modules.builtin
make -f ./scripts/Makefile.modbuiltin obj=sound/sh
make -f ./scripts/Makefile.modbuiltin obj=drivers/extcon
make -f ./scripts/Makefile.modbuiltin obj=net/rfkill
(for m in ; do echo $m; done;	\
cat /dev/null ) > sound/pci/ymfpci/modules.builtin
(for m in ; do echo $m; done;	\
cat /dev/null ) > sound/sh/modules.builtin
(for m in ; do echo $m; done;	\
cat /dev/null sound/pci/ac97/modules.builtin sound/pci/ali5451/modules.builtin sound/pci/asihpi/modules.builtin sound/pci/au88x0/modules.builtin sound/pci/aw2/modules.builtin sound/pci/ca0106/modules.builtin sound/pci/cs46xx/modules.builtin sound/pci/cs5535audio/modules.builtin sound/pci/ctxfi/modules.builtin sound/pci/echoaudio/modules.builtin sound/pci/emu10k1/modules.builtin sound/pci/hda/modules.builtin sound/pci/ice1712/modules.builtin sound/pci/korg1212/modules.builtin sound/pci/lola/modules.builtin sound/pci/lx6464es/modules.builtin sound/pci/mixart/modules.builtin sound/pci/nm256/modules.builtin sound/pci/oxygen/modules.builtin sound/pci/pcxhr/modules.builtin sound/pci/riptide/modules.builtin sound/pci/rme9652/modules.builtin sound/pci/trident/modules.builtin sound/pci/vx222/modules.builtin sound/pci/ymfpci/modules.builtin) > sound/pci/modules.builtin
(for m in drivers/dma/virt-dma.ko; do echo $m; done;	\
cat /dev/null drivers/dma/mediatek/modules.builtin drivers/dma/qcom/modules.builtin drivers/dma/ti/modules.builtin drivers/dma/xilinx/modules.builtin) > drivers/dma/modules.builtin
(for m in drivers/extcon/extcon-core.ko drivers/extcon/extcon-usb-gpio.ko; do echo $m; done;	\
cat /dev/null ) > drivers/extcon/modules.builtin
(for m in ; do echo $m; done;	\
cat /dev/null ) > techpack/audio/ipc/modules.builtin
make -f ./scripts/Makefile.modbuiltin obj=net/sched
make -f ./scripts/Makefile.modbuiltin obj=net/tipc
(for m in net/rfkill/rfkill.ko; do echo $m; done;	\
cat /dev/null ) > net/rfkill/modules.builtin
make -f ./scripts/Makefile.modbuiltin obj=drivers/firewire
make -f ./scripts/Makefile.modbuiltin obj=drivers/firmware
make -f ./scripts/Makefile.modbuiltin obj=sound/soc
(for m in net/tipc/tipc.ko net/tipc/diag.ko; do echo $m; done;	\
cat /dev/null ) > net/tipc/modules.builtin
make -f ./scripts/Makefile.modbuiltin obj=sound/sparc
make -f ./scripts/Makefile.modbuiltin obj=drivers/gnss
make -f ./scripts/Makefile.modbuiltin obj=drivers/firmware/arm_scmi
(for m in net/sched/act_police.ko net/sched/act_bpf.ko net/sched/sch_htb.ko net/sched/sch_ingress.ko net/sched/sch_prio.ko net/sched/cls_u32.ko net/sched/cls_fw.ko net/sched/cls_bpf.ko net/sched/cls_matchall.ko net/sched/em_u32.ko; do echo $m; done;	\
cat /dev/null ) > net/sched/modules.builtin
(for m in ; do echo $m; done;	\
(for m in drivers/gnss/gnss.ko; do echo $m; done;	\
cat /dev/null ) > sound/sparc/modules.builtin
cat /dev/null ) > drivers/gnss/modules.builtin
(for m in ; do echo $m; done;	\
cat /dev/null ) > drivers/firewire/modules.builtin
make -f ./scripts/Makefile.modbuiltin obj=net/unix
make -f ./scripts/Makefile.modbuiltin obj=sound/spi
make -f ./scripts/Makefile.modbuiltin obj=sound/synth
(for m in net/unix/unix.ko; do echo $m; done;	\
cat /dev/null ) > net/unix/modules.builtin
make -f ./scripts/Makefile.modbuiltin obj=sound/soc/adi
make -f ./scripts/Makefile.modbuiltin obj=drivers/gpio
(for m in drivers/firmware/arm_scmi/memlat_vendor.ko drivers/firmware/arm_scmi/plh_vendor.ko; do echo $m; done;	\
cat /dev/null ) > drivers/firmware/arm_scmi/modules.builtin
(for m in ; do echo $m; done;	\
cat /dev/null ) > sound/spi/modules.builtin
make -f ./scripts/Makefile.modbuiltin obj=net/wireless
make -f ./scripts/Makefile.modbuiltin obj=drivers/firmware/broadcom
make -f ./scripts/Makefile.modbuiltin obj=net/xdp
(for m in ; do echo $m; done;	\
cat /dev/null ) > sound/soc/adi/modules.builtin
make -f ./scripts/Makefile.modbuiltin obj=sound/soc/amd
(for m in ; do echo $m; done;	\
cat /dev/null ) > drivers/firmware/broadcom/modules.builtin
(for m in ; do echo $m; done;	\
cat /dev/null ) > sound/synth/modules.builtin
(for m in ; do echo $m; done;	\
cat /dev/null ) > net/xdp/modules.builtin
(for m in ; do echo $m; done;	\
cat /dev/null ) > drivers/gpio/modules.builtin
(for m in ; do echo $m; done;	\
cat /dev/null ) > sound/soc/amd/modules.builtin
make -f ./scripts/Makefile.modbuiltin obj=sound/soc/atmel
(for m in ; do echo $m; done;	\
cat /dev/null ) > techpack/audio/asoc/codecs/wcd938x/modules.builtin
make -f ./scripts/Makefile.modbuiltin obj=drivers/firmware/efi
make -f ./scripts/Makefile.modbuiltin obj=techpack/audio/soc
(for m in net/wireless/cfg80211.ko; do echo $m; done;	\
cat /dev/null ) > net/wireless/modules.builtin
make -f ./scripts/Makefile.modbuiltin obj=drivers/firmware/imx
make -f ./scripts/Makefile.modbuiltin obj=sound/soc/au1x
make -f ./scripts/Makefile.modbuiltin obj=drivers/gpu
make -f ./scripts/Makefile.modbuiltin obj=net/xfrm
(for m in ; do echo $m; done;	\
cat /dev/null ) > sound/soc/au1x/modules.builtin
make -f ./scripts/Makefile.modbuiltin obj=drivers/firmware/efi/libstub
(for m in net/xfrm/xfrm_algo.ko net/xfrm/xfrm_user.ko net/xfrm/xfrm_ipcomp.ko net/xfrm/xfrm_interface.ko; do echo $m; done;	\
cat /dev/null ) > net/xfrm/modules.builtin
(for m in ; do echo $m; done;	\
cat /dev/null ) > sound/soc/atmel/modules.builtin
(for m in ; do echo $m; done;	\
cat /dev/null net/802/modules.builtin net/bluetooth/modules.builtin net/bpf/modules.builtin net/bridge/modules.builtin net/core/modules.builtin net/ethernet/modules.builtin net/ipv4/modules.builtin net/ipv6/modules.builtin net/key/modules.builtin net/l2tp/modules.builtin net/llc/modules.builtin net/mac80211/modules.builtin net/netfilter/modules.builtin net/netlink/modules.builtin net/neuron/modules.builtin net/packet/modules.builtin net/qrtr/modules.builtin net/rfkill/modules.builtin net/sched/modules.builtin net/tipc/modules.builtin net/unix/modules.builtin net/wireless/modules.builtin net/xdp/modules.builtin net/xfrm/modules.builtin) > net/modules.builtin
make -f ./scripts/Makefile.modbuiltin obj=drivers/hid
(for m in ; do echo $m; done;	\
cat /dev/null ) > drivers/firmware/imx/modules.builtin
make -f ./scripts/Makefile.modbuiltin obj=drivers/hwmon
make -f ./scripts/Makefile.modbuiltin obj=sound/soc/bcm
make -f ./scripts/Makefile.modbuiltin obj=drivers/gpu/drm
make -f ./scripts/Makefile.modbuiltin obj=drivers/firmware/meson
(for m in drivers/hwmon/hwmon.ko drivers/hwmon/qti_amoled_ecm.ko; do echo $m; done;	\
cat /dev/null ) > drivers/hwmon/modules.builtin
make -f ./scripts/Makefile.modbuiltin obj=drivers/firmware/psci
make -f ./scripts/Makefile.modbuiltin obj=drivers/hid/usbhid
make -f ./scripts/Makefile.modbuiltin obj=drivers/gpu/drm/arm
(for m in ; do echo $m; done;	\
cat /dev/null ) > sound/soc/bcm/modules.builtin
(for m in ; do echo $m; done;	\
cat /dev/null ) > drivers/firmware/meson/modules.builtin
make -f ./scripts/Makefile.modbuiltin obj=drivers/gpu/msm
make -f ./scripts/Makefile.modbuiltin obj=sound/soc/cirrus
(for m in drivers/hid/usbhid/usbhid.ko; do echo $m; done;	\
cat /dev/null ) > drivers/hid/usbhid/modules.builtin
(for m in ; do echo $m; done;	\
cat /dev/null ) > sound/soc/cirrus/modules.builtin
(for m in drivers/hid/hid.ko drivers/hid/uhid.ko drivers/hid/hid-generic.ko drivers/hid/hid-apple.ko drivers/hid/hid-elecom.ko drivers/hid/hid-logitech.ko drivers/hid/hid-logitech-dj.ko drivers/hid/hid-logitech-hidpp.ko drivers/hid/hid-magicmouse.ko drivers/hid/hid-microsoft.ko drivers/hid/hid-multitouch.ko drivers/hid/hid-nintendo.ko drivers/hid/hid-prodikeys.ko drivers/hid/hid-picolcd.ko drivers/hid/hid-plantronics.ko drivers/hid/hid-playstation.ko drivers/hid/hid-roccat.ko drivers/hid/hid-roccat-common.ko drivers/hid/hid-roccat-arvo.ko drivers/hid/hid-roccat-isku.ko drivers/hid/hid-roccat-kone.ko drivers/hid/hid-roccat-koneplus.ko drivers/hid/hid-roccat-konepure.ko drivers/hid/hid-roccat-kovaplus.ko drivers/hid/hid-roccat-lua.ko drivers/hid/hid-roccat-pyra.ko drivers/hid/hid-roccat-ryos.ko drivers/hid/hid-roccat-savu.ko drivers/hid/hid-sony.ko drivers/hid/hid-steam.ko drivers/hid/hid-uclogic.ko drivers/hid/wacom.ko drivers/hid/hid-wiimote.ko drivers/hid/hid-qvr.ko drivers/hid/hid-trace.ko; do echo $m; done;	\
cat /dev/null drivers/hid/usbhid/modules.builtin) > drivers/hid/modules.builtin
(for m in drivers/gpu/msm/msm_kgsl.ko drivers/gpu/msm/governor_msm_adreno_tz.ko drivers/gpu/msm/governor_gpubw_mon.ko; do echo $m; done;	\
cat /dev/null ) > drivers/gpu/msm/modules.builtin
(for m in ; do echo $m; done;	\
cat /dev/null ) > drivers/gpu/drm/arm/modules.builtin
(for m in ; do echo $m; done;	\
cat /dev/null ) > drivers/firmware/psci/modules.builtin
make -f ./scripts/Makefile.modbuiltin obj=sound/soc/codecs
make -f ./scripts/Makefile.modbuiltin obj=sound/soc/dwc
make -f ./scripts/Makefile.modbuiltin obj=sound/soc/fsl
make -f ./scripts/Makefile.modbuiltin obj=drivers/gpu/trace
(for m in ; do echo $m; done;	\
cat /dev/null ) > sound/soc/dwc/modules.builtin
make -f ./scripts/Makefile.modbuiltin obj=drivers/gpu/drm/bridge
make -f ./scripts/Makefile.modbuiltin obj=drivers/gpu/drm/hisilicon
(for m in ; do echo $m; done;	\
cat /dev/null ) > sound/soc/codecs/modules.builtin
(for m in ; do echo $m; done;	\
cat /dev/null ) > drivers/gpu/trace/modules.builtin
make -f ./scripts/Makefile.modbuiltin obj=drivers/firmware/qcom
make -f ./scripts/Makefile.modbuiltin obj=drivers/gpu/drm/bridge/synopsys
(for m in ; do echo $m; done;	\
cat /dev/null ) > sound/soc/fsl/modules.builtin
make -f ./scripts/Makefile.modbuiltin obj=drivers/firmware/tegra
(for m in ; do echo $m; done;	\
cat /dev/null ) > techpack/audio/asoc/codecs/wsa883x/modules.builtin
make -f ./scripts/Makefile.modbuiltin obj=sound/soc/generic
(for m in ; do echo $m; done;	\
cat /dev/null ) > drivers/gpu/drm/hisilicon/modules.builtin
(for m in drivers/firmware/qcom/tz_log.ko; do echo $m; done;	\
cat /dev/null ) > drivers/firmware/qcom/modules.builtin
(for m in ; do echo $m; done;	\
cat /dev/null ) > drivers/gpu/drm/bridge/synopsys/modules.builtin
(for m in ; do echo $m; done;	\
cat /dev/null ) > drivers/firmware/tegra/modules.builtin
(for m in ; do echo $m; done;	\
cat /dev/null techpack/audio/asoc/codecs/bolero/modules.builtin techpack/audio/asoc/codecs/rouleur/modules.builtin techpack/audio/asoc/codecs/wcd934x/modules.builtin techpack/audio/asoc/codecs/wcd937x/modules.builtin techpack/audio/asoc/codecs/wcd938x/modules.builtin techpack/audio/asoc/codecs/wsa883x/modules.builtin) > techpack/audio/asoc/codecs/modules.builtin
make -f ./scripts/Makefile.modbuiltin obj=sound/soc/hisilicon
(for m in ; do echo $m; done;	\
cat /dev/null drivers/gpu/drm/bridge/synopsys/modules.builtin) > drivers/gpu/drm/bridge/modules.builtin
make -f ./scripts/Makefile.modbuiltin obj=sound/soc/img
make -f ./scripts/Makefile.modbuiltin obj=sound/soc/intel
(for m in ; do echo $m; done;	\
cat /dev/null techpack/audio/asoc/codecs/modules.builtin techpack/audio/asoc/iio/modules.builtin) > techpack/audio/asoc/modules.builtin
make -f ./scripts/Makefile.modbuiltin obj=drivers/gpu/drm/i2c
(for m in ; do echo $m; done;	\
cat /dev/null ) > sound/soc/generic/modules.builtin
(for m in ; do echo $m; done;	\
cat /dev/null ) > sound/soc/img/modules.builtin
make -f ./scripts/Makefile.modbuiltin obj=drivers/gpu/drm/omapdrm
make -f ./scripts/Makefile.modbuiltin obj=drivers/gpu/drm/panel
make -f ./scripts/Makefile.modbuiltin obj=arch/arm64/lib
(for m in ; do echo $m; done;	\
cat /dev/null ) > sound/soc/hisilicon/modules.builtin
(for m in ; do echo $m; done;	\
cat /dev/null ) > drivers/gpu/drm/panel/modules.builtin
make -f ./scripts/Makefile.modbuiltin obj=drivers/gpu/drm/rcar-du
make -f ./scripts/Makefile.modbuiltin obj=sound/soc/intel/boards
make -f ./scripts/Makefile.modbuiltin obj=drivers/gpu/drm/omapdrm/displays
(for m in ; do echo $m; done;	\
cat /dev/null ) > drivers/gpu/drm/i2c/modules.builtin
make -f ./scripts/Makefile.modbuiltin obj=drivers/gpu/drm/tilcdc
make -f ./scripts/Makefile.modbuiltin obj=drivers/gpu/drm/omapdrm/dss
(for m in ; do echo $m; done;	\
cat /dev/null ) > drivers/gpu/drm/omapdrm/dss/modules.builtin
(for m in ; do echo $m; done;	\
cat /dev/null ) > drivers/gpu/drm/tilcdc/modules.builtin
make -f ./scripts/Makefile.modbuiltin obj=drivers/gpu/drm/tiny
(for m in ; do echo $m; done;	\
cat /dev/null ) > drivers/gpu/drm/rcar-du/modules.builtin
(for m in ; do echo $m; done;	\
cat /dev/null ) > drivers/gpu/drm/omapdrm/displays/modules.builtin
(for m in ; do echo $m; done;	\
cat /dev/null ) > sound/soc/intel/boards/modules.builtin
(for m in ; do echo $m; done;	\
cat /dev/null ) > drivers/gpu/drm/tiny/modules.builtin
make -f ./scripts/Makefile.modbuiltin obj=lib
make -f ./scripts/Makefile.modbuiltin obj=sound/soc/jz4740
(for m in ; do echo $m; done;	\
cat /dev/null drivers/gpu/drm/omapdrm/displays/modules.builtin drivers/gpu/drm/omapdrm/dss/modules.builtin) > drivers/gpu/drm/omapdrm/modules.builtin
make -f ./scripts/Makefile.modbuiltin obj=sound/soc/intel/common
(for m in arch/arm64/lib/crc32.ko; do echo $m; done;	\
cat /dev/null ) > arch/arm64/lib/modules.builtin
make -f ./scripts/Makefile.modbuiltin obj=drivers/gpu/vga
make -f ./scripts/Makefile.modbuiltin obj=drivers/gpu/drm/ttm
make -f ./scripts/Makefile.modbuiltin obj=drivers/hwspinlock
(for m in drivers/gpu/drm/ttm/ttm.ko; do echo $m; done;	\
cat /dev/null ) > drivers/gpu/drm/ttm/modules.builtin
(for m in ; do echo $m; done;	\
cat /dev/null ) > sound/soc/jz4740/modules.builtin
(for m in drivers/hwspinlock/qcom_hwspinlock.ko; do echo $m; done;	\
cat /dev/null ) > drivers/hwspinlock/modules.builtin
(for m in drivers/gpu/drm/drm_kms_helper.ko drivers/gpu/drm/drm_panel_orientation_quirks.ko; do echo $m; done;	\
cat /dev/null drivers/gpu/drm/arm/modules.builtin drivers/gpu/drm/bridge/modules.builtin drivers/gpu/drm/hisilicon/modules.builtin drivers/gpu/drm/i2c/modules.builtin drivers/gpu/drm/omapdrm/modules.builtin drivers/gpu/drm/panel/modules.builtin drivers/gpu/drm/rcar-du/modules.builtin drivers/gpu/drm/tilcdc/modules.builtin drivers/gpu/drm/tiny/modules.builtin drivers/gpu/drm/ttm/modules.builtin) > drivers/gpu/drm/modules.builtin
make -f ./scripts/Makefile.modbuiltin obj=virt
make -f ./scripts/Makefile.modbuiltin obj=sound/soc/kirkwood
(for m in ; do echo $m; done;	\
cat /dev/null ) > drivers/gpu/vga/modules.builtin
make -f ./scripts/Makefile.modbuiltin obj=drivers/hwtracing/coresight
(for m in ; do echo $m; done;	\
cat /dev/null drivers/gpu/drm/modules.builtin drivers/gpu/msm/modules.builtin drivers/gpu/trace/modules.builtin drivers/gpu/vga/modules.builtin) > drivers/gpu/modules.builtin
(for m in ; do echo $m; done;	\
cat /dev/null ) > sound/soc/intel/common/modules.builtin
make -f ./scripts/Makefile.build obj=arch/arm64/boot/dts
(for m in ; do echo $m; done;	\
cat /dev/null ) > sound/soc/kirkwood/modules.builtin
(for m in ; do echo $m; done;	\
cat /dev/null sound/soc/intel/boards/modules.builtin sound/soc/intel/common/modules.builtin) > sound/soc/intel/modules.builtin
make -f ./scripts/Makefile.modbuiltin obj=drivers/hwtracing/intel_th
make -f ./scripts/Makefile.modbuiltin obj=sound/soc/mediatek
make -f ./scripts/Makefile.modbuiltin obj=lib/crypto
(for m in ; do echo $m; done;	\
cat /dev/null ) > drivers/hwtracing/coresight/modules.builtin
(for m in ; do echo $m; done;	\
cat /dev/null ) > sound/soc/mediatek/modules.builtin
make -f ./scripts/Makefile.modbuiltin obj=sound/soc/meson
make -f ./scripts/Makefile.modbuiltin obj=virt/lib
make -f ./scripts/Makefile.modbuiltin obj=lib/fonts
(for m in lib/crypto/libaes.ko lib/crypto/libarc4.ko lib/crypto/libdes.ko lib/crypto/libsha256.ko; do echo $m; done;	\
cat /dev/null ) > lib/crypto/modules.builtin
(for m in ; do echo $m; done;	\
cat /dev/null ) > virt/lib/modules.builtin
(for m in ; do echo $m; done;	\
cat /dev/null ) > sound/soc/meson/modules.builtin
(for m in ; do echo $m; done;	\
cat /dev/null ) > drivers/hwtracing/intel_th/modules.builtin
make -f ./scripts/Makefile.modbuiltin obj=sound/soc/mxs
(for m in ; do echo $m; done;	\
cat /dev/null ) > techpack/audio/soc/modules.builtin
make -f ./scripts/Makefile.build obj=arch/arm64/boot/dts/vendor \
 \
need-builtin= \
need-modorder=
(for m in lib/fonts/font.ko; do echo $m; done;	\
cat /dev/null ) > lib/fonts/modules.builtin
make -f ./scripts/Makefile.modbuiltin obj=drivers/firmware/xilinx
make -f ./scripts/Makefile.modbuiltin obj=sound/soc/pxa
(for m in ; do echo $m; done;	\
cat /dev/null virt/lib/modules.builtin) > virt/modules.builtin
(for m in ; do echo $m; done;	\
cat /dev/null ) > sound/soc/mxs/modules.builtin
(for m in ; do echo $m; done;	\
cat /dev/null techpack/audio/asoc/modules.builtin techpack/audio/dsp/modules.builtin techpack/audio/ipc/modules.builtin techpack/audio/soc/modules.builtin) > techpack/audio/modules.builtin
make -f ./scripts/Makefile.modbuiltin obj=sound/soc/qcom
make -f ./scripts/Makefile.modbuiltin obj=lib/lz4
make -f ./scripts/Makefile.build obj=scripts
make -f ./scripts/Makefile.modbuiltin obj=techpack/datarmnet-ext
(for m in ; do echo $m; done;	\
cat /dev/null ) > sound/soc/pxa/modules.builtin
(for m in ; do echo $m; done;	\
cat /dev/null ) > drivers/firmware/xilinx/modules.builtin
make -f ./scripts/Makefile.headersinst obj=include/uapi
make -f ./scripts/Makefile.modbuiltin obj=lib/lzo
make -f ./scripts/Makefile.build obj=arch/arm64/boot/dts/vendor/qcom \
 \
need-builtin= \
need-modorder=
(for m in ; do echo $m; done;	\
cat /dev/null ) > sound/soc/qcom/modules.builtin
make -f ./scripts/Makefile.modbuiltin obj=techpack/datarmnet-ext/offload
(for m in ; do echo $m; done;	\
cat /dev/null ) > drivers/firmware/efi/libstub/modules.builtin
(for m in ; do echo $m; done;	\
cat /dev/null ) > lib/lz4/modules.builtin
(for m in ; do echo $m; done;	\
cat /dev/null drivers/firmware/efi/libstub/modules.builtin) > drivers/firmware/efi/modules.builtin
(for m in lib/lzo/lzo_compress.ko lib/lzo/lzo_decompress.ko; do echo $m; done;	\
cat /dev/null ) > lib/lzo/modules.builtin
make -f ./scripts/Makefile.modbuiltin obj=sound/soc/rockchip
(for m in drivers/firmware/arm_scpi.ko drivers/firmware/_qcom_scm.ko; do echo $m; done;	\
cat /dev/null drivers/firmware/arm_scmi/modules.builtin drivers/firmware/broadcom/modules.builtin drivers/firmware/efi/modules.builtin drivers/firmware/imx/modules.builtin drivers/firmware/meson/modules.builtin drivers/firmware/psci/modules.builtin drivers/firmware/qcom/modules.builtin drivers/firmware/tegra/modules.builtin drivers/firmware/xilinx/modules.builtin) > drivers/firmware/modules.builtin
make -f ./scripts/Makefile.build obj=scripts/genksyms \
 \
need-builtin= \
need-modorder=
make -f ./scripts/Makefile.modbuiltin obj=drivers/hwtracing/stm
make -f ./scripts/Makefile.modbuiltin obj=sound/soc/samsung
make -f ./scripts/Makefile.modbuiltin obj=lib/math
(for m in ; do echo $m; done;	\
cat /dev/null ) > sound/soc/rockchip/modules.builtin
make -f ./scripts/Makefile.modbuiltin obj=lib/mpi
make -f ./scripts/Makefile.build obj=scripts/selinux \
 \
need-builtin= \
need-modorder=
(for m in lib/mpi/mpi.ko; do echo $m; done;	\
cat /dev/null ) > lib/mpi/modules.builtin
(for m in ; do echo $m; done;	\
cat /dev/null ) > sound/soc/samsung/modules.builtin
(for m in ; do echo $m; done;	\
cat /dev/null ) > lib/math/modules.builtin
make -f ./scripts/Makefile.modbuiltin obj=lib/reed_solomon
(for m in drivers/hwtracing/stm/stm_core.ko drivers/hwtracing/stm/stm_p_basic.ko; do echo $m; done;	\
cat /dev/null ) > drivers/hwtracing/stm/modules.builtin
make -f ./scripts/Makefile.modbuiltin obj=sound/soc/sh
make -f ./scripts/Makefile.build obj=scripts/selinux/genheaders \
 \
need-builtin= \
need-modorder=
make -f ./scripts/Makefile.modbuiltin obj=techpack/datarmnet-ext/shs
(for m in ; do echo $m; done;	\
cat /dev/null ) > techpack/datarmnet-ext/offload/modules.builtin
make -f ./scripts/Makefile.modbuiltin obj=drivers/i2c
make -f ./scripts/Makefile.modbuiltin obj=drivers/i3c
(for m in lib/reed_solomon/reed_solomon.ko; do echo $m; done;	\
cat /dev/null ) > lib/reed_solomon/modules.builtin
(for m in ; do echo $m; done;	\
cat /dev/null ) > sound/soc/sh/modules.builtin
(for m in ; do echo $m; done;	\
cat /dev/null ) > drivers/i3c/modules.builtin
make -f ./scripts/Makefile.modbuiltin obj=lib/xz
make -f ./scripts/Makefile.modbuiltin obj=drivers/i2c/algos
make -f ./scripts/Makefile.modbuiltin obj=sound/soc/sirf
make -f ./scripts/Makefile.modbuiltin obj=sound/usb
make -f ./scripts/Makefile.build obj=scripts/selinux/mdp \
 \
need-builtin= \
need-modorder=
(for m in lib/xz/xz_dec.ko; do echo $m; done;	\
cat /dev/null ) > lib/xz/modules.builtin
(for m in ; do echo $m; done;	\
cat /dev/null ) > drivers/i2c/algos/modules.builtin
make -f ./scripts/Makefile.modbuiltin obj=lib/zlib_deflate
(for m in ; do echo $m; done;	\
cat /dev/null ) > techpack/datarmnet-ext/shs/modules.builtin
(for m in ; do echo $m; done;	\
cat /dev/null ) > sound/soc/sirf/modules.builtin
make -f ./scripts/Makefile.modbuiltin obj=drivers/i2c/busses
make -f ./scripts/Makefile.modbuiltin obj=sound/usb/6fire
(for m in ; do echo $m; done;	\
cat /dev/null techpack/datarmnet-ext/offload/modules.builtin techpack/datarmnet-ext/shs/modules.builtin) > techpack/datarmnet-ext/modules.builtin
make -f ./scripts/Makefile.modbuiltin obj=sound/soc/sof
(for m in ; do echo $m; done;	\
cat /dev/null ) > sound/usb/6fire/modules.builtin
make -f ./scripts/Makefile.modbuiltin obj=techpack/display
(for m in drivers/i2c/busses/i2c-gpio.ko drivers/i2c/busses/i2c-msm-geni.ko; do echo $m; done;	\
cat /dev/null ) > drivers/i2c/busses/modules.builtin
(for m in lib/zlib_deflate/zlib_deflate.ko; do echo $m; done;	\
cat /dev/null ) > lib/zlib_deflate/modules.builtin
make -f ./scripts/Makefile.modbuiltin obj=sound/usb/bcd2000
make -f ./scripts/Makefile.modbuiltin obj=lib/zlib_inflate
make -f ./scripts/Makefile.modbuiltin obj=lib/zstd
make -f ./scripts/Makefile.modbuiltin obj=drivers/i2c/muxes
(for m in ; do echo $m; done;	\
cat /dev/null ) > sound/soc/sof/modules.builtin
(for m in ; do echo $m; done;	\
cat /dev/null ) > sound/usb/bcd2000/modules.builtin
(for m in lib/zlib_inflate/zlib_inflate.ko; do echo $m; done;	\
cat /dev/null ) > lib/zlib_inflate/modules.builtin
make -f ./scripts/Makefile.modbuiltin obj=sound/soc/spear
make -f ./scripts/Makefile.modbuiltin obj=techpack/display/msm
make -f ./scripts/Makefile.modbuiltin obj=sound/usb/caiaq
make -f ./scripts/Makefile.modbuiltin obj=sound/usb/hiface
(for m in lib/zstd/zstd_compress.ko lib/zstd/zstd_decompress.ko; do echo $m; done;	\
cat /dev/null ) > lib/zstd/modules.builtin
(for m in ; do echo $m; done;	\
cat /dev/null ) > drivers/i2c/muxes/modules.builtin
(for m in lib/bitrev.ko lib/crc-ccitt.ko lib/crc16.ko lib/crc32.ko lib/libcrc32c.ko lib/crc8.ko lib/xxhash.ko lib/ts_kmp.ko lib/ts_bm.ko lib/ts_fsm.ko lib/asn1_decoder.ko lib/oid_registry.ko lib/ucs2_string.ko; do echo $m; done;	\
cat /dev/null lib/crypto/modules.builtin lib/fonts/modules.builtin lib/lz4/modules.builtin lib/lzo/modules.builtin lib/math/modules.builtin lib/mpi/modules.builtin lib/reed_solomon/modules.builtin lib/xz/modules.builtin lib/zlib_deflate/modules.builtin lib/zlib_inflate/modules.builtin lib/zstd/modules.builtin) > lib/modules.builtin
make -f ./scripts/Makefile.modbuiltin obj=techpack/stub
(for m in ; do echo $m; done;	\
cat /dev/null ) > sound/soc/spear/modules.builtin
(for m in ; do echo $m; done;	\
cat /dev/null ) > techpack/display/msm/modules.builtin
(for m in ; do echo $m; done;	\
cat /dev/null ) > sound/usb/caiaq/modules.builtin
(for m in ; do echo $m; done;	\
cat /dev/null ) > sound/usb/hiface/modules.builtin
(for m in ; do echo $m; done;	\
cat /dev/null techpack/display/msm/modules.builtin) > techpack/display/modules.builtin
(for m in ; do echo $m; done;	\
cat /dev/null ) > techpack/stub/modules.builtin
make -f ./scripts/Makefile.modbuiltin obj=sound/soc/sprd
(for m in drivers/i2c/i2c-core.ko drivers/i2c/i2c-dev.ko; do echo $m; done;	\
cat /dev/null drivers/i2c/algos/modules.builtin drivers/i2c/busses/modules.builtin drivers/i2c/muxes/modules.builtin) > drivers/i2c/modules.builtin
make -f ./scripts/Makefile.modbuiltin obj=sound/soc/sti
make -f ./scripts/Makefile.modbuiltin obj=sound/usb/misc
make -f ./scripts/Makefile.modbuiltin obj=sound/soc/stm
make -f ./scripts/Makefile.modbuiltin obj=drivers/idle
make -f ./scripts/Makefile.modbuiltin obj=techpack/video
(for m in ; do echo $m; done;	\
cat /dev/null ) > sound/usb/misc/modules.builtin
(for m in ; do echo $m; done;	\
cat /dev/null ) > sound/soc/sprd/modules.builtin
(for m in ; do echo $m; done;	\
cat /dev/null ) > sound/soc/stm/modules.builtin
make -f ./scripts/Makefile.modbuiltin obj=sound/usb/usx2y
(for m in ; do echo $m; done;	\
cat /dev/null ) > sound/soc/sti/modules.builtin
make -f ./scripts/Makefile.modbuiltin obj=techpack/video/msm
make -f ./scripts/Makefile.modbuiltin obj=drivers/iio
make -f ./scripts/Makefile.modbuiltin obj=sound/soc/sunxi
(for m in ; do echo $m; done;	\
cat /dev/null ) > drivers/idle/modules.builtin
make -f ./scripts/Makefile.modbuiltin obj=drivers/input
make -f ./scripts/Makefile.modbuiltin obj=sound/soc/tegra
make -f ./scripts/Makefile.modbuiltin obj=drivers/iio/accel
make -f ./scripts/Makefile.modbuiltin obj=drivers/input/joystick
(for m in ; do echo $m; done;	\
cat /dev/null ) > sound/usb/usx2y/modules.builtin
(for m in ; do echo $m; done;	\
cat /dev/null ) > sound/soc/sunxi/modules.builtin
make -f ./scripts/Makefile.modbuiltin obj=drivers/iio/adc
(for m in ; do echo $m; done;	\
cat /dev/null ) > drivers/iio/accel/modules.builtin
(for m in ; do echo $m; done;	\
cat /dev/null ) > techpack/video/msm/modules.builtin
make -f ./scripts/Makefile.modbuiltin obj=drivers/iio/addac
(for m in sound/usb/snd-usb-audio.ko sound/usb/snd-usbmidi-lib.ko sound/usb/snd-usb-audio-qmi.ko; do echo $m; done;	\
cat /dev/null sound/usb/6fire/modules.builtin sound/usb/bcd2000/modules.builtin sound/usb/caiaq/modules.builtin sound/usb/hiface/modules.builtin sound/usb/misc/modules.builtin sound/usb/usx2y/modules.builtin) > sound/usb/modules.builtin
make -f ./scripts/Makefile.modbuiltin obj=sound/soc/ti
(for m in drivers/input/joystick/xpad.ko; do echo $m; done;	\
cat /dev/null ) > drivers/input/joystick/modules.builtin
(for m in ; do echo $m; done;	\
cat /dev/null techpack/video/msm/modules.builtin) > techpack/video/modules.builtin
(for m in drivers/iio/adc/qcom-spmi-adc5.ko drivers/iio/adc/qcom-vadc-common.ko; do echo $m; done;	\
cat /dev/null ) > drivers/iio/adc/modules.builtin
make -f ./scripts/Makefile.modbuiltin obj=sound/soc/txx9
(for m in ; do echo $m; done;	\
cat /dev/null ) > drivers/iio/addac/modules.builtin
make -f ./scripts/Makefile.modbuiltin obj=sound/soc/uniphier
make -f ./scripts/Makefile.modbuiltin obj=drivers/input/keyboard
(for m in ; do echo $m; done;	\
cat /dev/null ) > sound/soc/tegra/modules.builtin
(for m in ; do echo $m; done;	\
cat /dev/null techpack/audio/modules.builtin techpack/camera/modules.builtin techpack/dataipa/modules.builtin techpack/datarmnet/modules.builtin techpack/datarmnet-ext/modules.builtin techpack/display/modules.builtin techpack/stub/modules.builtin techpack/video/modules.builtin) > techpack/modules.builtin
make -f ./scripts/Makefile.modbuiltin obj=drivers/iio/afe
(for m in ; do echo $m; done;	\
cat /dev/null ) > sound/soc/txx9/modules.builtin
make -f ./scripts/Makefile.modbuiltin obj=sound/soc/ux500
(for m in ; do echo $m; done;	\
cat /dev/null ) > sound/soc/ti/modules.builtin
(for m in ; do echo $m; done;	\
cat /dev/null ) > sound/soc/uniphier/modules.builtin
make -f ./scripts/Makefile.build obj=scripts/mod
(for m in drivers/input/keyboard/atkbd.ko drivers/input/keyboard/gpio_keys.ko; do echo $m; done;	\
cat /dev/null ) > drivers/input/keyboard/modules.builtin
(for m in ; do echo $m; done;	\
cat /dev/null ) > sound/soc/ux500/modules.builtin
(for m in ; do echo $m; done;	\
cat /dev/null ) > drivers/iio/afe/modules.builtin
make -f ./scripts/Makefile.modbuiltin obj=drivers/input/misc
make -f ./scripts/Makefile.modbuiltin obj=sound/x86
make -f ./scripts/Makefile.modbuiltin obj=drivers/input/touchscreen
make -f ./scripts/Makefile.modbuiltin obj=sound/xen
make -f ./scripts/Makefile.modbuiltin obj=drivers/iio/amplifiers
make -f ./scripts/Makefile.modbuiltin obj=sound/soc/xilinx
(for m in ; do echo $m; done;	\
cat /dev/null ) > sound/x86/modules.builtin
(for m in ; do echo $m; done;	\
cat /dev/null ) > sound/xen/modules.builtin
make -f ./scripts/Makefile.modbuiltin obj=drivers/input/touchscreen/focaltech_touch
make -f ./scripts/Makefile.modbuiltin obj=sound/soc/xtensa
make -f ./scripts/Makefile.modbuiltin obj=drivers/input/touchscreen/nt36xxx
(for m in ; do echo $m; done;	\
cat /dev/null ) > sound/soc/xtensa/modules.builtin
(for m in drivers/input/misc/qpnp-power-on.ko drivers/input/misc/qcom-hv-haptics.ko drivers/input/misc/uinput.ko; do echo $m; done;	\
cat /dev/null ) > drivers/input/misc/modules.builtin
(for m in ; do echo $m; done;	\
cat /dev/null ) > drivers/iio/amplifiers/modules.builtin
(for m in drivers/input/touchscreen/focaltech_touch/focaltech_fts.ko; do echo $m; done;	\
cat /dev/null ) > drivers/input/touchscreen/focaltech_touch/modules.builtin
(for m in ; do echo $m; done;	\
cat /dev/null ) > sound/soc/xilinx/modules.builtin
(for m in drivers/input/touchscreen/nt36xxx/nvt_36xxx.ko; do echo $m; done;	\
cat /dev/null ) > drivers/input/touchscreen/nt36xxx/modules.builtin
make -f ./scripts/Makefile.modbuiltin obj=drivers/iio/buffer
make -f ./scripts/Makefile.modbuiltin obj=drivers/input/touchscreen/st
make -f ./scripts/Makefile.modbuiltin obj=drivers/iio/chemical
make -f ./scripts/Makefile.modbuiltin obj=sound/soc/zte
make -f ./scripts/Makefile.modbuiltin obj=drivers/iio/common
make -f ./scripts/Makefile.modbuiltin obj=drivers/iio/dac
(for m in drivers/input/touchscreen/st/st_fts.ko; do echo $m; done;	\
cat /dev/null ) > drivers/input/touchscreen/st/modules.builtin
(for m in ; do echo $m; done;	\
cat /dev/null ) > sound/soc/zte/modules.builtin
(for m in ; do echo $m; done;	\
cat /dev/null ) > drivers/iio/dac/modules.builtin
make -f ./scripts/Makefile.modbuiltin obj=drivers/input/touchscreen/synaptics_dsx
(for m in sound/soc/snd-soc-core.ko; do echo $m; done;	\
cat /dev/null sound/soc/adi/modules.builtin sound/soc/amd/modules.builtin sound/soc/atmel/modules.builtin sound/soc/au1x/modules.builtin sound/soc/bcm/modules.builtin sound/soc/cirrus/modules.builtin sound/soc/codecs/modules.builtin sound/soc/dwc/modules.builtin sound/soc/fsl/modules.builtin sound/soc/generic/modules.builtin sound/soc/hisilicon/modules.builtin sound/soc/img/modules.builtin sound/soc/intel/modules.builtin sound/soc/jz4740/modules.builtin sound/soc/kirkwood/modules.builtin sound/soc/mediatek/modules.builtin sound/soc/meson/modules.builtin sound/soc/mxs/modules.builtin sound/soc/pxa/modules.builtin sound/soc/qcom/modules.builtin sound/soc/rockchip/modules.builtin sound/soc/samsung/modules.builtin sound/soc/sh/modules.builtin sound/soc/sirf/modules.builtin sound/soc/sof/modules.builtin sound/soc/spear/modules.builtin sound/soc/sprd/modules.builtin sound/soc/sti/modules.builtin sound/soc/stm/modules.builtin sound/soc/sunxi/modules.builtin sound/soc/tegra/modules.builtin sound/soc/ti/modules.builtin sound/soc/txx9/modules.builtin sound/soc/uniphier/modules.builtin sound/soc/ux500/modules.builtin sound/soc/xilinx/modules.builtin sound/soc/xtensa/modules.builtin sound/soc/zte/modules.builtin) > sound/soc/modules.builtin
make -f ./scripts/Makefile.modbuiltin obj=drivers/iio/dummy
(for m in ; do echo $m; done;	\
cat /dev/null ) > drivers/iio/buffer/modules.builtin
(for m in ; do echo $m; done;	\
cat /dev/null ) > drivers/iio/chemical/modules.builtin
(for m in drivers/input/touchscreen/synaptics_dsx/synaptics_dsx_core.ko drivers/input/touchscreen/synaptics_dsx/synaptics_dsx_rmi_dev.ko drivers/input/touchscreen/synaptics_dsx/synaptics_dsx_fw_update.ko drivers/input/touchscreen/synaptics_dsx/synaptics_dsx_test_reporting.ko; do echo $m; done;	\
cat /dev/null ) > drivers/input/touchscreen/synaptics_dsx/modules.builtin
(for m in sound/soundcore.ko; do echo $m; done;	\
cat /dev/null sound/arm/modules.builtin sound/atmel/modules.builtin sound/core/modules.builtin sound/drivers/modules.builtin sound/firewire/modules.builtin sound/hda/modules.builtin sound/i2c/modules.builtin sound/isa/modules.builtin sound/mips/modules.builtin sound/parisc/modules.builtin sound/pci/modules.builtin sound/pcmcia/modules.builtin sound/ppc/modules.builtin sound/sh/modules.builtin sound/soc/modules.builtin sound/sparc/modules.builtin sound/spi/modules.builtin sound/synth/modules.builtin sound/usb/modules.builtin sound/x86/modules.builtin sound/xen/modules.builtin) > sound/modules.builtin
make -f ./scripts/Makefile.modbuiltin obj=drivers/iio/common/cros_ec_sensors
make -f ./scripts/Makefile.modbuiltin obj=drivers/iio/frequency
make -f ./scripts/Makefile.modbuiltin obj=drivers/input/serio
(for m in drivers/input/touchscreen/of_touchscreen.ko drivers/input/touchscreen/atmel_mxt_ts.ko drivers/input/touchscreen/usbtouchscreen.ko; do echo $m; done;	\
cat /dev/null drivers/input/touchscreen/focaltech_touch/modules.builtin drivers/input/touchscreen/nt36xxx/modules.builtin drivers/input/touchscreen/st/modules.builtin drivers/input/touchscreen/synaptics_dsx/modules.builtin) > drivers/input/touchscreen/modules.builtin
set -e; mkdir -p scripts/mod/; trap "rm -f scripts/mod/.devicetable-offsets.h.tmp" EXIT; { 	 echo "#ifndef __DEVICETABLE_OFFSETS_H__"; echo "#define __DEVICETABLE_OFFSETS_H__"; echo "/*"; echo " * DO NOT MODIFY."; echo " *"; echo " * This file was generated by Kbuild"; echo " */"; echo ""; sed -ne 	's:^[[:space:]]*\.ascii[[:space:]]*"\(.*\)".*:\1:; /^->/{s:->#\(.*\):/* \1 */:; s:^->\([^ ]*\) [\$#]*\([^ ]*\) \(.*\):#define \1 \2 /* \3 */:; s:->::; p;}' < scripts/mod/devicetable-offsets.s; echo ""; echo "#endif"; } > scripts/mod/.devicetable-offsets.h.tmp; if [ ! -r scripts/mod/devicetable-offsets.h ] || ! cmp -s scripts/mod/devicetable-offsets.h scripts/mod/.devicetable-offsets.h.tmp; then : '  UPD     scripts/mod/devicetable-offsets.h'; mv -f scripts/mod/.devicetable-offsets.h.tmp scripts/mod/devicetable-offsets.h; fi
make -f ./scripts/Makefile.modbuiltin obj=drivers/interconnect
(for m in drivers/input/input-core.ko drivers/input/ff-memless.ko drivers/input/input-leds.ko drivers/input/evdev.ko; do echo $m; done;	\
cat /dev/null drivers/input/joystick/modules.builtin drivers/input/keyboard/modules.builtin drivers/input/misc/modules.builtin drivers/input/touchscreen/modules.builtin) > drivers/input/modules.builtin
(for m in ; do echo $m; done;	\
cat /dev/null ) > drivers/iio/frequency/modules.builtin
make -f ./scripts/Makefile.modbuiltin obj=drivers/iio/common/hid-sensors
(for m in ; do echo $m; done;	\
cat /dev/null ) > drivers/iio/dummy/modules.builtin
make -f ./scripts/Makefile.modbuiltin obj=drivers/interconnect/qcom
make -f ./scripts/Makefile.modbuiltin obj=drivers/iio/common/ms_sensors
(for m in drivers/input/serio/serio.ko drivers/input/serio/serport.ko drivers/input/serio/libps2.ko; do echo $m; done;	\
cat /dev/null ) > drivers/input/serio/modules.builtin
(for m in ; do echo $m; done;	\
cat /dev/null ) > drivers/iio/common/cros_ec_sensors/modules.builtin
make -f ./scripts/Makefile.modbuiltin obj=drivers/iio/common/ssp_sensors
(for m in drivers/interconnect/qcom/qnoc-lahaina.ko drivers/interconnect/qcom/qnoc-shima.ko drivers/interconnect/qcom/qnoc-yupik.ko drivers/interconnect/qcom/icc-bcm-voter.ko drivers/interconnect/qcom/icc-rpmh.ko drivers/interconnect/qcom/qnoc-qos.ko drivers/interconnect/qcom/epss-l3.ko; do echo $m; done;	\
cat /dev/null ) > drivers/interconnect/qcom/modules.builtin
make -f ./scripts/Makefile.modbuiltin obj=drivers/iio/gyro
make -f ./scripts/Makefile.modbuiltin obj=drivers/iio/health
(for m in ; do echo $m; done;	\
cat /dev/null ) > drivers/iio/common/ssp_sensors/modules.builtin
(for m in drivers/interconnect/icc-core.ko drivers/interconnect/icc-test.ko; do echo $m; done;	\
cat /dev/null drivers/interconnect/qcom/modules.builtin) > drivers/interconnect/modules.builtin
make -f ./scripts/Makefile.modbuiltin obj=drivers/iio/humidity
make -f ./scripts/Makefile.modbuiltin obj=drivers/iio/imu
(for m in ; do echo $m; done;	\
cat /dev/null ) > drivers/iio/common/ms_sensors/modules.builtin
make -f ./scripts/Makefile.build obj=.
(for m in ; do echo $m; done;	\
cat /dev/null ) > drivers/iio/common/hid-sensors/modules.builtin
(for m in ; do echo $m; done;	\
cat /dev/null ) > drivers/iio/humidity/modules.builtin
(for m in ; do echo $m; done;	\
cat /dev/null ) > drivers/iio/gyro/modules.builtin
(for m in ; do echo $m; done;	\
cat /dev/null ) > drivers/iio/health/modules.builtin
make -f ./scripts/Makefile.modbuiltin obj=drivers/iio/light
make -f ./scripts/Makefile.modbuiltin obj=drivers/iio/common/st_sensors
make -f ./scripts/Makefile.modbuiltin obj=drivers/iio/magnetometer
make -f ./scripts/Makefile.modbuiltin obj=drivers/iommu
make -f ./scripts/Makefile.modbuiltin obj=drivers/iio/multiplexer
make -f ./scripts/Makefile.modbuiltin obj=drivers/iio/imu/bmi160
(for m in ; do echo $m; done;	\
cat /dev/null ) > drivers/iio/multiplexer/modules.builtin
(for m in ; do echo $m; done;	\
cat /dev/null ) > drivers/iio/light/modules.builtin
(for m in ; do echo $m; done;	\
cat /dev/null ) > drivers/iio/common/st_sensors/modules.builtin
(for m in drivers/iommu/msm_dma_iommu_mapping.ko drivers/iommu/iova.ko drivers/iommu/qcom-arm-smmu-mod.ko drivers/iommu/iommu-logger.ko; do echo $m; done;	\
cat /dev/null ) > drivers/iommu/modules.builtin
(for m in ; do echo $m; done;	\
cat /dev/null ) > drivers/iio/magnetometer/modules.builtin
make -f ./scripts/Makefile.modbuiltin obj=drivers/irqchip
make -f ./scripts/Makefile.modbuiltin obj=drivers/iio/orientation
(for m in ; do echo $m; done;	\
cat /dev/null drivers/iio/common/cros_ec_sensors/modules.builtin drivers/iio/common/hid-sensors/modules.builtin drivers/iio/common/ms_sensors/modules.builtin drivers/iio/common/ssp_sensors/modules.builtin drivers/iio/common/st_sensors/modules.builtin) > drivers/iio/common/modules.builtin
make -f ./scripts/Makefile.modbuiltin obj=drivers/iio/potentiometer
make -f ./scripts/Makefile.modbuiltin obj=drivers/kernelsu
make -f ./scripts/Makefile.modbuiltin obj=drivers/iio/potentiostat
(for m in ; do echo $m; done;	\
cat /dev/null ) > drivers/iio/potentiostat/modules.builtin
(for m in ; do echo $m; done;	\
cat /dev/null ) > drivers/iio/imu/bmi160/modules.builtin
set -e; mkdir -p include/generated/; trap "rm -f include/generated/.bounds.h.tmp" EXIT; { 	 echo "#ifndef __LINUX_BOUNDS_H__"; echo "#define __LINUX_BOUNDS_H__"; echo "/*"; echo " * DO NOT MODIFY."; echo " *"; echo " * This file was generated by Kbuild"; echo " */"; echo ""; sed -ne 	's:^[[:space:]]*\.ascii[[:space:]]*"\(.*\)".*:\1:; /^->/{s:->#\(.*\):/* \1 */:; s:^->\([^ ]*\) [\$#]*\([^ ]*\) \(.*\):#define \1 \2 /* \3 */:; s:->::; p;}' < kernel/bounds.s; echo ""; echo "#endif"; } > include/generated/.bounds.h.tmp; if [ ! -r include/generated/bounds.h ] || ! cmp -s include/generated/bounds.h include/generated/.bounds.h.tmp; then : '  UPD     include/generated/bounds.h'; mv -f include/generated/.bounds.h.tmp include/generated/bounds.h; fi
set -e; mkdir -p include/generated/; trap "rm -f include/generated/.timeconst.h.tmp" EXIT; { echo 250 | bc -q kernel/time/timeconst.bc; } > include/generated/.timeconst.h.tmp; if [ ! -r include/generated/timeconst.h ] || ! cmp -s include/generated/timeconst.h include/generated/.timeconst.h.tmp; then : '  UPD     include/generated/timeconst.h'; mv -f include/generated/.timeconst.h.tmp include/generated/timeconst.h; fi
(for m in ; do echo $m; done;	\
cat /dev/null ) > drivers/iio/orientation/modules.builtin
(for m in drivers/irqchip/msm_show_resume_irq.ko drivers/irqchip/qcom-pdc.ko; do echo $m; done;	\
cat /dev/null ) > drivers/irqchip/modules.builtin
make -f ./scripts/Makefile.modbuiltin obj=drivers/iio/imu/inv_mpu6050
(for m in ; do echo $m; done;	\
cat /dev/null ) > drivers/iio/potentiometer/modules.builtin
make -f ./scripts/Makefile.modbuiltin obj=drivers/iio/imu/st_lsm6dsx
make -f ./scripts/Makefile.modbuiltin obj=drivers/iio/pressure
make -f ./scripts/Makefile.modbuiltin obj=drivers/iio/proximity
(for m in ; do echo $m; done;	\
cat /dev/null ) > drivers/iio/imu/st_lsm6dsx/modules.builtin
(for m in ; do echo $m; done;	\
cat /dev/null ) > drivers/iio/imu/inv_mpu6050/modules.builtin
make -f ./scripts/Makefile.modbuiltin obj=drivers/iio/resolver
(for m in ; do echo $m; done;	\
cat /dev/null ) > drivers/iio/proximity/modules.builtin
make -f ./scripts/Makefile.modbuiltin obj=drivers/iio/temperature
(for m in ; do echo $m; done;	\
cat /dev/null ) > drivers/iio/pressure/modules.builtin
  sh scripts/atomic/check-atomics.sh
(for m in ; do echo $m; done;	\
cat /dev/null drivers/iio/imu/bmi160/modules.builtin drivers/iio/imu/inv_mpu6050/modules.builtin drivers/iio/imu/st_lsm6dsx/modules.builtin) > drivers/iio/imu/modules.builtin
make -f ./scripts/Makefile.modbuiltin obj=drivers/iio/trigger
make -f ./scripts/Makefile.modbuiltin obj=drivers/leds
make -f ./scripts/Makefile.modbuiltin obj=drivers/macintosh
(for m in ; do echo $m; done;	\
cat /dev/null ) > drivers/iio/resolver/modules.builtin
-- KernelSU-Next Manager signature size: 0x3e6
-- KernelSU-Next Manager signature hash: 79e590113c4c4c0c222978e413a5faa801666957b1212a328e46c00c69821bf7
(for m in ; do echo $m; done;	\
cat /dev/null ) > drivers/iio/temperature/modules.builtin
(for m in ; do echo $m; done;	\
cat /dev/null ) > drivers/macintosh/modules.builtin
make -f ./scripts/Makefile.modbuiltin obj=drivers/mailbox
set -e; mkdir -p include/generated/; trap "rm -f include/generated/.asm-offsets.h.tmp" EXIT; { 	 echo "#ifndef __ASM_OFFSETS_H__"; echo "#define __ASM_OFFSETS_H__"; echo "/*"; echo " * DO NOT MODIFY."; echo " *"; echo " * This file was generated by Kbuild"; echo " */"; echo ""; sed -ne 	's:^[[:space:]]*\.ascii[[:space:]]*"\(.*\)".*:\1:; /^->/{s:->#\(.*\):/* \1 */:; s:^->\([^ ]*\) [\$#]*\([^ ]*\) \(.*\):#define \1 \2 /* \3 */:; s:->::; p;}' < arch/arm64/kernel/asm-offsets.s; echo ""; echo "#endif"; } > include/generated/.asm-offsets.h.tmp; if [ ! -r include/generated/asm-offsets.h ] || ! cmp -s include/generated/asm-offsets.h include/generated/.asm-offsets.h.tmp; then : '  UPD     include/generated/asm-offsets.h'; mv -f include/generated/.asm-offsets.h.tmp include/generated/asm-offsets.h; fi
make -f ./scripts/Makefile.modbuiltin obj=drivers/md
(for m in ; do echo $m; done;	\
cat /dev/null ) > drivers/iio/trigger/modules.builtin
-- KSU_NEXT: Neither atomic_inc_not_zero nor atomic_long_inc_not_zero found in kernel/cred.c
-- KSU_NEXT: Using  in get_cred_rcu patch.
make -f ./scripts/Makefile.modbuiltin obj=drivers/leds/trigger
(for m in drivers/iio/industrialio.ko; do echo $m; done;	\
cat /dev/null drivers/iio/accel/modules.builtin drivers/iio/adc/modules.builtin drivers/iio/addac/modules.builtin drivers/iio/afe/modules.builtin drivers/iio/amplifiers/modules.builtin drivers/iio/buffer/modules.builtin drivers/iio/chemical/modules.builtin drivers/iio/common/modules.builtin drivers/iio/dac/modules.builtin drivers/iio/dummy/modules.builtin drivers/iio/frequency/modules.builtin drivers/iio/gyro/modules.builtin drivers/iio/health/modules.builtin drivers/iio/humidity/modules.builtin drivers/iio/imu/modules.builtin drivers/iio/light/modules.builtin drivers/iio/magnetometer/modules.builtin drivers/iio/multiplexer/modules.builtin drivers/iio/orientation/modules.builtin drivers/iio/potentiometer/modules.builtin drivers/iio/potentiostat/modules.builtin drivers/iio/pressure/modules.builtin drivers/iio/proximity/modules.builtin drivers/iio/resolver/modules.builtin drivers/iio/temperature/modules.builtin drivers/iio/trigger/modules.builtin) > drivers/iio/modules.builtin
(for m in drivers/mailbox/hi3660-mailbox.ko drivers/mailbox/hi6220-mailbox.ko drivers/mailbox/msm_qmp.ko; do echo $m; done;	\
cat /dev/null ) > drivers/mailbox/modules.builtin
(for m in drivers/md/dm-mod.ko drivers/md/dm-bufio.ko drivers/md/dm-crypt.ko drivers/md/dm-default-key.ko drivers/md/dm-snapshot.ko drivers/md/dm-verity.ko drivers/md/dm-bow.ko; do echo $m; done;	\
cat /dev/null ) > drivers/md/modules.builtin
make -f ./scripts/Makefile.modbuiltin obj=drivers/media
make -f ./scripts/Makefile.modbuiltin obj=drivers/mfd
make -f ./scripts/Makefile.modbuiltin obj=drivers/misc
make -f ./scripts/Makefile.modbuiltin obj=drivers/mmc
(for m in drivers/leds/trigger/ledtrig-timer.ko; do echo $m; done;	\
cat /dev/null ) > drivers/leds/trigger/modules.builtin
(for m in drivers/leds/led-class.ko drivers/leds/led-class-flash.ko drivers/leds/led-class-multicolor.ko drivers/leds/leds-qti-flash.ko drivers/leds/leds-qti-tri-led.ko drivers/leds/leds-qpnp-vibrator-ldo.ko; do echo $m; done;	\
cat /dev/null drivers/leds/trigger/modules.builtin) > drivers/leds/modules.builtin
make -f ./scripts/Makefile.modbuiltin obj=drivers/media/cec
(for m in drivers/mfd/act8945a.ko drivers/mfd/mfd-core.ko drivers/mfd/qcom-i2c-pmic.ko drivers/mfd/qcom-spmi-pmic.ko; do echo $m; done;	\
cat /dev/null ) > drivers/mfd/modules.builtin
  sh scripts/checksyscalls.sh ccache clang -Wp,-MD,./.missing-syscalls.d -nostdinc -isystem /usr/lib/llvm-14/lib/clang/14.0.0/include -I./arch/arm64/include -I./arch/arm64/include/generated  -I./include -I./arch/arm64/include/uapi -I./arch/arm64/include/generated/uapi -I./include/uapi -I./include/generated/uapi -include ./include/linux/kconfig.h -include ./include/linux/compiler_types.h -D__KERNEL__ -mlittle-endian -DKASAN_SHADOW_SCALE_SHIFT=3 -Qunused-arguments -Wall -Wundef -Werror=strict-prototypes -Wno-trigraphs -fno-strict-aliasing -fno-common -fshort-wchar -fno-PIE -Werror=implicit-function-declaration -Werror=implicit-int -Werror=return-type -Wno-format-security -std=gnu89 --target=aarch64-linux-gnu -Werror=unknown-warning-option -mgeneral-regs-only -DCONFIG_CC_HAS_K_CONSTRAINT=1 -fno-asynchronous-unwind-tables -Wno-psabi -mbranch-protection=none -DKASAN_SHADOW_SCALE_SHIFT=3 -fno-delete-null-pointer-checks -Wno-frame-address -Wno-address-of-packed-member -O2 -Wframe-larger-than=2048 -fstack-protector-strong -Wno-format-invalid-specifier -Wno-gnu -Wno-tautological-compare -Wno-unused-but-set-variable -Wno-unused-const-variable -fno-omit-frame-pointer -fno-optimize-sibling-calls -g -gdwarf-4 -Wdeclaration-after-statement -Wvla -Wno-pointer-sign -Wno-array-bounds -fno-strict-overflow -fno-merge-all-constants -fno-stack-check -Werror=date-time -Werror=incompatible-pointer-types -fmacro-prefix-map=./= -Wno-initializer-overrides -Wno-format -Wno-sign-compare -Wno-format-zero-length -Wno-pointer-to-enum-cast -Wno-unaligned-access -Wno-enum-compare-conditional    -DKBUILD_BASENAME='"missing_syscalls"' -DKBUILD_MODNAME='"missing_syscalls"' 
make -f ./scripts/Makefile.modbuiltin obj=drivers/misc/cardreader
make -f ./scripts/Makefile.modbuiltin obj=drivers/mmc/core
make -f ./scripts/Makefile.modbuiltin obj=drivers/mmc/host
(for m in drivers/media/cec/cec.ko; do echo $m; done;	\
cat /dev/null ) > drivers/media/cec/modules.builtin
(for m in ; do echo $m; done;	\
cat /dev/null ) > drivers/misc/cardreader/modules.builtin
make -f ./scripts/Makefile.modbuiltin obj=drivers/media/common
(for m in drivers/mmc/core/mmc_core.ko drivers/mmc/core/mmc_block.ko; do echo $m; done;	\
cat /dev/null ) > drivers/mmc/core/modules.builtin
make -f ./scripts/Makefile.modbuiltin obj=drivers/media/firewire
make -f ./scripts/Makefile.modbuiltin obj=drivers/misc/cb710
make -f ./scripts/Makefile.modbuiltin obj=drivers/media/common/b2c2
make -f ./scripts/Makefile.modbuiltin obj=drivers/misc/eeprom
(for m in ; do echo $m; done;	\
cat /dev/null ) > drivers/media/firewire/modules.builtin
(for m in drivers/mmc/host/sdhci.ko drivers/mmc/host/sdhci-pltfm.ko drivers/mmc/host/sdhci-msm.ko drivers/mmc/host/cqhci.ko drivers/mmc/host/cqhci-crypto.ko drivers/mmc/host/cqhci-crypto-qti.ko; do echo $m; done;	\
cat /dev/null ) > drivers/mmc/host/modules.builtin
make -f ./scripts/Makefile.modbuiltin obj=drivers/misc/lis3lv02d
(for m in ; do echo $m; done;	\
cat /dev/null ) > drivers/media/common/b2c2/modules.builtin
(for m in ; do echo $m; done;	\
cat /dev/null drivers/mmc/core/modules.builtin drivers/mmc/host/modules.builtin) > drivers/mmc/modules.builtin
make -f ./scripts/Makefile.modbuiltin obj=drivers/misc/mic
(for m in ; do echo $m; done;	\
cat /dev/null ) > drivers/misc/eeprom/modules.builtin
make -f ./scripts/Makefile.modbuiltin obj=drivers/media/common/saa7146
make -f ./scripts/Makefile.modbuiltin obj=drivers/net
(for m in ; do echo $m; done;	\
cat /dev/null ) > drivers/misc/cb710/modules.builtin
(for m in ; do echo $m; done;	\
cat /dev/null ) > drivers/misc/lis3lv02d/modules.builtin
make -f ./scripts/Makefile.headersinst obj=arch/arm64/include/uapi

-- SUSFS_VERSION: v1.5.5
make -f ./scripts/Makefile.modbuiltin obj=drivers/media/common/siano
(for m in drivers/kernelsu/kernelsu.ko; do echo $m; done;	\
cat /dev/null ) > drivers/kernelsu/modules.builtin
make -f ./scripts/Makefile.modbuiltin obj=drivers/net/dsa
make -f ./scripts/Makefile.modbuiltin obj=drivers/media/common/v4l2-tpg
make -f ./scripts/Makefile.modbuiltin obj=drivers/net/phy
make -f ./scripts/Makefile.modbuiltin obj=drivers/misc/mic/bus
(for m in ; do echo $m; done;	\
cat /dev/null ) > drivers/media/common/saa7146/modules.builtin
(for m in drivers/net/phy/libphy.ko drivers/net/phy/fixed_phy.ko drivers/net/phy/microchip.ko; do echo $m; done;	\
cat /dev/null ) > drivers/net/phy/modules.builtin
(for m in ; do echo $m; done;	\
cat /dev/null ) > drivers/media/common/v4l2-tpg/modules.builtin
make -f ./scripts/Makefile.modbuiltin obj=drivers/nfc
make -f ./scripts/Makefile.modbuiltin obj=drivers/misc/ti-st
make -f ./scripts/Makefile.modbuiltin obj=drivers/media/i2c
(for m in ; do echo $m; done;	\
cat /dev/null ) > drivers/media/common/siano/modules.builtin
make -f ./scripts/Makefile.modbuiltin obj=drivers/media/common/videobuf2
make -f ./scripts/Makefile.modbuiltin obj=drivers/net/dsa/b53
(for m in ; do echo $m; done;	\
cat /dev/null ) > drivers/misc/ti-st/modules.builtin
(for m in ; do echo $m; done;	\
cat /dev/null ) > drivers/misc/mic/bus/modules.builtin
(for m in drivers/media/common/videobuf2/videobuf2-common.ko drivers/media/common/videobuf2/videobuf2-v4l2.ko drivers/media/common/videobuf2/videobuf2-memops.ko drivers/media/common/videobuf2/videobuf2-vmalloc.ko drivers/media/common/videobuf2/videobuf2-dma-contig.ko; do echo $m; done;	\
cat /dev/null ) > drivers/media/common/videobuf2/modules.builtin
make -f ./scripts/Makefile.modbuiltin obj=drivers/media/mc
make -f ./scripts/Makefile.modbuiltin obj=drivers/nfc/qti
(for m in ; do echo $m; done;	\
cat /dev/null drivers/misc/mic/bus/modules.builtin) > drivers/misc/mic/modules.builtin
(for m in ; do echo $m; done;	\
cat /dev/null ) > drivers/net/dsa/b53/modules.builtin
(for m in ; do echo $m; done;	\
cat /dev/null drivers/media/common/b2c2/modules.builtin drivers/media/common/saa7146/modules.builtin drivers/media/common/siano/modules.builtin drivers/media/common/v4l2-tpg/modules.builtin drivers/media/common/videobuf2/modules.builtin) > drivers/media/common/modules.builtin
(for m in drivers/misc/hdcp_qseecom.ko drivers/misc/qseecom-mod.ko; do echo $m; done;	\
cat /dev/null drivers/misc/cardreader/modules.builtin drivers/misc/cb710/modules.builtin drivers/misc/eeprom/modules.builtin drivers/misc/lis3lv02d/modules.builtin drivers/misc/mic/modules.builtin drivers/misc/ti-st/modules.builtin) > drivers/misc/modules.builtin
(for m in drivers/nfc/qti/nfc_i2c.ko; do echo $m; done;	\
cat /dev/null ) > drivers/nfc/qti/modules.builtin
make -f ./scripts/Makefile.modbuiltin obj=drivers/net/dsa/microchip
make -f ./scripts/Makefile.modbuiltin obj=drivers/nvdimm
(for m in ; do echo $m; done;	\
cat /dev/null ) > drivers/media/i2c/modules.builtin
make -f ./scripts/Makefile.modbuiltin obj=drivers/net/dsa/mv88e6xxx
(for m in ; do echo $m; done;	\
cat /dev/null drivers/nfc/qti/modules.builtin) > drivers/nfc/modules.builtin
make -f ./scripts/Makefile.modbuiltin obj=drivers/nvme
for d in techpack/audio techpack/camera techpack/dataipa techpack/datarmnet-ext techpack/datarmnet techpack/display techpack/stub techpack/video; do \
	make -f ./scripts/Makefile.headersinst obj=$d/include/uapi; \
done
make -f ./scripts/Makefile.modbuiltin obj=drivers/nvmem
make -f ./scripts/Makefile.build obj=arch/arm64/kernel/vdso include/generated/vdso-offsets.h
(for m in drivers/nvdimm/libnvdimm.ko drivers/nvdimm/nd_pmem.ko drivers/nvdimm/nd_btt.ko drivers/nvdimm/of_pmem.ko; do echo $m; done;	\
cat /dev/null ) > drivers/nvdimm/modules.builtin
(for m in drivers/media/mc/mc.ko; do echo $m; done;	\
cat /dev/null ) > drivers/media/mc/modules.builtin
make -f ./scripts/Makefile.modbuiltin obj=drivers/media/mmc
make -f ./scripts/Makefile.modbuiltin obj=drivers/of
make -f ./scripts/Makefile.modbuiltin obj=drivers/nvme/host
(for m in ; do echo $m; done;	\
cat /dev/null ) > drivers/net/dsa/microchip/modules.builtin
(for m in ; do echo $m; done;	\
cat /dev/null ) > drivers/net/dsa/mv88e6xxx/modules.builtin
make -f ./scripts/Makefile.modbuiltin obj=drivers/opp
make -f ./scripts/Makefile.modbuiltin obj=drivers/media/mmc/siano
(for m in ; do echo $m; done;	\
cat /dev/null ) > drivers/nvme/host/modules.builtin
make -f ./scripts/Makefile.modbuiltin obj=drivers/net/dsa/sja1105
(for m in drivers/nvmem/nvmem_qfprom.ko drivers/nvmem/qcom-spmi-sdam.ko; do echo $m; done;	\
cat /dev/null ) > drivers/nvmem/modules.builtin
(for m in drivers/of/of_mdio.ko; do echo $m; done;	\
cat /dev/null ) > drivers/of/modules.builtin
make -f ./scripts/Makefile.modbuiltin obj=drivers/nvme/target
make -f ./scripts/Makefile.modbuiltin obj=drivers/pci
make -f ./scripts/Makefile.modbuiltin obj=drivers/net/ppp
make -f ./scripts/Makefile.modbuiltin obj=drivers/media/pci
(for m in ; do echo $m; done;	\
cat /dev/null ) > drivers/media/mmc/siano/modules.builtin
(for m in ; do echo $m; done;	\
cat /dev/null ) > drivers/net/dsa/sja1105/modules.builtin
(for m in drivers/net/ppp/ppp_generic.ko drivers/net/ppp/bsd_comp.ko drivers/net/ppp/ppp_deflate.ko drivers/net/ppp/ppp_mppe.ko drivers/net/ppp/pppox.ko drivers/net/ppp/pppox.ko drivers/net/ppp/pptp.ko; do echo $m; done;	\
cat /dev/null ) > drivers/net/ppp/modules.builtin
(for m in ; do echo $m; done;	\
cat /dev/null ) > drivers/opp/modules.builtin
(for m in ; do echo $m; done;	\
cat /dev/null drivers/media/mmc/siano/modules.builtin) > drivers/media/mmc/modules.builtin
make -f ./scripts/Makefile.modbuiltin obj=drivers/pci/controller
(for m in ; do echo $m; done;	\
cat /dev/null ) > drivers/nvme/target/modules.builtin
make -f ./scripts/Makefile.modbuiltin obj=drivers/media/platform
(for m in ; do echo $m; done;	\
cat /dev/null drivers/net/dsa/b53/modules.builtin drivers/net/dsa/microchip/modules.builtin drivers/net/dsa/mv88e6xxx/modules.builtin drivers/net/dsa/sja1105/modules.builtin) > drivers/net/dsa/modules.builtin
make -f ./scripts/Makefile.modbuiltin obj=drivers/media/radio
(for m in ; do echo $m; done;	\
cat /dev/null drivers/nvme/host/modules.builtin drivers/nvme/target/modules.builtin) > drivers/nvme/modules.builtin
make -f ./scripts/Makefile.modbuiltin obj=drivers/net/slip
make -f ./scripts/Makefile.modbuiltin obj=drivers/net/usb
make -f ./scripts/Makefile.modbuiltin obj=drivers/media/pci/b2c2
(for m in ; do echo $m; done;	\
cat /dev/null ) > drivers/media/radio/modules.builtin
make -f ./scripts/Makefile.modbuiltin obj=drivers/net/wireless
make -f ./scripts/Makefile.modbuiltin obj=drivers/media/rc
(for m in ; do echo $m; done;	\
cat /dev/null ) > drivers/media/pci/b2c2/modules.builtin
make -f ./scripts/Makefile.modbuiltin obj=drivers/pci/controller/dwc
make -f ./scripts/Makefile.modbuiltin obj=drivers/media/platform/cros-ec-cec
make -f ./scripts/Makefile.modbuiltin obj=drivers/net/wireless/cnss2
make -f ./scripts/Makefile.modbuiltin obj=drivers/media/pci/ddbridge
(for m in drivers/net/slip/slhc.ko; do echo $m; done;	\
cat /dev/null ) > drivers/net/slip/modules.builtin
make -f ./scripts/Makefile.modbuiltin obj=drivers/media/rc/keymaps
make -f ./scripts/Makefile.modbuiltin obj=drivers/media/spi
(for m in drivers/net/usb/rtl8150.ko drivers/net/usb/r8152.ko drivers/net/usb/lan78xx.ko drivers/net/usb/asix.ko drivers/net/usb/ax88179_178a.ko drivers/net/usb/cdc_ether.ko drivers/net/usb/cdc_eem.ko drivers/net/usb/usbnet.ko drivers/net/usb/cdc_ncm.ko drivers/net/usb/aqc111.ko; do echo $m; done;	\
cat /dev/null ) > drivers/net/usb/modules.builtin
make -f ./scripts/Makefile.modbuiltin obj=drivers/media/tuners
(for m in drivers/net/wireless/cnss2/cnss2.ko; do echo $m; done;	\
cat /dev/null ) > drivers/net/wireless/cnss2/modules.builtin
(for m in ; do echo $m; done;	\
cat /dev/null ) > drivers/media/platform/cros-ec-cec/modules.builtin
(for m in ; do echo $m; done;	\
cat /dev/null ) > drivers/media/spi/modules.builtin
(for m in ; do echo $m; done;	\
cat /dev/null ) > drivers/media/rc/keymaps/modules.builtin
(for m in ; do echo $m; done;	\
cat /dev/null ) > drivers/pci/controller/dwc/modules.builtin
(for m in ; do echo $m; done;	\
cat /dev/null ) > drivers/media/pci/ddbridge/modules.builtin
make -f ./scripts/Makefile.modbuiltin obj=drivers/net/wireless/cnss_genl
(for m in drivers/media/tuners/tda827x.ko drivers/media/tuners/tda18271.ko; do echo $m; done;	\
cat /dev/null ) > drivers/media/tuners/modules.builtin
make -f ./scripts/Makefile.modbuiltin obj=drivers/media/platform/davinci
(for m in drivers/pci/controller/pci-msm-drv.ko; do echo $m; done;	\
cat /dev/null drivers/pci/controller/dwc/modules.builtin) > drivers/pci/controller/modules.builtin
make -f ./scripts/Makefile.modbuiltin obj=drivers/pci/endpoint
make -f ./scripts/Makefile.modbuiltin obj=drivers/media/pci/dm1105
(for m in ; do echo $m; done;	\
cat /dev/null drivers/media/rc/keymaps/modules.builtin) > drivers/media/rc/modules.builtin
make -f ./scripts/Makefile.modbuiltin obj=drivers/net/wireless/cnss_prealloc
make -f ./scripts/Makefile.modbuiltin obj=drivers/pci/pcie
(for m in ; do echo $m; done;	\
cat /dev/null ) > drivers/media/platform/davinci/modules.builtin
make -f ./scripts/Makefile.modbuiltin obj=drivers/media/platform/meson
make -f ./scripts/Makefile.modbuiltin obj=drivers/pci/endpoint/functions
make -f ./scripts/Makefile.modbuiltin obj=drivers/pci/switch
(for m in ; do echo $m; done;	\
cat /dev/null ) > drivers/pci/pcie/modules.builtin
make -f ./scripts/Makefile.modbuiltin obj=drivers/media/usb
(for m in ; do echo $m; done;	\
cat /dev/null ) > drivers/pci/switch/modules.builtin
(for m in ; do echo $m; done;	\
cat /dev/null ) > drivers/pci/endpoint/functions/modules.builtin
(for m in drivers/net/wireless/cnss_genl/cnss_nl.ko; do echo $m; done;	\
cat /dev/null ) > drivers/net/wireless/cnss_genl/modules.builtin
make -f ./scripts/Makefile.build obj=init \
single-build= \
need-builtin=1 need-modorder=1
(for m in ; do echo $m; done;	\
cat /dev/null ) > drivers/media/pci/dm1105/modules.builtin
make -f ./scripts/Makefile.modbuiltin obj=drivers/media/pci/intel
(for m in ; do echo $m; done;	\
cat /dev/null drivers/pci/endpoint/functions/modules.builtin) > drivers/pci/endpoint/modules.builtin
(for m in drivers/net/wireless/cnss_prealloc/cnss_prealloc.ko; do echo $m; done;	\
cat /dev/null ) > drivers/net/wireless/cnss_prealloc/modules.builtin
make -f ./scripts/Makefile.modbuiltin obj=drivers/media/pci/mantis
make -f ./scripts/Makefile.modbuiltin obj=drivers/media/usb/b2c2
make -f ./scripts/Makefile.modbuiltin obj=drivers/media/v4l2-core
make -f ./scripts/Makefile.modbuiltin obj=drivers/net/wireless/cnss_utils
(for m in ; do echo $m; done;	\
cat /dev/null ) > drivers/media/platform/meson/modules.builtin
(for m in ; do echo $m; done;	\
cat /dev/null drivers/pci/controller/modules.builtin drivers/pci/endpoint/modules.builtin drivers/pci/pcie/modules.builtin drivers/pci/switch/modules.builtin) > drivers/pci/modules.builtin
make -f ./scripts/Makefile.modbuiltin obj=drivers/media/platform/msm
make -f ./scripts/Makefile.modbuiltin obj=drivers/media/usb/dvb-usb
(for m in ; do echo $m; done;	\
cat /dev/null ) > drivers/media/pci/mantis/modules.builtin
(for m in drivers/net/wireless/cnss_utils/cnss_utils.ko drivers/net/wireless/cnss_utils/wlan_firmware_service_v01.ko drivers/net/wireless/cnss_utils/device_management_service_v01.ko; do echo $m; done;	\
cat /dev/null ) > drivers/net/wireless/cnss_utils/modules.builtin
(for m in drivers/media/v4l2-core/videodev.ko drivers/media/v4l2-core/v4l2-dv-timings.ko; do echo $m; done;	\
cat /dev/null ) > drivers/media/v4l2-core/modules.builtin
make -f ./scripts/Makefile.modbuiltin obj=drivers/media/platform/msm/cvp
make -f ./scripts/Makefile.modbuiltin obj=drivers/media/pci/intel/ipu3
(for m in ; do echo $m; done;	\
cat /dev/null ) > drivers/media/usb/b2c2/modules.builtin
(for m in ; do echo $m; done;	\
cat /dev/null ) > drivers/media/usb/dvb-usb/modules.builtin
make -f ./scripts/Makefile.modbuiltin obj=drivers/media/usb/dvb-usb-v2
make -f ./scripts/Makefile.modbuiltin obj=drivers/media/pci/netup_unidvb
(for m in ; do echo $m; done;	\
cat /dev/null drivers/net/wireless/cnss2/modules.builtin drivers/net/wireless/cnss_genl/modules.builtin drivers/net/wireless/cnss_prealloc/modules.builtin drivers/net/wireless/cnss_utils/modules.builtin) > drivers/net/wireless/modules.builtin
make -f ./scripts/Makefile.modbuiltin obj=drivers/media/platform/omap
make -f ./scripts/Makefile.modbuiltin obj=drivers/media/platform/stm32
(for m in drivers/net/dummy.ko drivers/net/mii.ko drivers/net/tun.ko drivers/net/veth.ko; do echo $m; done;	\
cat /dev/null drivers/net/dsa/modules.builtin drivers/net/phy/modules.builtin drivers/net/ppp/modules.builtin drivers/net/slip/modules.builtin drivers/net/usb/modules.builtin drivers/net/wireless/modules.builtin) > drivers/net/modules.builtin
(for m in ; do echo $m; done;	\
cat /dev/null ) > drivers/media/usb/dvb-usb-v2/modules.builtin
make -f ./scripts/Makefile.modbuiltin obj=drivers/media/usb/gspca
make -f ./scripts/Makefile.modbuiltin obj=drivers/perf
(for m in ; do echo $m; done;	\
cat /dev/null ) > drivers/media/platform/stm32/modules.builtin
(for m in ; do echo $m; done;	\
cat /dev/null ) > drivers/media/pci/intel/ipu3/modules.builtin
(for m in ; do echo $m; done;	\
cat /dev/null ) > drivers/perf/modules.builtin
(for m in drivers/media/platform/msm/cvp/msm-cvp.ko; do echo $m; done;	\
cat /dev/null ) > drivers/media/platform/msm/cvp/modules.builtin
make -f ./scripts/Makefile.modbuiltin obj=drivers/phy
(for m in ; do echo $m; done;	\
cat /dev/null ) > drivers/media/pci/netup_unidvb/modules.builtin
(for m in ; do echo $m; done;	\
cat /dev/null ) > drivers/media/platform/omap/modules.builtin
make -f ./scripts/Makefile.modbuiltin obj=drivers/media/platform/sunxi
make -f ./scripts/Makefile.modbuiltin obj=drivers/media/platform/msm/synx
(for m in ; do echo $m; done;	\
cat /dev/null drivers/media/pci/intel/ipu3/modules.builtin) > drivers/media/pci/intel/modules.builtin
(for m in drivers/media/usb/gspca/gspca_main.ko; do echo $m; done;	\
cat /dev/null ) > drivers/media/usb/gspca/modules.builtin
make -f ./scripts/Makefile.modbuiltin obj=drivers/pinctrl
make -f ./scripts/Makefile.modbuiltin obj=drivers/media/usb/s2255
make -f ./scripts/Makefile.modbuiltin obj=drivers/media/pci/ngene
make -f ./scripts/Makefile.modbuiltin obj=drivers/media/pci/pluto2
make -f ./scripts/Makefile.modbuiltin obj=drivers/pinctrl/actions
(for m in ; do echo $m; done;	\
make -f ./scripts/Makefile.modbuiltin obj=drivers/phy/allwinner
cat /dev/null ) > drivers/media/pci/ngene/modules.builtin
make -f ./scripts/Makefile.modbuiltin obj=drivers/media/platform/sunxi/sun4i-csi
(for m in ; do echo $m; done;	\
cat /dev/null ) > drivers/media/usb/s2255/modules.builtin
(for m in drivers/media/platform/msm/synx/synx-driver.ko; do echo $m; done;	\
cat /dev/null ) > drivers/media/platform/msm/synx/modules.builtin
(for m in ; do echo $m; done;	\
cat /dev/null ) > drivers/media/pci/pluto2/modules.builtin
make -f ./scripts/Makefile.modbuiltin obj=drivers/media/usb/siano
(for m in ; do echo $m; done;	\
cat /dev/null drivers/media/platform/msm/cvp/modules.builtin drivers/media/platform/msm/synx/modules.builtin) > drivers/media/platform/msm/modules.builtin
(for m in ; do echo $m; done;	\
cat /dev/null ) > drivers/media/platform/sunxi/sun4i-csi/modules.builtin
make -f ./scripts/Makefile.modbuiltin obj=drivers/media/pci/pt1
make -f ./scripts/Makefile.modbuiltin obj=drivers/platform
(for m in ; do echo $m; done;	\
cat /dev/null ) > drivers/media/usb/siano/modules.builtin
make -f ./scripts/Makefile.modbuiltin obj=drivers/media/platform/sunxi/sun6i-csi
make -f ./scripts/Makefile.modbuiltin obj=drivers/phy/broadcom
make -f ./scripts/Makefile.modbuiltin obj=drivers/media/usb/stkwebcam
(for m in ; do echo $m; done;	\
cat /dev/null ) > drivers/pinctrl/actions/modules.builtin
(for m in ; do echo $m; done;	\
cat /dev/null ) > drivers/phy/allwinner/modules.builtin
(for m in ; do echo $m; done;	\
cat /dev/null ) > drivers/media/platform/sunxi/sun6i-csi/modules.builtin
(for m in ; do echo $m; done;	\
cat /dev/null ) > drivers/media/pci/pt1/modules.builtin
sh ./scripts/mkcompile_h include/generated/compile.h	\
"aarch64" "y" "y"	\
"" "Ubuntu clang version 14.0.0-1ubuntu1.1" "aarch64-linux-gnu-ld"
make -f ./scripts/Makefile.modbuiltin obj=drivers/media/usb/ttusb-budget
make -f ./scripts/Makefile.modbuiltin obj=drivers/media/pci/pt3
(for m in ; do echo $m; done;	\
cat /dev/null ) > drivers/phy/broadcom/modules.builtin
(for m in ; do echo $m; done;	\
cat /dev/null drivers/media/platform/sunxi/sun4i-csi/modules.builtin drivers/media/platform/sunxi/sun6i-csi/modules.builtin) > drivers/media/platform/sunxi/modules.builtin
make -f ./scripts/Makefile.modbuiltin obj=drivers/pinctrl/bcm
(for m in ; do echo $m; done;	\
cat /dev/null ) > drivers/media/usb/stkwebcam/modules.builtin
make -f ./scripts/Makefile.modbuiltin obj=drivers/platform/msm
(for m in ; do echo $m; done;	\
cat /dev/null drivers/media/platform/cros-ec-cec/modules.builtin drivers/media/platform/davinci/modules.builtin drivers/media/platform/meson/modules.builtin drivers/media/platform/msm/modules.builtin drivers/media/platform/omap/modules.builtin drivers/media/platform/stm32/modules.builtin drivers/media/platform/sunxi/modules.builtin) > drivers/media/platform/modules.builtin
make -f ./scripts/Makefile.modbuiltin obj=drivers/phy/cadence
(for m in ; do echo $m; done;	\
cat /dev/null ) > drivers/media/pci/pt3/modules.builtin
make -f ./scripts/Makefile.modbuiltin obj=drivers/phy/freescale
(for m in ; do echo $m; done;	\
cat /dev/null ) > drivers/media/usb/ttusb-budget/modules.builtin
make -f ./scripts/Makefile.modbuiltin obj=drivers/platform/msm/ipa_fmwk
make -f ./scripts/Makefile.modbuiltin obj=drivers/media/pci/saa7146
(for m in ; do echo $m; done;	\
cat /dev/null ) > drivers/pinctrl/bcm/modules.builtin
make -f ./scripts/Makefile.modbuiltin obj=drivers/phy/hisilicon
make -f ./scripts/Makefile.modbuiltin obj=drivers/pinctrl/cirrus
make -f ./scripts/Makefile.modbuiltin obj=drivers/media/usb/ttusb-dec
(for m in ; do echo $m; done;	\
cat /dev/null ) > drivers/phy/freescale/modules.builtin
(for m in ; do echo $m; done;	\
cat /dev/null ) > drivers/phy/hisilicon/modules.builtin
(for m in ; do echo $m; done;	\
cat /dev/null ) > drivers/pinctrl/cirrus/modules.builtin
(for m in ; do echo $m; done;	\
cat /dev/null ) > drivers/phy/cadence/modules.builtin
make -f ./scripts/Makefile.modbuiltin obj=drivers/media/pci/smipcie
(for m in drivers/platform/msm/ipa_fmwk/ipa_fmwk.ko; do echo $m; done;	\
cat /dev/null ) > drivers/platform/msm/ipa_fmwk/modules.builtin
make -f ./scripts/Makefile.modbuiltin obj=drivers/phy/lantiq
(for m in ; do echo $m; done;	\
cat /dev/null ) > drivers/media/pci/saa7146/modules.builtin
make -f ./scripts/Makefile.modbuiltin obj=drivers/pinctrl/freescale
(for m in ; do echo $m; done;	\
cat /dev/null ) > drivers/media/usb/ttusb-dec/modules.builtin
make -f ./scripts/Makefile.modbuiltin obj=drivers/platform/msm/sps
make -f ./scripts/Makefile.modbuiltin obj=drivers/media/usb/uvc
make -f ./scripts/Makefile.modbuiltin obj=drivers/phy/marvell
make -f ./scripts/Makefile.modbuiltin obj=drivers/pinctrl/mediatek
(for m in ; do echo $m; done;	\
cat /dev/null ) > drivers/phy/lantiq/modules.builtin
make -f ./scripts/Makefile.modbuiltin obj=drivers/pinctrl/mvebu
(for m in drivers/media/usb/uvc/uvcvideo.ko; do echo $m; done;	\
cat /dev/null ) > drivers/media/usb/uvc/modules.builtin
(for m in ; do echo $m; done;	\
cat /dev/null ) > drivers/media/pci/smipcie/modules.builtin
(for m in ; do echo $m; done;	\
cat /dev/null ) > drivers/pinctrl/freescale/modules.builtin
{  :; } \
| awk '!x[$0]++' - > init/modules.order
make -f ./scripts/Makefile.modbuiltin obj=drivers/media/pci/ttpci
(for m in ; do echo $m; done;	\
cat /dev/null ) > drivers/phy/marvell/modules.builtin
make -f ./scripts/Makefile.modbuiltin obj=drivers/media/usb/zr364xx
make -f ./scripts/Makefile.modbuiltin obj=drivers/phy/motorola
(for m in ; do echo $m; done;	\
cat /dev/null ) > drivers/pinctrl/mediatek/modules.builtin
(for m in drivers/platform/msm/sps/sps_drv.ko; do echo $m; done;	\
cat /dev/null ) > drivers/platform/msm/sps/modules.builtin
make -f ./scripts/Makefile.modbuiltin obj=drivers/phy/mscc
make -f ./scripts/Makefile.modbuiltin obj=drivers/pinctrl/nomadik
(for m in ; do echo $m; done;	\
cat /dev/null ) > drivers/media/pci/ttpci/modules.builtin
(for m in drivers/platform/msm/msm-geni-se.ko drivers/platform/msm/usb_bam.ko; do echo $m; done;	\
cat /dev/null drivers/platform/msm/ipa_fmwk/modules.builtin drivers/platform/msm/sps/modules.builtin) > drivers/platform/msm/modules.builtin
(for m in ; do echo $m; done;	\
cat /dev/null ) > drivers/phy/mscc/modules.builtin
(for m in ; do echo $m; done;	\
cat /dev/null drivers/media/pci/b2c2/modules.builtin drivers/media/pci/ddbridge/modules.builtin drivers/media/pci/dm1105/modules.builtin drivers/media/pci/intel/modules.builtin drivers/media/pci/mantis/modules.builtin drivers/media/pci/netup_unidvb/modules.builtin drivers/media/pci/ngene/modules.builtin drivers/media/pci/pluto2/modules.builtin drivers/media/pci/pt1/modules.builtin drivers/media/pci/pt3/modules.builtin drivers/media/pci/saa7146/modules.builtin drivers/media/pci/smipcie/modules.builtin drivers/media/pci/ttpci/modules.builtin) > drivers/media/pci/modules.builtin
make -f ./scripts/Makefile.modbuiltin obj=drivers/pinctrl/qcom
(for m in ; do echo $m; done;	\
cat /dev/null ) > drivers/pinctrl/mvebu/modules.builtin
make -f ./scripts/Makefile.modbuiltin obj=drivers/pinctrl/sprd
(for m in ; do echo $m; done;	\
cat /dev/null drivers/platform/msm/modules.builtin) > drivers/platform/modules.builtin
make -f ./scripts/Makefile.modbuiltin obj=drivers/pinctrl/ti
(for m in ; do echo $m; done;	\
cat /dev/null ) > drivers/media/usb/zr364xx/modules.builtin
(for m in ; do echo $m; done;	\
cat /dev/null ) > drivers/pinctrl/nomadik/modules.builtin
(for m in ; do echo $m; done;	\
cat /dev/null ) > drivers/phy/motorola/modules.builtin
make -f ./scripts/Makefile.modbuiltin obj=drivers/phy/qualcomm
make -f ./scripts/Makefile.build obj=usr \
single-build= \
need-builtin=1 need-modorder=1
(for m in ; do echo $m; done;	\
cat /dev/null drivers/media/usb/b2c2/modules.builtin drivers/media/usb/dvb-usb/modules.builtin drivers/media/usb/dvb-usb-v2/modules.builtin drivers/media/usb/gspca/modules.builtin drivers/media/usb/s2255/modules.builtin drivers/media/usb/siano/modules.builtin drivers/media/usb/stkwebcam/modules.builtin drivers/media/usb/ttusb-budget/modules.builtin drivers/media/usb/ttusb-dec/modules.builtin drivers/media/usb/uvc/modules.builtin drivers/media/usb/zr364xx/modules.builtin) > drivers/media/usb/modules.builtin
(for m in drivers/pinctrl/qcom/pinctrl-msm.ko drivers/pinctrl/qcom/pinctrl-spmi-gpio.ko drivers/pinctrl/qcom/pinctrl-spmi-mpp.ko drivers/pinctrl/qcom/pinctrl-lahaina.ko drivers/pinctrl/qcom/pinctrl-shima.ko drivers/pinctrl/qcom/pinctrl-yupik.ko; do echo $m; done;	\
cat /dev/null ) > drivers/pinctrl/qcom/modules.builtin
(for m in ; do echo $m; done;	\
cat /dev/null ) > drivers/pinctrl/ti/modules.builtin
make -f ./scripts/Makefile.modbuiltin obj=drivers/power
(for m in ; do echo $m; done;	\
cat /dev/null ) > drivers/pinctrl/sprd/modules.builtin
make -f ./scripts/Makefile.modbuiltin obj=drivers/ptp
(for m in ; do echo $m; done;	\
cat /dev/null drivers/media/cec/modules.builtin drivers/media/common/modules.builtin drivers/media/firewire/modules.builtin drivers/media/i2c/modules.builtin drivers/media/mc/modules.builtin drivers/media/mmc/modules.builtin drivers/media/pci/modules.builtin drivers/media/platform/modules.builtin drivers/media/radio/modules.builtin drivers/media/rc/modules.builtin drivers/media/spi/modules.builtin drivers/media/tuners/modules.builtin drivers/media/usb/modules.builtin drivers/media/v4l2-core/modules.builtin) > drivers/media/modules.builtin
make -f ./scripts/Makefile.modbuiltin obj=drivers/phy/ralink
make -f ./scripts/Makefile.modbuiltin obj=drivers/pwm
(for m in drivers/pinctrl/pinctrl-amd.ko drivers/pinctrl/pinctrl-single.ko; do echo $m; done;	\
cat /dev/null drivers/pinctrl/actions/modules.builtin drivers/pinctrl/bcm/modules.builtin drivers/pinctrl/cirrus/modules.builtin drivers/pinctrl/freescale/modules.builtin drivers/pinctrl/mediatek/modules.builtin drivers/pinctrl/mvebu/modules.builtin drivers/pinctrl/nomadik/modules.builtin drivers/pinctrl/qcom/modules.builtin drivers/pinctrl/sprd/modules.builtin drivers/pinctrl/ti/modules.builtin) > drivers/pinctrl/modules.builtin
make -f ./scripts/Makefile.modbuiltin obj=drivers/power/avs
make -f ./scripts/Makefile.build obj=arch/arm64 \
single-build= \
need-builtin=1 need-modorder=1
(for m in ; do echo $m; done;	\
cat /dev/null ) > drivers/power/avs/modules.builtin
make -f ./scripts/Makefile.modbuiltin obj=drivers/power/reset
(for m in ; do echo $m; done;	\
cat /dev/null ) > drivers/ptp/modules.builtin
(for m in drivers/phy/qualcomm/phy-qcom-ufs.ko drivers/phy/qualcomm/phy-qcom-ufs-qmp-v4-yupik.ko drivers/phy/qualcomm/phy-qcom-ufs-qmp-v4-lahaina.ko drivers/phy/qualcomm/phy-qcom-ufs-qmp-v4.ko drivers/phy/qualcomm/phy-qcom-ufs-qmp-v3.ko drivers/phy/qualcomm/phy-qcom-ufs-qmp-v3-660.ko drivers/phy/qualcomm/phy-qcom-ufs-qmp-14nm.ko drivers/phy/qualcomm/phy-qcom-ufs-qrbtc-sdm845.ko; do echo $m; done;	\
cat /dev/null ) > drivers/phy/qualcomm/modules.builtin
(for m in ; do echo $m; done;	\
cat /dev/null ) > drivers/phy/ralink/modules.builtin
(for m in drivers/pwm/pwm-qti-lpg.ko; do echo $m; done;	\
cat /dev/null ) > drivers/pwm/modules.builtin
make -f ./scripts/Makefile.modbuiltin obj=drivers/power/supply
make -f ./scripts/Makefile.modbuiltin obj=drivers/phy/samsung
make -f ./scripts/Makefile.modbuiltin obj=drivers/phy/socionext
make -f ./scripts/Makefile.modbuiltin obj=drivers/ras
sh ./usr/gen_initramfs_list.sh -l -d > usr/.initramfs_data.cpio.d
make -f ./scripts/Makefile.modbuiltin obj=drivers/phy/st
(for m in drivers/power/supply/qti_battery_charger_main.ko; do echo $m; done;	\
cat /dev/null ) > drivers/power/supply/modules.builtin
(for m in drivers/power/reset/hisi-reboot.ko drivers/power/reset/msm-poweroff.ko drivers/power/reset/qcom-dload-mode.ko drivers/power/reset/qcom-reboot-reason.ko; do echo $m; done;	\
cat /dev/null ) > drivers/power/reset/modules.builtin
make -f ./scripts/Makefile.build obj=usr/include \
 \
need-builtin= \
need-modorder=
(for m in ; do echo $m; done;	\
cat /dev/null ) > drivers/ras/modules.builtin
(for m in ; do echo $m; done;	\
cat /dev/null ) > drivers/phy/st/modules.builtin
make -f ./scripts/Makefile.modbuiltin obj=drivers/phy/ti
(for m in ; do echo $m; done;	\
cat /dev/null drivers/power/avs/modules.builtin drivers/power/reset/modules.builtin drivers/power/supply/modules.builtin) > drivers/power/modules.builtin
make -f ./scripts/Makefile.modbuiltin obj=drivers/regulator
(for m in ; do echo $m; done;	\
cat /dev/null ) > drivers/phy/socionext/modules.builtin
make -f ./scripts/Makefile.build obj=kernel \
single-build= \
need-builtin=1 need-modorder=1
(for m in ; do echo $m; done;	\
cat /dev/null ) > drivers/phy/samsung/modules.builtin
make -f ./scripts/Makefile.modbuiltin obj=drivers/remoteproc
make -f ./scripts/Makefile.modbuiltin obj=drivers/reset
(for m in drivers/regulator/fixed.ko drivers/regulator/qti-fixed-regulator.ko drivers/regulator/proxy-consumer.ko drivers/regulator/qcom_pm8008-regulator.ko drivers/regulator/qpnp-lcdb-regulator.ko drivers/regulator/qpnp-amoled-regulator.ko drivers/regulator/refgen.ko drivers/regulator/rpmh-regulator.ko drivers/regulator/stub-regulator.ko; do echo $m; done;	\
cat /dev/null ) > drivers/regulator/modules.builtin
make -f ./scripts/Makefile.modbuiltin obj=drivers/rpmsg
(for m in ; do echo $m; done;	\
cat /dev/null ) > drivers/remoteproc/modules.builtin
(for m in drivers/rpmsg/rpmsg_core.ko drivers/rpmsg/rpmsg_char.ko drivers/rpmsg/qcom_glink_native.ko drivers/rpmsg/qcom_glink_smem.ko drivers/rpmsg/qcom_glink_spss.ko; do echo $m; done;	\
cat /dev/null ) > drivers/rpmsg/modules.builtin
make -f ./scripts/Makefile.build obj=arch/arm64/crypto \
 \
need-builtin=1 \
need-modorder=1
make -f ./scripts/Makefile.build obj=arch/arm64/kernel \
 \
need-builtin=1 \
need-modorder=1
make -f ./scripts/Makefile.modbuiltin obj=drivers/reset/hisilicon
make -f ./scripts/Makefile.modbuiltin obj=drivers/rtc
make -f ./scripts/Makefile.build obj=arch/arm64/mm \
 \
need-builtin=1 \
need-modorder=1
(for m in drivers/rtc/rtc-pl030.ko drivers/rtc/rtc-pl031.ko drivers/rtc/rtc-pm8xxx.ko; do echo $m; done;	\
cat /dev/null ) > drivers/rtc/modules.builtin
(for m in ; do echo $m; done;	\
cat /dev/null ) > drivers/phy/ti/modules.builtin
make -f ./scripts/Makefile.modbuiltin obj=drivers/scsi
(for m in drivers/reset/hisilicon/hi6220_reset.ko drivers/reset/hisilicon/reset-hi3660.ko; do echo $m; done;	\
cat /dev/null ) > drivers/reset/hisilicon/modules.builtin
(for m in ; do echo $m; done;	\
cat /dev/null drivers/phy/allwinner/modules.builtin drivers/phy/broadcom/modules.builtin drivers/phy/cadence/modules.builtin drivers/phy/freescale/modules.builtin drivers/phy/hisilicon/modules.builtin drivers/phy/lantiq/modules.builtin drivers/phy/marvell/modules.builtin drivers/phy/motorola/modules.builtin drivers/phy/mscc/modules.builtin drivers/phy/qualcomm/modules.builtin drivers/phy/ralink/modules.builtin drivers/phy/samsung/modules.builtin drivers/phy/socionext/modules.builtin drivers/phy/st/modules.builtin drivers/phy/ti/modules.builtin) > drivers/phy/modules.builtin
make -f ./scripts/Makefile.build obj=certs \
single-build= \
need-builtin=1 need-modorder=1
(for m in drivers/reset/reset-scmi.ko; do echo $m; done;	\
cat /dev/null drivers/reset/hisilicon/modules.builtin) > drivers/reset/modules.builtin
make -f ./scripts/Makefile.modbuiltin obj=drivers/scsi/ufs
make -f ./scripts/Makefile.modbuiltin obj=drivers/soc
(for m in drivers/scsi/ufs/tc-dwc-g210-pltfrm.ko drivers/scsi/ufs/ufshcd-dwc.ko drivers/scsi/ufs/tc-dwc-g210.ko drivers/scsi/ufs/ufs-qcom.ko drivers/scsi/ufs/ufshcd-core.ko drivers/scsi/ufs/ufshcd-pci.ko drivers/scsi/ufs/ufshcd-pltfrm.ko drivers/scsi/ufs/ufs-hisi.ko drivers/scsi/ufs/ufshcd-crypto-qti.ko; do echo $m; done;	\
cat /dev/null ) > drivers/scsi/ufs/modules.builtin
(for m in drivers/scsi/scsi_mod.ko drivers/scsi/sd_mod.ko drivers/scsi/sg.ko; do echo $m; done;	\
cat /dev/null drivers/scsi/ufs/modules.builtin) > drivers/scsi/modules.builtin
make -f ./scripts/Makefile.modbuiltin obj=drivers/soc/amlogic
make -f ./scripts/Makefile.build obj=mm \
single-build= \
need-builtin=1 need-modorder=1
(for m in ; do echo $m; done;	\
cat /dev/null ) > drivers/soc/amlogic/modules.builtin
make -f ./scripts/Makefile.modbuiltin obj=drivers/soc/bcm
{  :; } \
| awk '!x[$0]++' - > certs/modules.order
(for m in ; do echo $m; done;	\
cat /dev/null ) > drivers/soc/bcm/modules.builtin
make -f ./scripts/Makefile.modbuiltin obj=drivers/spi
make -f ./scripts/Makefile.modbuiltin obj=drivers/soc/fsl
(for m in drivers/spi/spidev.ko drivers/spi/spi-msm-geni.ko; do echo $m; done;	\
cat /dev/null ) > drivers/spi/modules.builtin
(for m in ; do echo $m; done;	\
cat /dev/null ) > drivers/soc/fsl/modules.builtin
make -f ./scripts/Makefile.modbuiltin obj=drivers/soc/mediatek
make -f ./scripts/Makefile.modbuiltin obj=drivers/spmi
(for m in ; do echo $m; done;	\
cat /dev/null ) > drivers/soc/mediatek/modules.builtin
make -f ./scripts/Makefile.modbuiltin obj=drivers/soc/qcom
{  :; } \
| awk '!x[$0]++' - > arch/arm64/crypto/modules.order
(for m in drivers/spmi/spmi.ko drivers/spmi/spmi-pmic-arb.ko drivers/spmi/spmi-pmic-arb-debug.ko drivers/spmi/spmi-glink-debug.ko; do echo $m; done;	\
cat /dev/null ) > drivers/spmi/modules.builtin
make -f ./scripts/Makefile.modbuiltin obj=drivers/staging
make -f ./scripts/Makefile.build obj=arch/arm64/net \
 \
need-builtin=1 \
need-modorder=1
make -f ./scripts/Makefile.modbuiltin obj=drivers/soc/qcom/icnss2
make -f ./scripts/Makefile.modbuiltin obj=drivers/staging/android
(for m in drivers/soc/qcom/icnss2/icnss2.ko; do echo $m; done;	\
cat /dev/null ) > drivers/soc/qcom/icnss2/modules.builtin
make -f ./scripts/Makefile.modbuiltin obj=drivers/soc/qcom/qdsp6v2
make -f ./scripts/Makefile.modbuiltin obj=drivers/staging/android/ion
(for m in drivers/soc/qcom/qdsp6v2/cdsp-loader.ko; do echo $m; done;	\
cat /dev/null ) > drivers/soc/qcom/qdsp6v2/modules.builtin
make -f ./scripts/Makefile.modbuiltin obj=drivers/staging/android/ion/heaps
(for m in drivers/soc/qcom/cmd-db.ko drivers/soc/qcom/peripheral-loader.ko drivers/soc/qcom/subsystem_restart.ko drivers/soc/qcom/subsys-pil-tz.ko drivers/soc/qcom/service-notifier.ko drivers/soc/qcom/service-locator.ko drivers/soc/qcom/qmi_helpers.ko drivers/soc/qcom/qcom_rpmh.ko drivers/soc/qcom/soc_sleep_stats.ko drivers/soc/qcom/boot_stats.ko drivers/soc/qcom/smem.ko drivers/soc/qcom/smp2p.ko drivers/soc/qcom/subsystem_sleep_stats.ko drivers/soc/qcom/qsee_ipc_irq_bridge.ko drivers/soc/qcom/smsm.ko drivers/soc/qcom/core_hang_detect.ko drivers/soc/qcom/secure_buffer.ko drivers/soc/qcom/socinfo.ko drivers/soc/qcom/qcom_proxy_of_consumer.ko drivers/soc/qcom/qcom_ipcc.ko drivers/soc/qcom/qcom_rimps.ko drivers/soc/qcom/qcom_llcc.ko drivers/soc/qcom/llcc-lahaina.ko drivers/soc/qcom/llcc-shima.ko drivers/soc/qcom/llcc-yupik.ko drivers/soc/qcom/msm_minidump.ko drivers/soc/qcom/minidump_log.ko drivers/soc/qcom/memory_dump_v2.ko drivers/soc/qcom/smcinvoke.ko drivers/soc/qcom/microdump_collector.ko drivers/soc/qcom/rpmhpd.ko drivers/soc/qcom/smp2p_sleepstate.ko drivers/soc/qcom/sensors_ssc.ko drivers/soc/qcom/glink_pkt.ko drivers/soc/qcom/qsee_ipc_irq.ko drivers/soc/qcom/glink_probe.ko drivers/soc/qcom/msm_glink_ssr.ko drivers/soc/qcom/pmic_glink.ko drivers/soc/qcom/qti_battery_debug.ko drivers/soc/qcom/altmode-glink.ko drivers/soc/qcom/pmic-pon-log.ko drivers/soc/qcom/ddr_stats.ko drivers/soc/qcom/spss_utils.ko drivers/soc/qcom/msm_performance.ko drivers/soc/qcom/rpmh_master_stat.ko drivers/soc/qcom/qpnp-pbs.ko drivers/soc/qcom/spcom.ko drivers/soc/qcom/cdsprm.ko drivers/soc/qcom/eud.ko drivers/soc/qcom/guestvm_loader.ko drivers/soc/qcom/qbt_handler.ko drivers/soc/qcom/crypto-qti-common.ko drivers/soc/qcom/hwkm.ko drivers/soc/qcom/crypto-qti-hwkm.ko drivers/soc/qcom/qcom_wdt_core.ko drivers/soc/qcom/qcom_soc_wdt.ko drivers/soc/qcom/sys_pm_vx.ko drivers/soc/qcom/plh_scmi.ko drivers/soc/qcom/sysmon_subsystem_stats.ko drivers/soc/qcom/memlat_scmi.ko drivers/soc/qcom/rimps_memlat.ko drivers/soc/qcom/rimps_log.ko drivers/soc/qcom/qfprom-sys.ko; do echo $m; done;	\
cat /dev/null drivers/soc/qcom/icnss2/modules.builtin drivers/soc/qcom/qdsp6v2/modules.builtin) > drivers/soc/qcom/modules.builtin
make -f ./scripts/Makefile.modbuiltin obj=drivers/soc/renesas
{  :; } \
| awk '!x[$0]++' - > arch/arm64/net/modules.order
{  :; } \
| awk '!x[$0]++' - > arch/arm64/mm/modules.order
make -f ./scripts/Makefile.modbuiltin obj=drivers/staging/iio
(for m in drivers/staging/android/ion/heaps/ion_sys_heap.ko drivers/staging/android/ion/heaps/msm_ion_heaps.ko; do echo $m; done;	\
cat /dev/null ) > drivers/staging/android/ion/heaps/modules.builtin
make -f ./scripts/Makefile.modbuiltin obj=drivers/soc/sunxi
(for m in ; do echo $m; done;	\
cat /dev/null drivers/staging/android/ion/heaps/modules.builtin) > drivers/staging/android/ion/modules.builtin
(for m in ; do echo $m; done;	\
cat /dev/null ) > drivers/soc/renesas/modules.builtin
(for m in drivers/staging/android/vsoc.ko; do echo $m; done;	\
cat /dev/null drivers/staging/android/ion/modules.builtin) > drivers/staging/android/modules.builtin
make -f ./scripts/Makefile.modbuiltin obj=drivers/staging/iio/accel
make -f ./scripts/Makefile.modbuiltin obj=drivers/soc/ti
make -f ./scripts/Makefile.modbuiltin obj=drivers/staging/media
(for m in ; do echo $m; done;	\
cat /dev/null ) > drivers/soc/sunxi/modules.builtin
make -f ./scripts/Makefile.modbuiltin obj=drivers/soc/xilinx
(for m in ; do echo $m; done;	\
cat /dev/null ) > drivers/soc/ti/modules.builtin
(for m in ; do echo $m; done;	\
cat /dev/null ) > drivers/staging/iio/accel/modules.builtin
(for m in ; do echo $m; done;	\
cat /dev/null ) > drivers/staging/media/modules.builtin
make -f ./scripts/Makefile.modbuiltin obj=drivers/thermal
make -f ./scripts/Makefile.modbuiltin obj=drivers/staging/iio/adc
make -f ./scripts/Makefile.build obj=fs \
single-build= \
need-builtin=1 need-modorder=1
(for m in ; do echo $m; done;	\
cat /dev/null ) > drivers/soc/xilinx/modules.builtin
(for m in ; do echo $m; done;	\
cat /dev/null drivers/soc/amlogic/modules.builtin drivers/soc/bcm/modules.builtin drivers/soc/fsl/modules.builtin drivers/soc/mediatek/modules.builtin drivers/soc/qcom/modules.builtin drivers/soc/renesas/modules.builtin drivers/soc/sunxi/modules.builtin drivers/soc/ti/modules.builtin drivers/soc/xilinx/modules.builtin) > drivers/soc/modules.builtin
make -f ./scripts/Makefile.modbuiltin obj=drivers/thermal/broadcom
(for m in ; do echo $m; done;	\
cat /dev/null ) > drivers/staging/iio/adc/modules.builtin
make -f ./scripts/Makefile.modbuiltin obj=drivers/thermal/intel
make -f ./scripts/Makefile.modbuiltin obj=drivers/staging/iio/addac
(for m in ; do echo $m; done;	\
cat /dev/null ) > drivers/thermal/broadcom/modules.builtin
(for m in ; do echo $m; done;	\
cat /dev/null ) > drivers/thermal/intel/modules.builtin
make -f ./scripts/Makefile.modbuiltin obj=drivers/staging/iio/cdc
make -f ./scripts/Makefile.modbuiltin obj=drivers/thermal/qcom
(for m in ; do echo $m; done;	\
cat /dev/null ) > drivers/staging/iio/addac/modules.builtin
make -f ./scripts/Makefile.modbuiltin obj=drivers/thermal/samsung
(for m in ; do echo $m; done;	\
cat /dev/null ) > drivers/staging/iio/cdc/modules.builtin
(for m in drivers/thermal/qcom/qcom-spmi-temp-alarm.ko drivers/thermal/qcom/qti-adc-tm.ko drivers/thermal/qcom/qti_qmi_sensor.ko drivers/thermal/qcom/qti_qmi_cdev.ko drivers/thermal/qcom/cpu_isolate.ko drivers/thermal/qcom/cpu_hotplug.ko drivers/thermal/qcom/bcl_pmic5.ko drivers/thermal/qcom/bcl_soc.ko drivers/thermal/qcom/msm_lmh_dcvs.ko drivers/thermal/qcom/cpu_voltage_cooling.ko drivers/thermal/qcom/policy_engine.ko drivers/thermal/qcom/sdpm_clk.ko drivers/thermal/qcom/ddr_cdev.ko drivers/thermal/qcom/max31760_fan.ko; do echo $m; done;	\
cat /dev/null ) > drivers/thermal/qcom/modules.builtin
make -f ./scripts/Makefile.modbuiltin obj=drivers/staging/iio/frequency
(for m in ; do echo $m; done;	\
cat /dev/null ) > drivers/thermal/samsung/modules.builtin
make -f ./scripts/Makefile.modbuiltin obj=drivers/staging/iio/impedance-analyzer
make -f ./scripts/Makefile.modbuiltin obj=drivers/thermal/st
(for m in ; do echo $m; done;	\
cat /dev/null ) > drivers/staging/iio/frequency/modules.builtin
(for m in ; do echo $m; done;	\
cat /dev/null ) > drivers/staging/iio/impedance-analyzer/modules.builtin
(for m in ; do echo $m; done;	\
cat /dev/null ) > drivers/thermal/st/modules.builtin
make -f ./scripts/Makefile.modbuiltin obj=drivers/thermal/tegra
make -f ./scripts/Makefile.modbuiltin obj=drivers/staging/iio/meter
make -f ./scripts/Makefile.modbuiltin obj=drivers/tty
(for m in ; do echo $m; done;	\
cat /dev/null ) > drivers/thermal/tegra/modules.builtin
(for m in drivers/thermal/hisi_thermal.ko drivers/thermal/msm-tsens-driver.ko; do echo $m; done;	\
cat /dev/null drivers/thermal/broadcom/modules.builtin drivers/thermal/intel/modules.builtin drivers/thermal/qcom/modules.builtin drivers/thermal/samsung/modules.builtin drivers/thermal/st/modules.builtin drivers/thermal/tegra/modules.builtin) > drivers/thermal/modules.builtin
(for m in ; do echo $m; done;	\
cat /dev/null ) > drivers/staging/iio/meter/modules.builtin
make -f ./scripts/Makefile.modbuiltin obj=drivers/tty/hvc
make -f ./scripts/Makefile.modbuiltin obj=drivers/tty/ipwireless
make -f ./scripts/Makefile.modbuiltin obj=drivers/staging/iio/resolver
(for m in drivers/tty/hvc/hvc_haven.ko; do echo $m; done;	\
cat /dev/null ) > drivers/tty/hvc/modules.builtin
(for m in ; do echo $m; done;	\
cat /dev/null ) > drivers/tty/ipwireless/modules.builtin
(for m in ; do echo $m; done;	\
cat /dev/null ) > drivers/staging/iio/resolver/modules.builtin
make -f ./scripts/Makefile.build obj=ipc \
single-build= \
need-builtin=1 need-modorder=1
make -f ./scripts/Makefile.modbuiltin obj=drivers/tty/serial
(for m in ; do echo $m; done;	\
cat /dev/null drivers/staging/iio/accel/modules.builtin drivers/staging/iio/adc/modules.builtin drivers/staging/iio/addac/modules.builtin drivers/staging/iio/cdc/modules.builtin drivers/staging/iio/frequency/modules.builtin drivers/staging/iio/impedance-analyzer/modules.builtin drivers/staging/iio/meter/modules.builtin drivers/staging/iio/resolver/modules.builtin) > drivers/staging/iio/modules.builtin
(for m in ; do echo $m; done;	\
cat /dev/null drivers/staging/android/modules.builtin drivers/staging/iio/modules.builtin drivers/staging/media/modules.builtin) > drivers/staging/modules.builtin
make -f ./scripts/Makefile.modbuiltin obj=drivers/uio
make -f ./scripts/Makefile.modbuiltin obj=drivers/tty/serial/8250
(for m in drivers/tty/serial/8250/8250.ko drivers/tty/serial/8250/8250_base.ko drivers/tty/serial/8250/8250_pci.ko drivers/tty/serial/8250/8250_dw.ko drivers/tty/serial/8250/8250_of.ko; do echo $m; done;	\
cat /dev/null ) > drivers/tty/serial/8250/modules.builtin
make -f ./scripts/Makefile.modbuiltin obj=drivers/uio/msm_sharedmem
(for m in drivers/tty/serial/serial_core.ko drivers/tty/serial/amba-pl011.ko drivers/tty/serial/samsung_tty.ko drivers/tty/serial/msm_geni_serial.ko drivers/tty/serial/sprd_serial.ko drivers/tty/serial/serial_mctrl_gpio.ko; do echo $m; done;	\
cat /dev/null drivers/tty/serial/8250/modules.builtin) > drivers/tty/serial/modules.builtin
{  :; } \
| awk '!x[$0]++' - > ipc/modules.order
make -f ./scripts/Makefile.modbuiltin obj=drivers/tty/vt
make -f ./scripts/Makefile.build obj=security \
single-build= \
need-builtin=1 need-modorder=1
(for m in drivers/uio/msm_sharedmem/msm_sharedmem.ko; do echo $m; done;	\
cat /dev/null ) > drivers/uio/msm_sharedmem/modules.builtin
(for m in ; do echo $m; done;	\
cat /dev/null ) > drivers/tty/vt/modules.builtin
(for m in drivers/uio/uio.ko; do echo $m; done;	\
cat /dev/null drivers/uio/msm_sharedmem/modules.builtin) > drivers/uio/modules.builtin
make -f ./scripts/Makefile.build obj=crypto \
single-build= \
need-builtin=1 need-modorder=1
(for m in ; do echo $m; done;	\
cat /dev/null drivers/tty/hvc/modules.builtin drivers/tty/ipwireless/modules.builtin drivers/tty/serial/modules.builtin drivers/tty/vt/modules.builtin) > drivers/tty/modules.builtin
make -f ./scripts/Makefile.modbuiltin obj=drivers/usb
make -f ./scripts/Makefile.modbuiltin obj=drivers/usb/common
(for m in drivers/usb/common/usb-common.ko; do echo $m; done;	\
cat /dev/null ) > drivers/usb/common/modules.builtin
make -f ./scripts/Makefile.modbuiltin obj=drivers/usb/core
make -f ./scripts/Makefile.build obj=security/integrity \
 \
need-builtin=1 \
need-modorder=1
(for m in ; do echo $m; done;	\
cat /dev/null ) > drivers/usb/core/modules.builtin
make -f ./scripts/Makefile.modbuiltin obj=drivers/usb/dwc3
(for m in drivers/usb/dwc3/dwc3.ko drivers/usb/dwc3/dwc3-haps.ko drivers/usb/dwc3/dwc3-of-simple.ko drivers/usb/dwc3/dwc3-qcom.ko drivers/usb/dwc3/dwc3-msm.ko; do echo $m; done;	\
cat /dev/null ) > drivers/usb/dwc3/modules.builtin
{  :; } \
| awk '!x[$0]++' - > security/integrity/modules.order
make -f ./scripts/Makefile.modbuiltin obj=drivers/usb/gadget
make -f ./scripts/Makefile.build obj=security/keys \
 \
need-builtin=1 \
need-modorder=1
make -f ./scripts/Makefile.modbuiltin obj=drivers/usb/gadget/function
(for m in drivers/usb/gadget/function/usb_f_acm.ko drivers/usb/gadget/function/u_serial.ko drivers/usb/gadget/function/usb_f_serial.ko drivers/usb/gadget/function/u_ether.ko drivers/usb/gadget/function/usb_f_ncm.ko drivers/usb/gadget/function/usb_f_mass_storage.ko drivers/usb/gadget/function/usb_f_fs.ko drivers/usb/gadget/function/u_audio.ko drivers/usb/gadget/function/usb_f_uac2.ko drivers/usb/gadget/function/usb_f_uvc.ko drivers/usb/gadget/function/usb_f_midi.ko drivers/usb/gadget/function/usb_f_hid.ko drivers/usb/gadget/function/usb_f_accessory.ko drivers/usb/gadget/function/usb_f_audio_source.ko drivers/usb/gadget/function/usb_f_diag.ko drivers/usb/gadget/function/usb_f_qdss.ko drivers/usb/gadget/function/usb_f_ccid.ko drivers/usb/gadget/function/usb_f_cdev.ko drivers/usb/gadget/function/usb_f_gsi.ko; do echo $m; done;	\
cat /dev/null ) > drivers/usb/gadget/function/modules.builtin
make -f ./scripts/Makefile.modbuiltin obj=drivers/usb/gadget/legacy
(for m in ; do echo $m; done;	\
cat /dev/null ) > drivers/usb/gadget/legacy/modules.builtin
make -f ./scripts/Makefile.modbuiltin obj=drivers/usb/gadget/udc
(for m in drivers/usb/gadget/udc/udc-core.ko drivers/usb/gadget/udc/dummy_hcd.ko; do echo $m; done;	\
cat /dev/null ) > drivers/usb/gadget/udc/modules.builtin
(for m in drivers/usb/gadget/libcomposite.ko; do echo $m; done;	\
cat /dev/null drivers/usb/gadget/function/modules.builtin drivers/usb/gadget/legacy/modules.builtin drivers/usb/gadget/udc/modules.builtin) > drivers/usb/gadget/modules.builtin
make -f ./scripts/Makefile.modbuiltin obj=drivers/usb/host
(for m in drivers/usb/host/ehci-hcd.ko drivers/usb/host/ehci-pci.ko drivers/usb/host/ehci-platform.ko drivers/usb/host/xhci-hcd.ko drivers/usb/host/xhci-pci.ko drivers/usb/host/xhci-plat-hcd.ko; do echo $m; done;	\
cat /dev/null ) > drivers/usb/host/modules.builtin
make -f ./scripts/Makefile.modbuiltin obj=drivers/usb/misc
{  :; } \
| awk '!x[$0]++' - > usr/modules.order
make -f ./scripts/Makefile.modbuiltin obj=drivers/usb/phy
(for m in drivers/usb/misc/ehset.ko drivers/usb/misc/lvstest.ko drivers/usb/misc/ssusb-redriver-nb7vpq904m.ko; do echo $m; done;	\
cat /dev/null ) > drivers/usb/misc/modules.builtin
make -f ./scripts/Makefile.modbuiltin obj=drivers/usb/roles
(for m in drivers/usb/phy/phy-generic.ko drivers/usb/phy/phy-qcom-emu.ko drivers/usb/phy/phy-msm-ssusb-qmp.ko drivers/usb/phy/phy-msm-snps-hs.ko; do echo $m; done;	\
cat /dev/null ) > drivers/usb/phy/modules.builtin
(for m in drivers/usb/roles/roles.ko; do echo $m; done;	\
cat /dev/null ) > drivers/usb/roles/modules.builtin
make -f ./scripts/Makefile.modbuiltin obj=drivers/usb/storage
make -f ./scripts/Makefile.build obj=block \
single-build= \
need-builtin=1 need-modorder=1
(for m in drivers/usb/storage/uas.ko drivers/usb/storage/usb-storage.ko; do echo $m; done;	\
cat /dev/null ) > drivers/usb/storage/modules.builtin
make -f ./scripts/Makefile.modbuiltin obj=drivers/usb/typec
make -f ./scripts/Makefile.modbuiltin obj=drivers/usb/typec/altmodes
(for m in ; do echo $m; done;	\
cat /dev/null ) > drivers/usb/typec/altmodes/modules.builtin
make -f ./scripts/Makefile.modbuiltin obj=drivers/usb/typec/mux
{  :; } \
| awk '!x[$0]++' - > security/keys/modules.order
make -f ./scripts/Makefile.build obj=security/selinux \
 \
need-builtin=1 \
need-modorder=1
(for m in ; do echo $m; done;	\
cat /dev/null ) > drivers/usb/typec/mux/modules.builtin
make -f ./scripts/Makefile.modbuiltin obj=drivers/usb/typec/tcpm
(for m in drivers/usb/typec/tcpm/tcpm.ko; do echo $m; done;	\
cat /dev/null ) > drivers/usb/typec/tcpm/modules.builtin
make -f ./scripts/Makefile.modbuiltin obj=drivers/usb/typec/ucsi
(for m in drivers/usb/typec/ucsi/typec_ucsi.ko drivers/usb/typec/ucsi/ucsi_glink.ko; do echo $m; done;	\
cat /dev/null ) > drivers/usb/typec/ucsi/modules.builtin
(for m in drivers/usb/typec/typec.ko; do echo $m; done;	\
cat /dev/null drivers/usb/typec/altmodes/modules.builtin drivers/usb/typec/mux/modules.builtin drivers/usb/typec/tcpm/modules.builtin drivers/usb/typec/ucsi/modules.builtin) > drivers/usb/typec/modules.builtin
(for m in ; do echo $m; done;	\
cat /dev/null drivers/usb/common/modules.builtin drivers/usb/core/modules.builtin drivers/usb/dwc3/modules.builtin drivers/usb/gadget/modules.builtin drivers/usb/host/modules.builtin drivers/usb/misc/modules.builtin drivers/usb/phy/modules.builtin drivers/usb/roles/modules.builtin drivers/usb/storage/modules.builtin drivers/usb/typec/modules.builtin) > drivers/usb/modules.builtin
make -f ./scripts/Makefile.modbuiltin obj=drivers/video
make -f ./scripts/Makefile.modbuiltin obj=drivers/video/backlight
(for m in drivers/video/backlight/backlight.ko drivers/video/backlight/generic_bl.ko drivers/video/backlight/qcom-spmi-wled.ko; do echo $m; done;	\
cat /dev/null ) > drivers/video/backlight/modules.builtin
make -f ./scripts/Makefile.build obj=arch/arm64/kernel/probes \
 \
need-builtin=1 \
need-modorder=1
make -f ./scripts/Makefile.modbuiltin obj=drivers/video/fbdev
make -f ./scripts/Makefile.modbuiltin obj=drivers/video/fbdev/core
make -f ./scripts/Makefile.build obj=kernel/bpf \
 \
need-builtin=1 \
need-modorder=1
(for m in ; do echo $m; done;	\
cat /dev/null ) > drivers/video/fbdev/core/modules.builtin
make -f ./scripts/Makefile.modbuiltin obj=drivers/video/fbdev/omap2
make -f ./scripts/Makefile.modbuiltin obj=drivers/video/fbdev/omap2/omapfb
make -f ./scripts/Makefile.modbuiltin obj=drivers/video/fbdev/omap2/omapfb/displays
{  :; } \
| awk '!x[$0]++' - > arch/arm64/kernel/probes/modules.order
make -f ./scripts/Makefile.build obj=arch/arm64/kernel/vdso \
 \
need-builtin=1 \
need-modorder=1
(for m in ; do echo $m; done;	\
cat /dev/null ) > drivers/video/fbdev/omap2/omapfb/displays/modules.builtin
make -f ./scripts/Makefile.modbuiltin obj=drivers/video/fbdev/omap2/omapfb/dss
(for m in ; do echo $m; done;	\
cat /dev/null ) > drivers/video/fbdev/omap2/omapfb/dss/modules.builtin
(for m in ; do echo $m; done;	\
cat /dev/null drivers/video/fbdev/omap2/omapfb/displays/modules.builtin drivers/video/fbdev/omap2/omapfb/dss/modules.builtin) > drivers/video/fbdev/omap2/omapfb/modules.builtin
{  :; } \
| awk '!x[$0]++' - > arch/arm64/kernel/vdso/modules.order
(for m in ; do echo $m; done;	\
cat /dev/null drivers/video/fbdev/omap2/omapfb/modules.builtin) > drivers/video/fbdev/omap2/modules.builtin
{   cat arch/arm64/kernel/vdso/modules.order;   cat arch/arm64/kernel/probes/modules.order; :; } \
| awk '!x[$0]++' - > arch/arm64/kernel/modules.order
(for m in ; do echo $m; done;	\
cat /dev/null drivers/video/fbdev/core/modules.builtin drivers/video/fbdev/omap2/modules.builtin) > drivers/video/fbdev/modules.builtin
(for m in ; do echo $m; done;	\
cat /dev/null drivers/video/backlight/modules.builtin drivers/video/fbdev/modules.builtin) > drivers/video/modules.builtin
{   cat arch/arm64/kernel/modules.order;   cat arch/arm64/mm/modules.order;   cat arch/arm64/net/modules.order;   cat arch/arm64/crypto/modules.order; :; } \
| awk '!x[$0]++' - > arch/arm64/modules.order
make -f ./scripts/Makefile.modbuiltin obj=drivers/virt
make -f ./scripts/Makefile.build obj=kernel/cgroup \
 \
need-builtin=1 \
need-modorder=1
make -f ./scripts/Makefile.modbuiltin obj=drivers/virt/haven
make -f ./scripts/Makefile.build obj=fs/configfs \
 \
need-builtin=1 \
need-modorder=1
(for m in drivers/virt/haven/hh_ctrl.ko drivers/virt/haven/hh_msgq.ko drivers/virt/haven/hh_rm_drv.ko drivers/virt/haven/hh_dbl.ko drivers/virt/haven/hh_irq_lend.ko drivers/virt/haven/hh_mem_notifier.ko drivers/virt/haven/hh_virt_wdt.ko; do echo $m; done;	\
cat /dev/null ) > drivers/virt/haven/modules.builtin
make -f ./scripts/Makefile.modbuiltin obj=drivers/virt/vboxguest
(for m in ; do echo $m; done;	\
cat /dev/null ) > drivers/virt/vboxguest/modules.builtin
(for m in ; do echo $m; done;	\
cat /dev/null drivers/virt/haven/modules.builtin drivers/virt/vboxguest/modules.builtin) > drivers/virt/modules.builtin
make -f ./scripts/Makefile.modbuiltin obj=drivers/virtio
(for m in drivers/virtio/virtio.ko drivers/virtio/virtio_ring.ko; do echo $m; done;	\
cat /dev/null ) > drivers/virtio/modules.builtin
make -f ./scripts/Makefile.modbuiltin obj=drivers/watchdog
{  :; } \
| awk '!x[$0]++' - > security/selinux/modules.order
{  :; } \
| awk '!x[$0]++' - > kernel/cgroup/modules.order
make -f ./scripts/Makefile.build obj=fs/crypto \
 \
need-builtin=1 \
need-modorder=1
(for m in drivers/watchdog/watchdog.ko; do echo $m; done;	\
cat /dev/null ) > drivers/watchdog/modules.builtin
(for m in ; do echo $m; done;	\
cat /dev/null drivers/amba/modules.builtin drivers/android/modules.builtin drivers/auxdisplay/modules.builtin drivers/base/modules.builtin drivers/block/modules.builtin drivers/bluetooth/modules.builtin drivers/bus/modules.builtin drivers/cdrom/modules.builtin drivers/char/modules.builtin drivers/char/ipmi/modules.builtin drivers/clk/modules.builtin drivers/clocksource/modules.builtin drivers/cpufreq/modules.builtin drivers/cpuidle/modules.builtin drivers/crypto/modules.builtin drivers/dax/modules.builtin drivers/devfreq/modules.builtin drivers/dma/modules.builtin drivers/dma-buf/modules.builtin drivers/edac/modules.builtin drivers/extcon/modules.builtin drivers/firewire/modules.builtin drivers/firmware/modules.builtin drivers/gnss/modules.builtin drivers/gpio/modules.builtin drivers/gpu/modules.builtin drivers/hid/modules.builtin drivers/hwmon/modules.builtin drivers/hwspinlock/modules.builtin drivers/hwtracing/coresight/modules.builtin drivers/hwtracing/intel_th/modules.builtin drivers/hwtracing/stm/modules.builtin drivers/i2c/modules.builtin drivers/i3c/modules.builtin drivers/idle/modules.builtin drivers/iio/modules.builtin drivers/input/modules.builtin drivers/input/serio/modules.builtin drivers/interconnect/modules.builtin drivers/iommu/modules.builtin drivers/irqchip/modules.builtin drivers/kernelsu/modules.builtin drivers/leds/modules.builtin drivers/macintosh/modules.builtin drivers/mailbox/modules.builtin drivers/md/modules.builtin drivers/media/modules.builtin drivers/mfd/modules.builtin drivers/misc/modules.builtin drivers/mmc/modules.builtin drivers/net/modules.builtin drivers/nfc/modules.builtin drivers/nvdimm/modules.builtin drivers/nvme/modules.builtin drivers/nvmem/modules.builtin drivers/of/modules.builtin drivers/opp/modules.builtin drivers/pci/modules.builtin drivers/perf/modules.builtin drivers/phy/modules.builtin drivers/pinctrl/modules.builtin drivers/platform/modules.builtin drivers/power/modules.builtin drivers/ptp/modules.builtin drivers/pwm/modules.builtin drivers/ras/modules.builtin drivers/regulator/modules.builtin drivers/remoteproc/modules.builtin drivers/reset/modules.builtin drivers/rpmsg/modules.builtin drivers/rtc/modules.builtin drivers/scsi/modules.builtin drivers/soc/modules.builtin drivers/spi/modules.builtin drivers/spmi/modules.builtin drivers/staging/modules.builtin drivers/thermal/modules.builtin drivers/tty/modules.builtin drivers/uio/modules.builtin drivers/usb/modules.builtin drivers/video/modules.builtin drivers/virt/modules.builtin drivers/virtio/modules.builtin drivers/watchdog/modules.builtin) > drivers/modules.builtin
make -f ./scripts/Makefile.build obj=kernel/dma \
 \
need-builtin=1 \
need-modorder=1
{   cat security/keys/modules.order;   cat security/selinux/modules.order;   cat security/integrity/modules.order; :; } \
| awk '!x[$0]++' - > security/modules.order
make -f ./scripts/Makefile.build obj=kernel/events \
 \
need-builtin=1 \
need-modorder=1
{  :; } \
| awk '!x[$0]++' - > fs/configfs/modules.order
make -f ./scripts/Makefile.build obj=fs/debugfs \
 \
need-builtin=1 \
need-modorder=1
{  :; } \
| awk '!x[$0]++' - > fs/debugfs/modules.order
{  :; } \
| awk '!x[$0]++' - > mm/modules.order
make -f ./scripts/Makefile.build obj=kernel/irq \
 \
need-builtin=1 \
need-modorder=1
make -f ./scripts/Makefile.build obj=kernel/livepatch \
 \
need-builtin=1 \
need-modorder=1
{  :; } \
| awk '!x[$0]++' - > kernel/dma/modules.order
{  :; } \
| awk '!x[$0]++' - > kernel/livepatch/modules.order
make -f ./scripts/Makefile.build obj=drivers \
single-build= \
need-builtin=1 need-modorder=1
make -f ./scripts/Makefile.build obj=block/partitions \
 \
need-builtin=1 \
need-modorder=1
make -f ./scripts/Makefile.build obj=fs/devpts \
 \
need-builtin=1 \
need-modorder=1
{  :; } \
| awk '!x[$0]++' - > kernel/events/modules.order
make -f ./scripts/Makefile.build obj=fs/erofs \
 \
need-builtin=1 \
need-modorder=1
make -f ./scripts/Makefile.build obj=drivers/amba \
 \
need-builtin=1 \
need-modorder=1
{  :; } \
| awk '!x[$0]++' - > fs/crypto/modules.order
make -f ./scripts/Makefile.build obj=sound \
single-build= \
need-builtin=1 need-modorder=1
{  :; } \
| awk '!x[$0]++' - > kernel/bpf/modules.order
make -f ./scripts/Makefile.build obj=kernel/locking \
 \
need-builtin=1 \
need-modorder=1
{  :; } \
| awk '!x[$0]++' - > fs/devpts/modules.order
make -f ./scripts/Makefile.build obj=techpack \
single-build= \
need-builtin=1 need-modorder=1
{  :; } \
| awk '!x[$0]++' - > drivers/amba/modules.order
make -f ./scripts/Makefile.build obj=drivers/android \
 \
need-builtin=1 \
need-modorder=1
make -f ./scripts/Makefile.build obj=sound/arm \
 \
need-builtin=1 \
need-modorder=1
{  :; } \
| awk '!x[$0]++' - > block/partitions/modules.order
make -f ./scripts/Makefile.build obj=techpack/audio \
 \
need-builtin=1 \
need-modorder=1
{  :; } \
| awk '!x[$0]++' - > sound/arm/modules.order
make -f ./scripts/Makefile.build obj=techpack/audio/asoc \
 \
need-builtin=1 \
need-modorder=1
make -f ./scripts/Makefile.build obj=sound/atmel \
 \
need-builtin=1 \
need-modorder=1
{  :; } \
| awk '!x[$0]++' - > sound/atmel/modules.order
make -f ./scripts/Makefile.build obj=sound/core \
 \
need-builtin=1 \
need-modorder=1
{  :; } \
| awk '!x[$0]++' - > drivers/android/modules.order
{  :; } \
| awk '!x[$0]++' - > kernel/locking/modules.order
make -f ./scripts/Makefile.build obj=drivers/auxdisplay \
 \
need-builtin=1 \
need-modorder=1
make -f ./scripts/Makefile.build obj=sound/drivers \
 \
need-builtin=1 \
need-modorder=1
{  :; } \
| awk '!x[$0]++' - > drivers/auxdisplay/modules.order
make -f ./scripts/Makefile.build obj=drivers/base \
 \
need-builtin=1 \
need-modorder=1
make -f ./scripts/Makefile.build obj=sound/drivers/mpu401 \
 \
need-builtin=1 \
need-modorder=1
{  :; } \
| awk '!x[$0]++' - > sound/drivers/mpu401/modules.order
{  :; } \
| awk '!x[$0]++' - > fs/erofs/modules.order
make -f ./scripts/Makefile.build obj=sound/drivers/opl3 \
 \
need-builtin=1 \
need-modorder=1
make -f ./scripts/Makefile.build obj=fs/exportfs \
 \
need-builtin=1 \
need-modorder=1
{  :; } \
| awk '!x[$0]++' - > sound/drivers/opl3/modules.order
make -f ./scripts/Makefile.build obj=sound/drivers/opl4 \
 \
need-builtin=1 \
need-modorder=1
{  :; } \
| awk '!x[$0]++' - > fs/exportfs/modules.order
make -f ./scripts/Makefile.build obj=fs/ext4 \
 \
need-builtin=1 \
need-modorder=1
{  :; } \
| awk '!x[$0]++' - > sound/drivers/opl4/modules.order
{  :; } \
| awk '!x[$0]++' - > kernel/irq/modules.order
make -f ./scripts/Makefile.build obj=sound/drivers/pcsp \
 \
need-builtin=1 \
need-modorder=1
make -f ./scripts/Makefile.build obj=kernel/power \
 \
need-builtin=1 \
need-modorder=1
{  :; } \
| awk '!x[$0]++' - > sound/drivers/pcsp/modules.order
make -f ./scripts/Makefile.build obj=sound/drivers/vx \
 \
need-builtin=1 \
need-modorder=1
{  :; } \
| awk '!x[$0]++' - > sound/drivers/vx/modules.order
{   cat sound/drivers/opl3/modules.order;   cat sound/drivers/opl4/modules.order;   cat sound/drivers/mpu401/modules.order;   cat sound/drivers/vx/modules.order;   cat sound/drivers/pcsp/modules.order; :; } \
| awk '!x[$0]++' - > sound/drivers/modules.order
make -f ./scripts/Makefile.build obj=fs/f2fs \
 \
need-builtin=1 \
need-modorder=1
{   cat block/partitions/modules.order; :; } \
| awk '!x[$0]++' - > block/modules.order
{  :; } \
| awk '!x[$0]++' - > kernel/power/modules.order
make -f ./scripts/Makefile.build obj=sound/firewire \
 \
need-builtin=1 \
need-modorder=1
make -f ./scripts/Makefile.build obj=techpack/audio/asoc/codecs \
 \
need-builtin=1 \
need-modorder=1
make -f ./scripts/Makefile.build obj=kernel/printk \
 \
need-builtin=1 \
need-modorder=1
{  :; } \
| awk '!x[$0]++' - > sound/firewire/modules.order
make -f ./scripts/Makefile.build obj=techpack/audio/asoc/iio \
 \
need-builtin=1 \
need-modorder=1
{  :; } \
| awk '!x[$0]++' - > kernel/printk/modules.order
make -f ./scripts/Makefile.build obj=kernel/rcu \
 \
need-builtin=1 \
need-modorder=1
{   echo techpack/audio/asoc/iio/us_prox_iio.ko; :; } \
| awk '!x[$0]++' - > techpack/audio/asoc/iio/modules.order
make -f ./scripts/Makefile.build obj=sound/hda \
 \
need-builtin=1 \
need-modorder=1
{  :; } \
| awk '!x[$0]++' - > sound/core/modules.order
{  :; } \
| awk '!x[$0]++' - > sound/hda/modules.order
make -f ./scripts/Makefile.build obj=kernel/sched \
 \
need-builtin=1 \
need-modorder=1
make -f ./scripts/Makefile.build obj=sound/i2c \
 \
need-builtin=1 \
need-modorder=1
make -f ./scripts/Makefile.build obj=sound/i2c/other \
 \
need-builtin=1 \
need-modorder=1
make -f ./scripts/Makefile.build obj=drivers/base/firmware_loader \
 \
need-builtin=1 \
need-modorder=1
{  :; } \
| awk '!x[$0]++' - > sound/i2c/other/modules.order
{   cat sound/i2c/other/modules.order; :; } \
| awk '!x[$0]++' - > sound/i2c/modules.order
make -f ./scripts/Makefile.build obj=sound/isa \
 \
need-builtin=1 \
need-modorder=1
{  :; } \
| awk '!x[$0]++' - > kernel/rcu/modules.order
make -f ./scripts/Makefile.build obj=sound/isa/ad1816a \
 \
need-builtin=1 \
need-modorder=1
make -f ./scripts/Makefile.build obj=drivers/base/power \
 \
need-builtin=1 \
need-modorder=1
{  :; } \
| awk '!x[$0]++' - > sound/isa/ad1816a/modules.order
make -f ./scripts/Makefile.build obj=sound/isa/ad1848 \
 \
need-builtin=1 \
need-modorder=1
make -f ./scripts/Makefile.build obj=drivers/base/firmware_loader/builtin \
 \
need-builtin=1 \
need-modorder=1
{  :; } \
| awk '!x[$0]++' - > fs/f2fs/modules.order
make -f ./scripts/Makefile.build obj=sound/isa/cs423x \
 \
need-builtin=1 \
need-modorder=1
{  :; } \
| awk '!x[$0]++' - > sound/isa/ad1848/modules.order
{  :; } \
| awk '!x[$0]++' - > sound/isa/cs423x/modules.order
make -f ./scripts/Makefile.build obj=techpack/audio/dsp \
 \
need-builtin=1 \
need-modorder=1
{  :; } \
| awk '!x[$0]++' - > drivers/base/firmware_loader/builtin/modules.order
make -f ./scripts/Makefile.build obj=sound/isa/es1688 \
 \
need-builtin=1 \
need-modorder=1
{   cat drivers/base/firmware_loader/builtin/modules.order; :; } \
| awk '!x[$0]++' - > drivers/base/firmware_loader/modules.order
make -f ./scripts/Makefile.build obj=sound/isa/galaxy \
 \
need-builtin=1 \
need-modorder=1
{  :; } \
| awk '!x[$0]++' - > sound/isa/es1688/modules.order
make -f ./scripts/Makefile.build obj=drivers/base/regmap \
 \
need-builtin=1 \
need-modorder=1
{  :; } \
| awk '!x[$0]++' - > sound/isa/galaxy/modules.order
make -f ./scripts/Makefile.build obj=sound/isa/gus \
 \
need-builtin=1 \
need-modorder=1
{  :; } \
| awk '!x[$0]++' - > sound/isa/gus/modules.order
make -f ./scripts/Makefile.build obj=techpack/audio/asoc/codecs/bolero \
 \
need-builtin=1 \
need-modorder=1
make -f ./scripts/Makefile.build obj=sound/isa/msnd \
 \
need-builtin=1 \
need-modorder=1
{  :; } \
| awk '!x[$0]++' - > sound/isa/msnd/modules.order
make -f ./scripts/Makefile.build obj=sound/isa/opti9xx \
 \
need-builtin=1 \
need-modorder=1
{  :; } \
| awk '!x[$0]++' - > sound/isa/opti9xx/modules.order
make -f ./scripts/Makefile.build obj=sound/isa/sb \
 \
need-builtin=1 \
need-modorder=1
{  :; } \
| awk '!x[$0]++' - > fs/ext4/modules.order
{  :; } \
| awk '!x[$0]++' - > sound/isa/sb/modules.order
make -f ./scripts/Makefile.build obj=sound/isa/wavefront \
 \
need-builtin=1 \
need-modorder=1
{  :; } \
| awk '!x[$0]++' - > drivers/base/power/modules.order
make -f ./scripts/Makefile.build obj=fs/fat \
 \
need-builtin=1 \
need-modorder=1
make -f ./scripts/Makefile.build obj=fs/fuse \
 \
need-builtin=1 \
need-modorder=1
{  :; } \
| awk '!x[$0]++' - > sound/isa/wavefront/modules.order
make -f ./scripts/Makefile.build obj=sound/isa/wss \
 \
need-builtin=1 \
need-modorder=1
{  :; } \
| awk '!x[$0]++' - > drivers/base/regmap/modules.order
make -f ./scripts/Makefile.build obj=drivers/base/test \
 \
need-builtin=1 \
need-modorder=1
{  :; } \
| awk '!x[$0]++' - > sound/isa/wss/modules.order
{   cat sound/isa/ad1816a/modules.order;   cat sound/isa/ad1848/modules.order;   cat sound/isa/cs423x/modules.order;   cat sound/isa/es1688/modules.order;   cat sound/isa/galaxy/modules.order;   cat sound/isa/gus/modules.order;   cat sound/isa/msnd/modules.order;   cat sound/isa/opti9xx/modules.order;   cat sound/isa/sb/modules.order;   cat sound/isa/wavefront/modules.order;   cat sound/isa/wss/modules.order; :; } \
| awk '!x[$0]++' - > sound/isa/modules.order
{  :; } \
| awk '!x[$0]++' - > drivers/base/test/modules.order
make -f ./scripts/Makefile.build obj=sound/mips \
 \
need-builtin=1 \
need-modorder=1
make -f ./scripts/Makefile.build obj=kernel/sched/walt \
 \
need-builtin=1 \
need-modorder=1
{  :; } \
| awk '!x[$0]++' - > sound/mips/modules.order
make -f ./scripts/Makefile.build obj=sound/parisc \
 \
need-builtin=1 \
need-modorder=1
make -f ./scripts/Makefile.build obj=crypto/asymmetric_keys \
 \
need-builtin=1 \
need-modorder=1
{  :; } \
| awk '!x[$0]++' - > sound/parisc/modules.order
make -f ./scripts/Makefile.build obj=sound/pci \
 \
need-builtin=1 \
need-modorder=1
{   cat drivers/base/power/modules.order;   cat drivers/base/firmware_loader/modules.order;   cat drivers/base/regmap/modules.order;   cat drivers/base/test/modules.order; :; } \
| awk '!x[$0]++' - > drivers/base/modules.order
make -f ./scripts/Makefile.build obj=sound/pci/ac97 \
 \
need-builtin=1 \
need-modorder=1
{  :; } \
| awk '!x[$0]++' - > fs/fat/modules.order
{  :; } \
| awk '!x[$0]++' - > sound/pci/ac97/modules.order
make -f ./scripts/Makefile.build obj=drivers/block \
 \
need-builtin=1 \
need-modorder=1
make -f ./scripts/Makefile.build obj=sound/pci/ali5451 \
 \
need-builtin=1 \
need-modorder=1
make -f ./scripts/Makefile.build obj=techpack/camera \
 \
need-builtin=1 \
need-modorder=1
"QGKI Spectra Camera Building as DLKM"
"SPECTRA_CAMERA IS MODULAR"
"SPECTRA_CAMERA IS MODULAR"
make -f ./scripts/Makefile.build obj=techpack/camera/drivers \
 \
need-builtin=1 \
need-modorder=1
{  :; } \
| awk '!x[$0]++' - > sound/pci/ali5451/modules.order
make -f ./scripts/Makefile.build obj=sound/pci/asihpi \
 \
need-builtin=1 \
need-modorder=1
{  :; } \
| awk '!x[$0]++' - > sound/pci/asihpi/modules.order
make -f ./scripts/Makefile.build obj=drivers/block/zram \
 \
need-builtin=1 \
need-modorder=1
{  :; } \
| awk '!x[$0]++' - > fs/fuse/modules.order
"SPECTRA CAMERA IS BUILT AS DLKM"
make -f ./scripts/Makefile.build obj=sound/pci/au88x0 \
 \
need-builtin=1 \
need-modorder=1
make -f ./scripts/Makefile.build obj=fs/incfs \
 \
need-builtin=1 \
need-modorder=1
{  :; } \
| awk '!x[$0]++' - > sound/pci/au88x0/modules.order
make -f ./scripts/Makefile.build obj=techpack/audio/dsp/codecs \
 \
need-builtin=1 \
need-modorder=1
make -f ./scripts/Makefile.build obj=sound/pci/aw2 \
 \
need-builtin=1 \
need-modorder=1
{  :; } \
| awk '!x[$0]++' - > sound/pci/aw2/modules.order
make -f ./scripts/Makefile.build obj=sound/pci/ca0106 \
 \
need-builtin=1 \
need-modorder=1
{  :; } \
| awk '!x[$0]++' - > drivers/block/zram/modules.order
{   cat drivers/block/zram/modules.order; :; } \
| awk '!x[$0]++' - > drivers/block/modules.order
{  :; } \
| awk '!x[$0]++' - > sound/pci/ca0106/modules.order
make -f ./scripts/Makefile.build obj=sound/pci/cs46xx \
 \
need-builtin=1 \
need-modorder=1
make -f ./scripts/Makefile.build obj=drivers/bluetooth \
 \
need-builtin=1 \
need-modorder=1
{  :; } \
| awk '!x[$0]++' - > crypto/asymmetric_keys/modules.order
{  :; } \
| awk '!x[$0]++' - > sound/pci/cs46xx/modules.order
{   echo techpack/audio/asoc/codecs/bolero/bolero_cdc_dlkm.ko;   echo techpack/audio/asoc/codecs/bolero/wsa_macro_dlkm.ko;   echo techpack/audio/asoc/codecs/bolero/va_macro_dlkm.ko;   echo techpack/audio/asoc/codecs/bolero/tx_macro_dlkm.ko;   echo techpack/audio/asoc/codecs/bolero/rx_macro_dlkm.ko; :; } \
| awk '!x[$0]++' - > techpack/audio/asoc/codecs/bolero/modules.order
make -f ./scripts/Makefile.build obj=sound/pci/cs5535audio \
 \
need-builtin=1 \
need-modorder=1
{   cat crypto/asymmetric_keys/modules.order; :; } \
| awk '!x[$0]++' - > crypto/modules.order
make -f ./scripts/Makefile.build obj=techpack/audio/asoc/codecs/rouleur \
 \
need-builtin=1 \
need-modorder=1
{  :; } \
| awk '!x[$0]++' - > kernel/sched/walt/modules.order
{  :; } \
| awk '!x[$0]++' - > sound/pci/cs5535audio/modules.order
{  :; } \
| awk '!x[$0]++' - > fs/incfs/modules.order
make -f ./scripts/Makefile.build obj=fs/iomap \
 \
need-builtin=1 \
need-modorder=1
make -f ./scripts/Makefile.build obj=sound/pci/ctxfi \
 \
need-builtin=1 \
need-modorder=1
make -f ./scripts/Makefile.build obj=techpack/audio/asoc/codecs/wcd934x \
 \
need-builtin=1 \
need-modorder=1
{  :; } \
| awk '!x[$0]++' - > sound/pci/ctxfi/modules.order
make -f ./scripts/Makefile.build obj=sound/pci/echoaudio \
 \
need-builtin=1 \
need-modorder=1
{  :; } \
| awk '!x[$0]++' - > sound/pci/echoaudio/modules.order
make -f ./scripts/Makefile.build obj=sound/pci/emu10k1 \
 \
need-builtin=1 \
need-modorder=1
{  :; } \
| awk '!x[$0]++' - > sound/pci/emu10k1/modules.order
{   echo drivers/bluetooth/btpower.ko;   echo drivers/bluetooth/bt_fm_slim.ko; :; } \
| awk '!x[$0]++' - > drivers/bluetooth/modules.order
make -f ./scripts/Makefile.build obj=sound/pci/hda \
 \
need-builtin=1 \
need-modorder=1
make -f ./scripts/Makefile.build obj=drivers/bus \
 \
need-builtin=1 \
need-modorder=1
{  :; } \
| awk '!x[$0]++' - > sound/pci/hda/modules.order
make -f ./scripts/Makefile.build obj=sound/pci/ice1712 \
 \
need-builtin=1 \
need-modorder=1
{  :; } \
| awk '!x[$0]++' - > sound/pci/ice1712/modules.order
make -f ./scripts/Makefile.build obj=drivers/bus/mhi \
 \
need-builtin=1 \
need-modorder=1
make -f ./scripts/Makefile.build obj=sound/pci/korg1212 \
 \
need-builtin=1 \
need-modorder=1
make -f ./scripts/Makefile.build obj=drivers/bus/mhi/controllers \
 \
need-builtin=1 \
need-modorder=1
{  :; } \
| awk '!x[$0]++' - > sound/pci/korg1212/modules.order
{  :; } \
| awk '!x[$0]++' - > fs/iomap/modules.order
make -f ./scripts/Makefile.build obj=fs/jbd2 \
 \
need-builtin=1 \
need-modorder=1
make -f ./scripts/Makefile.build obj=sound/pci/lola \
 \
need-builtin=1 \
need-modorder=1
{   cat kernel/sched/walt/modules.order; :; } \
| awk '!x[$0]++' - > kernel/sched/modules.order
{  :; } \
| awk '!x[$0]++' - > techpack/audio/asoc/codecs/wcd934x/modules.order
{  :; } \
| awk '!x[$0]++' - > drivers/bus/mhi/controllers/modules.order
make -f ./scripts/Makefile.build obj=drivers/bus/mhi/core \
 \
need-builtin=1 \
need-modorder=1
make -f ./scripts/Makefile.build obj=techpack/dataipa \
 \
need-builtin=1 \
need-modorder=1
make -f ./scripts/Makefile.build obj=kernel/time \
 \
need-builtin=1 \
need-modorder=1
{  :; } \
| awk '!x[$0]++' - > sound/pci/lola/modules.order
make -f ./scripts/Makefile.build obj=techpack/dataipa/drivers/platform/msm \
 \
need-builtin=1 \
need-modorder=1
make -f ./scripts/Makefile.build obj=sound/pci/lx6464es \
 \
need-builtin=1 \
need-modorder=1
{  :; } \
| awk '!x[$0]++' - > techpack/audio/asoc/codecs/rouleur/modules.order
make -f ./scripts/Makefile.build obj=techpack/dataipa/drivers/platform/msm/gsi \
 \
need-builtin=1 \
need-modorder=1
{  :; } \
| awk '!x[$0]++' - > sound/pci/lx6464es/modules.order
make -f ./scripts/Makefile.build obj=techpack/audio/asoc/codecs/wcd937x \
 \
need-builtin=1 \
need-modorder=1
make -f ./scripts/Makefile.build obj=sound/pci/mixart \
 \
need-builtin=1 \
need-modorder=1
{  :; } \
| awk '!x[$0]++' - > sound/pci/mixart/modules.order
make -f ./scripts/Makefile.build obj=sound/pci/nm256 \
 \
need-builtin=1 \
need-modorder=1
{  :; } \
| awk '!x[$0]++' - > sound/pci/nm256/modules.order
make -f ./scripts/Makefile.build obj=sound/pci/oxygen \
 \
need-builtin=1 \
need-modorder=1
{  :; } \
| awk '!x[$0]++' - > sound/pci/oxygen/modules.order
{  :; } \
| awk '!x[$0]++' - > techpack/dataipa/drivers/platform/msm/gsi/modules.order
make -f ./scripts/Makefile.build obj=sound/pci/pcxhr \
 \
need-builtin=1 \
need-modorder=1
{  :; } \
| awk '!x[$0]++' - > fs/jbd2/modules.order
make -f ./scripts/Makefile.build obj=techpack/dataipa/drivers/platform/msm/ipa \
 \
need-builtin=1 \
need-modorder=1
make -f ./scripts/Makefile.build obj=fs/kernfs \
 \
need-builtin=1 \
need-modorder=1
{  :; } \
| awk '!x[$0]++' - > drivers/bus/mhi/core/modules.order
{  :; } \
| awk '!x[$0]++' - > sound/pci/pcxhr/modules.order
make -f ./scripts/Makefile.build obj=drivers/bus/mhi/devices \
 \
need-builtin=1 \
need-modorder=1
make -f ./scripts/Makefile.build obj=sound/pci/riptide \
 \
need-builtin=1 \
need-modorder=1
{  :; } \
| awk '!x[$0]++' - > sound/pci/riptide/modules.order
make -f ./scripts/Makefile.build obj=sound/pci/rme9652 \
 \
need-builtin=1 \
need-modorder=1
{  :; } \
| awk '!x[$0]++' - > drivers/bus/mhi/devices/modules.order
{   cat drivers/bus/mhi/core/modules.order;   cat drivers/bus/mhi/controllers/modules.order;   cat drivers/bus/mhi/devices/modules.order; :; } \
| awk '!x[$0]++' - > drivers/bus/mhi/modules.order
{   cat drivers/bus/mhi/modules.order; :; } \
| awk '!x[$0]++' - > drivers/bus/modules.order
{  :; } \
| awk '!x[$0]++' - > sound/pci/rme9652/modules.order
make -f ./scripts/Makefile.build obj=drivers/cdrom \
 \
need-builtin=1 \
need-modorder=1
make -f ./scripts/Makefile.build obj=sound/pci/trident \
 \
need-builtin=1 \
need-modorder=1
{  :; } \
| awk '!x[$0]++' - > drivers/cdrom/modules.order
{  :; } \
| awk '!x[$0]++' - > sound/pci/trident/modules.order
make -f ./scripts/Makefile.build obj=drivers/char \
 \
need-builtin=1 \
need-modorder=1
make -f ./scripts/Makefile.build obj=sound/pci/vx222 \
 \
need-builtin=1 \
need-modorder=1
{  :; } \
| awk '!x[$0]++' - > fs/kernfs/modules.order
make -f ./scripts/Makefile.build obj=fs/nls \
 \
need-builtin=1 \
need-modorder=1
{  :; } \
| awk '!x[$0]++' - > sound/pci/vx222/modules.order
make -f ./scripts/Makefile.build obj=sound/pci/ymfpci \
 \
need-builtin=1 \
need-modorder=1
{  :; } \
| awk '!x[$0]++' - > sound/pci/ymfpci/modules.order
{   cat sound/pci/ac97/modules.order;   cat sound/pci/ali5451/modules.order;   cat sound/pci/asihpi/modules.order;   cat sound/pci/au88x0/modules.order;   cat sound/pci/aw2/modules.order;   cat sound/pci/ctxfi/modules.order;   cat sound/pci/ca0106/modules.order;   cat sound/pci/cs46xx/modules.order;   cat sound/pci/cs5535audio/modules.order;   cat sound/pci/lola/modules.order;   cat sound/pci/lx6464es/modules.order;   cat sound/pci/echoaudio/modules.order;   cat sound/pci/emu10k1/modules.order;   cat sound/pci/hda/modules.order;   cat sound/pci/ice1712/modules.order;   cat sound/pci/korg1212/modules.order;   cat sound/pci/mixart/modules.order;   cat sound/pci/nm256/modules.order;   cat sound/pci/oxygen/modules.order;   cat sound/pci/pcxhr/modules.order;   cat sound/pci/riptide/modules.order;   cat sound/pci/rme9652/modules.order;   cat sound/pci/trident/modules.order;   cat sound/pci/ymfpci/modules.order;   cat sound/pci/vx222/modules.order; :; } \
| awk '!x[$0]++' - > sound/pci/modules.order
make -f ./scripts/Makefile.build obj=drivers/char/agp \
 \
need-builtin=1 \
need-modorder=1
{   echo techpack/audio/asoc/codecs/wcd937x/wcd937x_dlkm.ko;   echo techpack/audio/asoc/codecs/wcd937x/wcd937x_slave_dlkm.ko; :; } \
| awk '!x[$0]++' - > techpack/audio/asoc/codecs/wcd937x/modules.order
make -f ./scripts/Makefile.build obj=techpack/audio/asoc/codecs/wcd938x \
 \
need-builtin=1 \
need-modorder=1
{  :; } \
| awk '!x[$0]++' - > drivers/char/agp/modules.order
make -f ./scripts/Makefile.build obj=sound/pcmcia \
 \
need-builtin=1 \
need-modorder=1
make -f ./scripts/Makefile.build obj=drivers/char/hw_random \
 \
need-builtin=1 \
need-modorder=1
make -f ./scripts/Makefile.build obj=sound/pcmcia/pdaudiocf \
 \
need-builtin=1 \
need-modorder=1
{  :; } \
| awk '!x[$0]++' - > sound/pcmcia/pdaudiocf/modules.order
make -f ./scripts/Makefile.build obj=sound/pcmcia/vx \
 \
need-builtin=1 \
need-modorder=1
{  :; } \
| awk '!x[$0]++' - > sound/pcmcia/vx/modules.order
{   cat sound/pcmcia/vx/modules.order;   cat sound/pcmcia/pdaudiocf/modules.order; :; } \
| awk '!x[$0]++' - > sound/pcmcia/modules.order
make -f ./scripts/Makefile.build obj=sound/ppc \
 \
need-builtin=1 \
need-modorder=1
{  :; } \
| awk '!x[$0]++' - > sound/ppc/modules.order
{  :; } \
| awk '!x[$0]++' - > drivers/char/hw_random/modules.order
make -f ./scripts/Makefile.build obj=sound/sh \
 \
need-builtin=1 \
need-modorder=1
{  :; } \
| awk '!x[$0]++' - > sound/sh/modules.order
{  :; } \
| awk '!x[$0]++' - > kernel/time/modules.order
make -f ./scripts/Makefile.build obj=sound/soc \
 \
need-builtin=1 \
need-modorder=1
make -f ./scripts/Makefile.build obj=kernel/trace \
 \
need-builtin=1 \
need-modorder=1
{   cat drivers/char/hw_random/modules.order;   cat drivers/char/agp/modules.order;   echo drivers/char/rdbg.ko; :; } \
| awk '!x[$0]++' - > drivers/char/modules.order
{   echo techpack/audio/dsp/codecs/native_dlkm.ko; :; } \
| awk '!x[$0]++' - > techpack/audio/dsp/codecs/modules.order
make -f ./scripts/Makefile.build obj=drivers/char/ipmi \
 \
need-builtin=1 \
need-modorder=1
{  :; } \
| awk '!x[$0]++' - > drivers/char/ipmi/modules.order
make -f ./scripts/Makefile.build obj=drivers/clk \
 \
need-builtin=1 \
need-modorder=1
{   echo techpack/audio/asoc/codecs/wcd938x/wcd938x_dlkm.ko;   echo techpack/audio/asoc/codecs/wcd938x/wcd938x_slave_dlkm.ko; :; } \
| awk '!x[$0]++' - > techpack/audio/asoc/codecs/wcd938x/modules.order
make -f ./scripts/Makefile.build obj=techpack/audio/asoc/codecs/wsa883x \
 \
need-builtin=1 \
need-modorder=1
make -f ./scripts/Makefile.build obj=sound/soc/adi \
 \
need-builtin=1 \
need-modorder=1
make -f ./scripts/Makefile.build obj=drivers/clk/actions \
 \
need-builtin=1 \
need-modorder=1
{  :; } \
| awk '!x[$0]++' - > sound/soc/adi/modules.order
make -f ./scripts/Makefile.build obj=sound/soc/amd \
 \
need-builtin=1 \
need-modorder=1
{  :; } \
| awk '!x[$0]++' - > drivers/clk/actions/modules.order
make -f ./scripts/Makefile.build obj=drivers/clk/analogbits \
 \
need-builtin=1 \
need-modorder=1
{  :; } \
| awk '!x[$0]++' - > drivers/clk/analogbits/modules.order
{  :; } \
| awk '!x[$0]++' - > sound/soc/amd/modules.order
make -f ./scripts/Makefile.build obj=drivers/clk/bcm \
 \
need-builtin=1 \
need-modorder=1
make -f ./scripts/Makefile.build obj=sound/soc/atmel \
 \
need-builtin=1 \
need-modorder=1
{  :; } \
| awk '!x[$0]++' - > drivers/clk/bcm/modules.order
{  :; } \
| awk '!x[$0]++' - > sound/soc/atmel/modules.order
make -f ./scripts/Makefile.build obj=drivers/clk/hisilicon \
 \
need-builtin=1 \
need-modorder=1
{   cat techpack/audio/dsp/codecs/modules.order;   echo techpack/audio/dsp/q6_dlkm.ko;   echo techpack/audio/dsp/adsp_loader_dlkm.ko;   echo techpack/audio/dsp/q6_pdr_dlkm.ko;   echo techpack/audio/dsp/q6_notifier_dlkm.ko;   echo techpack/audio/dsp/mmhardware_sysfs_dlkm.ko; :; } \
| awk '!x[$0]++' - > techpack/audio/dsp/modules.order
make -f ./scripts/Makefile.build obj=sound/soc/au1x \
 \
need-builtin=1 \
need-modorder=1
make -f ./scripts/Makefile.build obj=sound/soc/bcm \
 \
need-builtin=1 \
need-modorder=1
{  :; } \
| awk '!x[$0]++' - > sound/soc/au1x/modules.order
{  :; } \
| awk '!x[$0]++' - > sound/soc/bcm/modules.order
make -f ./scripts/Makefile.build obj=sound/soc/cirrus \
 \
need-builtin=1 \
need-modorder=1
make -f ./scripts/Makefile.build obj=techpack/audio/ipc \
 \
need-builtin=1 \
need-modorder=1
{  :; } \
| awk '!x[$0]++' - > sound/soc/cirrus/modules.order
make -f ./scripts/Makefile.build obj=sound/soc/codecs \
 \
need-builtin=1 \
need-modorder=1
{   echo techpack/audio/asoc/codecs/wsa883x/wsa883x_dlkm.ko; :; } \
| awk '!x[$0]++' - > techpack/audio/asoc/codecs/wsa883x/modules.order
{  :; } \
| awk '!x[$0]++' - > sound/soc/codecs/modules.order
make -f ./scripts/Makefile.build obj=sound/soc/dwc \
 \
need-builtin=1 \
need-modorder=1
{  :; } \
| awk '!x[$0]++' - > sound/soc/dwc/modules.order
make -f ./scripts/Makefile.build obj=sound/soc/fsl \
 \
need-builtin=1 \
need-modorder=1
{  :; } \
| awk '!x[$0]++' - > sound/soc/fsl/modules.order
{  :; } \
| awk '!x[$0]++' - > fs/nls/modules.order
make -f ./scripts/Makefile.build obj=sound/soc/generic \
 \
need-builtin=1 \
need-modorder=1
make -f ./scripts/Makefile.build obj=fs/notify \
 \
need-builtin=1 \
need-modorder=1
{  :; } \
| awk '!x[$0]++' - > kernel/trace/modules.order
{  :; } \
| awk '!x[$0]++' - > sound/soc/generic/modules.order
make -f ./scripts/Makefile.build obj=sound/soc/hisilicon \
 \
need-builtin=1 \
need-modorder=1
{  :; } \
| awk '!x[$0]++' - > drivers/clk/hisilicon/modules.order
make -f ./scripts/Makefile.build obj=drivers/clk/imgtec \
 \
need-builtin=1 \
need-modorder=1
{  :; } \
| awk '!x[$0]++' - > sound/soc/hisilicon/modules.order
make -f ./scripts/Makefile.build obj=sound/soc/img \
 \
need-builtin=1 \
need-modorder=1
{  :; } \
| awk '!x[$0]++' - > drivers/clk/imgtec/modules.order
make -f ./scripts/Makefile.build obj=drivers/clk/imx \
 \
need-builtin=1 \
need-modorder=1
{  :; } \
| awk '!x[$0]++' - > drivers/clk/imx/modules.order
{  :; } \
| awk '!x[$0]++' - > sound/soc/img/modules.order
{   cat techpack/audio/asoc/codecs/wcd934x/modules.order;   cat techpack/audio/asoc/codecs/wcd937x/modules.order;   cat techpack/audio/asoc/codecs/wcd938x/modules.order;   cat techpack/audio/asoc/codecs/bolero/modules.order;   cat techpack/audio/asoc/codecs/wsa883x/modules.order;   cat techpack/audio/asoc/codecs/rouleur/modules.order;   echo techpack/audio/asoc/codecs/wcd_core_dlkm.ko;   echo techpack/audio/asoc/codecs/wcd9xxx_dlkm.ko;   echo techpack/audio/asoc/codecs/swr_dmic_dlkm.ko;   echo techpack/audio/asoc/codecs/stub_dlkm.ko;   echo techpack/audio/asoc/codecs/mbhc_dlkm.ko;   echo techpack/audio/asoc/codecs/hdmi_dlkm.ko;   echo techpack/audio/asoc/codecs/swr_haptics_dlkm.ko; :; } \
| awk '!x[$0]++' - > techpack/audio/asoc/codecs/modules.order
make -f ./scripts/Makefile.build obj=sound/soc/intel \
 \
need-builtin=1 \
need-modorder=1
make -f ./scripts/Makefile.build obj=drivers/clk/ingenic \
 \
need-builtin=1 \
need-modorder=1
make -f ./scripts/Makefile.build obj=sound/soc/intel/boards \
 \
need-builtin=1 \
need-modorder=1
{  :; } \
| awk '!x[$0]++' - > drivers/clk/ingenic/modules.order
make -f ./scripts/Makefile.build obj=fs/notify/dnotify \
 \
need-builtin=1 \
need-modorder=1
make -f ./scripts/Makefile.build obj=drivers/clk/mediatek \
 \
need-builtin=1 \
need-modorder=1
set -e; mkdir -p kernel/; trap "rm -f kernel/.config_data.tmp" EXIT; { cat .config; } > kernel/.config_data.tmp; if [ ! -r kernel/config_data ] || ! cmp -s kernel/config_data kernel/.config_data.tmp; then : '  UPD     kernel/config_data'; mv -f kernel/.config_data.tmp kernel/config_data; fi
{  :; } \
| awk '!x[$0]++' - > fs/notify/dnotify/modules.order
{  :; } \
| awk '!x[$0]++' - > drivers/clk/mediatek/modules.order
{  :; } \
| awk '!x[$0]++' - > sound/soc/intel/boards/modules.order
make -f ./scripts/Makefile.build obj=fs/notify/fanotify \
 \
need-builtin=1 \
need-modorder=1
make -f ./scripts/Makefile.build obj=sound/soc/intel/common \
 \
need-builtin=1 \
need-modorder=1
make -f ./scripts/Makefile.build obj=drivers/clk/mvebu \
 \
need-builtin=1 \
need-modorder=1
  sh ./kernel/gen_kheaders.sh kernel/kheaders_data.tar.xz
{  :; } \
| awk '!x[$0]++' - > fs/notify/fanotify/modules.order
{  :; } \
| awk '!x[$0]++' - > sound/soc/intel/common/modules.order
make -f ./scripts/Makefile.build obj=fs/notify/inotify \
 \
need-builtin=1 \
need-modorder=1
{  :; } \
| awk '!x[$0]++' - > drivers/clk/mvebu/modules.order
{   cat sound/soc/intel/common/modules.order;   cat sound/soc/intel/boards/modules.order; :; } \
| awk '!x[$0]++' - > sound/soc/intel/modules.order
make -f ./scripts/Makefile.build obj=drivers/clk/qcom \
 \
need-builtin=1 \
need-modorder=1
{   echo techpack/audio/ipc/apr_dlkm.ko; :; } \
| awk '!x[$0]++' - > techpack/audio/ipc/modules.order
make -f ./scripts/Makefile.build obj=sound/soc/jz4740 \
 \
need-builtin=1 \
need-modorder=1
make -f ./scripts/Makefile.build obj=drivers/clk/renesas \
 \
need-builtin=1 \
need-modorder=1
make -f ./scripts/Makefile.build obj=techpack/dataipa/drivers/platform/msm/ipa/ipa_clients \
 \
need-builtin=1 \
need-modorder=1
{  :; } \
| awk '!x[$0]++' - > sound/soc/jz4740/modules.order
{  :; } \
| awk '!x[$0]++' - > drivers/clk/renesas/modules.order
make -f ./scripts/Makefile.build obj=sound/soc/kirkwood \
 \
need-builtin=1 \
need-modorder=1
make -f ./scripts/Makefile.build obj=drivers/clk/sunxi \
 \
need-builtin=1 \
need-modorder=1
{  :; } \
| awk '!x[$0]++' - > fs/notify/inotify/modules.order
{  :; } \
| awk '!x[$0]++' - > sound/soc/kirkwood/modules.order
{   cat fs/notify/dnotify/modules.order;   cat fs/notify/inotify/modules.order;   cat fs/notify/fanotify/modules.order; :; } \
| awk '!x[$0]++' - > fs/notify/modules.order
{  :; } \
| awk '!x[$0]++' - > drivers/clk/sunxi/modules.order
make -f ./scripts/Makefile.build obj=sound/soc/mediatek \
 \
need-builtin=1 \
need-modorder=1
make -f ./scripts/Makefile.build obj=sound/soc/meson \
 \
need-builtin=1 \
need-modorder=1
{  :; } \
| awk '!x[$0]++' - > sound/soc/mediatek/modules.order
make -f ./scripts/Makefile.build obj=fs/overlayfs \
 \
need-builtin=1 \
need-modorder=1
{  :; } \
| awk '!x[$0]++' - > sound/soc/meson/modules.order
make -f ./scripts/Makefile.build obj=techpack/dataipa/drivers/platform/msm/ipa/ipa_v3 \
 \
need-builtin=1 \
need-modorder=1
make -f ./scripts/Makefile.build obj=sound/soc/mxs \
 \
need-builtin=1 \
need-modorder=1
{  :; } \
| awk '!x[$0]++' - > techpack/dataipa/drivers/platform/msm/ipa/ipa_v3/modules.order
{  :; } \
| awk '!x[$0]++' - > sound/soc/mxs/modules.order
make -f ./scripts/Makefile.build obj=sound/soc/pxa \
 \
need-builtin=1 \
need-modorder=1
make -f ./scripts/Makefile.build obj=drivers/clk/ti \
 \
need-builtin=1 \
need-modorder=1
{  :; } \
| awk '!x[$0]++' - > drivers/clk/ti/modules.order
{  :; } \
| awk '!x[$0]++' - > sound/soc/pxa/modules.order
make -f ./scripts/Makefile.build obj=sound/soc/qcom \
 \
need-builtin=1 \
need-modorder=1
make -f ./scripts/Makefile.build obj=drivers/clocksource \
 \
need-builtin=1 \
need-modorder=1
{  :; } \
| awk '!x[$0]++' - > sound/soc/qcom/modules.order
make -f ./scripts/Makefile.build obj=sound/soc/rockchip \
 \
need-builtin=1 \
need-modorder=1
{  :; } \
| awk '!x[$0]++' - > sound/soc/rockchip/modules.order
make -f ./scripts/Makefile.build obj=sound/soc/samsung \
 \
need-builtin=1 \
need-modorder=1
{  :; } \
| awk '!x[$0]++' - > sound/soc/samsung/modules.order
make -f ./scripts/Makefile.build obj=sound/soc/sh \
 \
need-builtin=1 \
need-modorder=1
{  :; } \
| awk '!x[$0]++' - > sound/soc/sh/modules.order
{   cat techpack/audio/asoc/codecs/modules.order;   cat techpack/audio/asoc/iio/modules.order;   echo techpack/audio/asoc/platform_dlkm.ko;   echo techpack/audio/asoc/machine_dlkm.ko; :; } \
| awk '!x[$0]++' - > techpack/audio/asoc/modules.order
make -f ./scripts/Makefile.build obj=sound/soc/sirf \
 \
need-builtin=1 \
need-modorder=1
{  :; } \
| awk '!x[$0]++' - > sound/soc/sirf/modules.order
make -f ./scripts/Makefile.build obj=techpack/audio/soc \
 \
need-builtin=1 \
need-modorder=1
make -f ./scripts/Makefile.build obj=sound/soc/sof \
 \
need-builtin=1 \
need-modorder=1
{  :; } \
| awk '!x[$0]++' - > sound/soc/sof/modules.order
{  :; } \
| awk '!x[$0]++' - > drivers/clocksource/modules.order
make -f ./scripts/Makefile.build obj=sound/soc/spear \
 \
need-builtin=1 \
need-modorder=1
{  :; } \
| awk '!x[$0]++' - > techpack/dataipa/drivers/platform/msm/ipa/ipa_clients/modules.order
make -f ./scripts/Makefile.build obj=sound/soc/sprd \
 \
need-builtin=1 \
need-modorder=1
{  :; } \
| awk '!x[$0]++' - > fs/overlayfs/modules.order
{  :; } \
| awk '!x[$0]++' - > sound/soc/spear/modules.order
{   cat techpack/dataipa/drivers/platform/msm/ipa/ipa_v3/modules.order;   cat techpack/dataipa/drivers/platform/msm/ipa/ipa_clients/modules.order; :; } \
| awk '!x[$0]++' - > techpack/dataipa/drivers/platform/msm/ipa/modules.order
make -f ./scripts/Makefile.build obj=fs/proc \
 \
need-builtin=1 \
need-modorder=1
make -f ./scripts/Makefile.build obj=sound/soc/sti \
 \
need-builtin=1 \
need-modorder=1
{  :; } \
| awk '!x[$0]++' - > sound/soc/sprd/modules.order
{  :; } \
| awk '!x[$0]++' - > sound/soc/sti/modules.order
{   cat techpack/dataipa/drivers/platform/msm/gsi/modules.order;   cat techpack/dataipa/drivers/platform/msm/ipa/modules.order; :; } \
| awk '!x[$0]++' - > techpack/dataipa/drivers/platform/msm/modules.order
make -f ./scripts/Makefile.build obj=sound/soc/stm \
 \
need-builtin=1 \
need-modorder=1
make -f ./scripts/Makefile.build obj=sound/soc/sunxi \
 \
need-builtin=1 \
need-modorder=1
{  :; } \
| awk '!x[$0]++' - > sound/soc/stm/modules.order
{   cat techpack/dataipa/drivers/platform/msm/modules.order; :; } \
| awk '!x[$0]++' - > techpack/dataipa/modules.order
{  :; } \
| awk '!x[$0]++' - > sound/soc/sunxi/modules.order
make -f ./scripts/Makefile.build obj=sound/soc/tegra \
 \
need-builtin=1 \
need-modorder=1
make -f ./scripts/Makefile.build obj=sound/soc/ti \
 \
need-builtin=1 \
need-modorder=1
make -f ./scripts/Makefile.build obj=sound/soc/txx9 \
 \
need-builtin=1 \
need-modorder=1
{  :; } \
| awk '!x[$0]++' - > sound/soc/ti/modules.order
{  :; } \
| awk '!x[$0]++' - > sound/soc/tegra/modules.order
{  :; } \
| awk '!x[$0]++' - > sound/soc/txx9/modules.order
make -f ./scripts/Makefile.build obj=drivers/cpufreq \
 \
need-builtin=1 \
need-modorder=1
make -f ./scripts/Makefile.build obj=drivers/cpuidle \
 \
need-builtin=1 \
need-modorder=1
make -f ./scripts/Makefile.build obj=sound/soc/uniphier \
 \
need-builtin=1 \
need-modorder=1
{  :; } \
| awk '!x[$0]++' - > sound/soc/uniphier/modules.order
make -f ./scripts/Makefile.build obj=sound/soc/ux500 \
 \
need-builtin=1 \
need-modorder=1
{  :; } \
| awk '!x[$0]++' - > sound/soc/ux500/modules.order
make -f ./scripts/Makefile.build obj=sound/soc/xilinx \
 \
need-builtin=1 \
need-modorder=1
{  :; } \
| awk '!x[$0]++' - > sound/soc/xilinx/modules.order
make -f ./scripts/Makefile.build obj=sound/soc/xtensa \
 \
need-builtin=1 \
need-modorder=1
{  :; } \
| awk '!x[$0]++' - > sound/soc/xtensa/modules.order
make -f ./scripts/Makefile.build obj=sound/soc/zte \
 \
need-builtin=1 \
need-modorder=1
{  :; } \
| awk '!x[$0]++' - > sound/soc/zte/modules.order
{   cat sound/soc/codecs/modules.order;   cat sound/soc/generic/modules.order;   cat sound/soc/adi/modules.order;   cat sound/soc/amd/modules.order;   cat sound/soc/atmel/modules.order;   cat sound/soc/au1x/modules.order;   cat sound/soc/bcm/modules.order;   cat sound/soc/cirrus/modules.order;   cat sound/soc/dwc/modules.order;   cat sound/soc/fsl/modules.order;   cat sound/soc/hisilicon/modules.order;   cat sound/soc/jz4740/modules.order;   cat sound/soc/img/modules.order;   cat sound/soc/intel/modules.order;   cat sound/soc/mediatek/modules.order;   cat sound/soc/meson/modules.order;   cat sound/soc/mxs/modules.order;   cat sound/soc/kirkwood/modules.order;   cat sound/soc/pxa/modules.order;   cat sound/soc/qcom/modules.order;   cat sound/soc/rockchip/modules.order;   cat sound/soc/samsung/modules.order;   cat sound/soc/sh/modules.order;   cat sound/soc/sirf/modules.order;   cat sound/soc/sof/modules.order;   cat sound/soc/spear/modules.order;   cat sound/soc/sprd/modules.order;   cat sound/soc/sti/modules.order;   cat sound/soc/stm/modules.order;   cat sound/soc/sunxi/modules.order;   cat sound/soc/tegra/modules.order;   cat sound/soc/ti/modules.order;   cat sound/soc/txx9/modules.order;   cat sound/soc/uniphier/modules.order;   cat sound/soc/ux500/modules.order;   cat sound/soc/xilinx/modules.order;   cat sound/soc/xtensa/modules.order;   cat sound/soc/zte/modules.order; :; } \
| awk '!x[$0]++' - > sound/soc/modules.order
make -f ./scripts/Makefile.build obj=drivers/cpuidle/governors \
 \
need-builtin=1 \
need-modorder=1
{   cat kernel/sched/modules.order;   cat kernel/locking/modules.order;   cat kernel/power/modules.order;   cat kernel/printk/modules.order;   cat kernel/irq/modules.order;   cat kernel/rcu/modules.order;   cat kernel/livepatch/modules.order;   cat kernel/dma/modules.order;   cat kernel/time/modules.order;   cat kernel/cgroup/modules.order;   cat kernel/trace/modules.order;   cat kernel/trace/modules.order;   cat kernel/trace/modules.order;   cat kernel/trace/modules.order;   cat kernel/bpf/modules.order;   cat kernel/events/modules.order; :; } \
| awk '!x[$0]++' - > kernel/modules.order
{  :; } \
| awk '!x[$0]++' - > drivers/cpuidle/governors/modules.order
{   echo techpack/audio/soc/pinctrl_wcd_dlkm.ko;   echo techpack/audio/soc/pinctrl_lpi_dlkm.ko;   echo techpack/audio/soc/swr_dlkm.ko;   echo techpack/audio/soc/snd_event_dlkm.ko;   echo techpack/audio/soc/swr_ctrl_dlkm.ko; :; } \
| awk '!x[$0]++' - > techpack/audio/soc/modules.order
{   cat techpack/audio/soc/modules.order;   cat techpack/audio/dsp/modules.order;   cat techpack/audio/ipc/modules.order;   cat techpack/audio/asoc/modules.order; :; } \
| awk '!x[$0]++' - > techpack/audio/modules.order
{   cat drivers/cpuidle/governors/modules.order; :; } \
| awk '!x[$0]++' - > drivers/cpuidle/modules.order
make -f ./scripts/Makefile.build obj=net \
single-build= \
need-builtin=1 need-modorder=1
make -f ./scripts/Makefile.build obj=techpack/datarmnet \
 \
need-builtin=1 \
need-modorder=1
make -f ./scripts/Makefile.build obj=sound/sparc \
 \
need-builtin=1 \
need-modorder=1
make -f ./scripts/Makefile.build obj=sound/spi \
 \
need-builtin=1 \
need-modorder=1
make -f ./scripts/Makefile.build obj=techpack/datarmnet/core \
 \
need-builtin=1 \
need-modorder=1
{  :; } \
| awk '!x[$0]++' - > sound/sparc/modules.order
{  :; } \
| awk '!x[$0]++' - > sound/spi/modules.order
{  :; } \
| awk '!x[$0]++' - > drivers/cpufreq/modules.order
make -f ./scripts/Makefile.build obj=arch/arm64/lib \
single-build= \
need-builtin=1 need-modorder=1
make -f ./scripts/Makefile.build obj=sound/synth \
 \
need-builtin=1 \
need-modorder=1
make -f ./scripts/Makefile.build obj=techpack/datarmnet-ext \
 \
need-builtin=1 \
need-modorder=1
{  :; } \
| awk '!x[$0]++' - > sound/synth/modules.order
make -f ./scripts/Makefile.build obj=techpack/datarmnet-ext/offload \
 \
need-builtin=1 \
need-modorder=1
make -f ./scripts/Makefile.build obj=sound/usb \
 \
need-builtin=1 \
need-modorder=1
make -f ./scripts/Makefile.build obj=net/802 \
 \
need-builtin=1 \
need-modorder=1
{  :; } \
| awk '!x[$0]++' - > drivers/clk/qcom/modules.order
{  :; } \
| awk '!x[$0]++' - > net/802/modules.order
{  :; } \
| awk '!x[$0]++' - > arch/arm64/lib/modules.order
{   cat drivers/clk/actions/modules.order;   cat drivers/clk/analogbits/modules.order;   cat drivers/clk/bcm/modules.order;   cat drivers/clk/hisilicon/modules.order;   cat drivers/clk/imgtec/modules.order;   cat drivers/clk/imx/modules.order;   cat drivers/clk/ingenic/modules.order;   cat drivers/clk/mediatek/modules.order;   cat drivers/clk/mvebu/modules.order;   cat drivers/clk/qcom/modules.order;   cat drivers/clk/renesas/modules.order;   cat drivers/clk/sunxi/modules.order;   cat drivers/clk/ti/modules.order; :; } \
| awk '!x[$0]++' - > drivers/clk/modules.order
make -f ./scripts/Makefile.build obj=net/bluetooth \
 \
need-builtin=1 \
need-modorder=1
make -f ./scripts/Makefile.build obj=techpack/datarmnet-ext/shs \
 \
need-builtin=1 \
need-modorder=1
make -f ./scripts/Makefile.build obj=drivers/crypto \
 \
need-builtin=1 \
need-modorder=1
make -f ./scripts/Makefile.build obj=drivers/crypto/hisilicon \
 \
need-builtin=1 \
need-modorder=1
{  :; } \
| awk '!x[$0]++' - > drivers/crypto/hisilicon/modules.order
make -f ./scripts/Makefile.build obj=drivers/crypto/msm \
 \
need-builtin=1 \
need-modorder=1
{   echo techpack/datarmnet-ext/offload/rmnet_offload.ko; :; } \
| awk '!x[$0]++' - > techpack/datarmnet-ext/offload/modules.order
{  :; } \
| awk '!x[$0]++' - > fs/proc/modules.order
make -f ./scripts/Makefile.build obj=lib \
single-build= \
need-builtin=1 need-modorder=1
make -f ./scripts/Makefile.build obj=fs/pstore \
 \
need-builtin=1 \
need-modorder=1
{  :; } \
| awk '!x[$0]++' - > drivers/crypto/msm/modules.order
{   cat drivers/crypto/msm/modules.order;   cat drivers/crypto/hisilicon/modules.order; :; } \
| awk '!x[$0]++' - > drivers/crypto/modules.order
{  :; } \
| awk '!x[$0]++' - > fs/pstore/modules.order
make -f ./scripts/Makefile.build obj=drivers/dax \
 \
need-builtin=1 \
need-modorder=1
make -f ./scripts/Makefile.build obj=fs/quota \
 \
need-builtin=1 \
need-modorder=1
{   echo techpack/datarmnet/core/rmnet_core.ko;   echo techpack/datarmnet/core/rmnet_ctl.ko; :; } \
| awk '!x[$0]++' - > techpack/datarmnet/core/modules.order
{   cat techpack/datarmnet/core/modules.order; :; } \
| awk '!x[$0]++' - > techpack/datarmnet/modules.order
make -f ./scripts/Makefile.build obj=fs/ramfs \
 \
need-builtin=1 \
need-modorder=1
{   echo techpack/datarmnet-ext/shs/rmnet_shs.ko; :; } \
| awk '!x[$0]++' - > techpack/datarmnet-ext/shs/modules.order
make -f ./scripts/Makefile.build obj=drivers/dax/pmem \
 \
need-builtin=1 \
need-modorder=1
{   cat techpack/datarmnet-ext/offload/modules.order;   cat techpack/datarmnet-ext/shs/modules.order; :; } \
| awk '!x[$0]++' - > techpack/datarmnet-ext/modules.order
make -f ./scripts/Makefile.build obj=net/bpf \
 \
need-builtin=1 \
need-modorder=1
{  :; } \
| awk '!x[$0]++' - > drivers/dax/pmem/modules.order
{   cat drivers/dax/pmem/modules.order; :; } \
| awk '!x[$0]++' - > drivers/dax/modules.order
make -f ./scripts/Makefile.build obj=drivers/devfreq \
 \
need-builtin=1 \
need-modorder=1
{  :; } \
| awk '!x[$0]++' - > fs/ramfs/modules.order
make -f ./scripts/Makefile.build obj=net/bridge \
 \
need-builtin=1 \
need-modorder=1
make -f ./scripts/Makefile.build obj=sound/usb/6fire \
 \
need-builtin=1 \
need-modorder=1
{  :; } \
| awk '!x[$0]++' - > fs/quota/modules.order
{  :; } \
| awk '!x[$0]++' - > net/bpf/modules.order
make -f ./scripts/Makefile.build obj=sound/usb/bcd2000 \
 \
need-builtin=1 \
need-modorder=1
{  :; } \
| awk '!x[$0]++' - > sound/usb/6fire/modules.order
make -f ./scripts/Makefile.build obj=fs/sysfs \
 \
need-builtin=1 \
need-modorder=1
make -f ./scripts/Makefile.build obj=fs/tracefs \
 \
need-builtin=1 \
need-modorder=1
{  :; } \
| awk '!x[$0]++' - > sound/usb/bcd2000/modules.order
make -f ./scripts/Makefile.build obj=sound/usb/caiaq \
 \
need-builtin=1 \
need-modorder=1
{  :; } \
| awk '!x[$0]++' - > sound/usb/caiaq/modules.order
make -f ./scripts/Makefile.build obj=sound/usb/hiface \
 \
need-builtin=1 \
need-modorder=1
{  :; } \
| awk '!x[$0]++' - > sound/usb/hiface/modules.order
{  :; } \
| awk '!x[$0]++' - > fs/tracefs/modules.order
make -f ./scripts/Makefile.build obj=sound/usb/misc \
 \
need-builtin=1 \
need-modorder=1
make -f ./scripts/Makefile.build obj=sound/usb/usx2y \
 \
need-builtin=1 \
need-modorder=1
{  :; } \
| awk '!x[$0]++' - > sound/usb/misc/modules.order
make -f ./scripts/Makefile.build obj=drivers/dma \
 \
need-builtin=1 \
need-modorder=1
{  :; } \
| awk '!x[$0]++' - > sound/usb/usx2y/modules.order
{   cat sound/usb/misc/modules.order;   cat sound/usb/usx2y/modules.order;   cat sound/usb/caiaq/modules.order;   cat sound/usb/6fire/modules.order;   cat sound/usb/hiface/modules.order;   cat sound/usb/bcd2000/modules.order; :; } \
| awk '!x[$0]++' - > sound/usb/modules.order
{  :; } \
| awk '!x[$0]++' - > fs/sysfs/modules.order
make -f ./scripts/Makefile.build obj=net/bluetooth/hidp \
 \
need-builtin=1 \
need-modorder=1
make -f ./scripts/Makefile.build obj=fs/unicode \
 \
need-builtin=1 \
need-modorder=1
make -f ./scripts/Makefile.build obj=sound/x86 \
 \
need-builtin=1 \
need-modorder=1
{  :; } \
| awk '!x[$0]++' - > sound/x86/modules.order
make -f ./scripts/Makefile.build obj=sound/xen \
 \
need-builtin=1 \
need-modorder=1
{  :; } \
| awk '!x[$0]++' - > sound/xen/modules.order
make -f ./scripts/Makefile.build obj=drivers/dma/mediatek \
 \
need-builtin=1 \
need-modorder=1
{   cat sound/core/modules.order;   cat sound/i2c/modules.order;   cat sound/drivers/modules.order;   cat sound/isa/modules.order;   cat sound/pci/modules.order;   cat sound/ppc/modules.order;   cat sound/arm/modules.order;   cat sound/sh/modules.order;   cat sound/synth/modules.order;   cat sound/usb/modules.order;   cat sound/firewire/modules.order;   cat sound/sparc/modules.order;   cat sound/spi/modules.order;   cat sound/parisc/modules.order;   cat sound/pcmcia/modules.order;   cat sound/mips/modules.order;   cat sound/soc/modules.order;   cat sound/atmel/modules.order;   cat sound/hda/modules.order;   cat sound/x86/modules.order;   cat sound/xen/modules.order; :; } \
| awk '!x[$0]++' - > sound/modules.order
{  :; } \
| awk '!x[$0]++' - > fs/unicode/modules.order
make -f ./scripts/Makefile.build obj=fs/verity \
 \
need-builtin=1 \
need-modorder=1
{  :; } \
| awk '!x[$0]++' - > drivers/dma/mediatek/modules.order
{  :; } \
| awk '!x[$0]++' - > net/bluetooth/hidp/modules.order
make -f ./scripts/Makefile.build obj=drivers/dma/qcom \
 \
need-builtin=1 \
need-modorder=1
make -f ./scripts/Makefile.build obj=net/bluetooth/rfcomm \
 \
need-builtin=1 \
need-modorder=1
make -f ./scripts/Makefile.build obj=drivers/dma/ti \
 \
need-builtin=1 \
need-modorder=1
{  :; } \
| awk '!x[$0]++' - > drivers/dma/ti/modules.order
make -f ./scripts/Makefile.build obj=virt \
single-build= \
need-builtin=1 need-modorder=1
{  :; } \
| awk '!x[$0]++' - > drivers/dma/qcom/modules.order
make -f ./scripts/Makefile.build obj=drivers/dma/xilinx \
 \
need-builtin=1 \
need-modorder=1
make -f ./scripts/Makefile.build obj=virt/lib \
 \
need-builtin=1 \
need-modorder=1
{  :; } \
| awk '!x[$0]++' - > drivers/dma/xilinx/modules.order
make -f ./scripts/Makefile.build obj=drivers/devfreq/event \
 \
need-builtin=1 \
need-modorder=1
{  :; } \
| awk '!x[$0]++' - > virt/lib/modules.order
{   cat drivers/dma/mediatek/modules.order;   cat drivers/dma/qcom/modules.order;   cat drivers/dma/ti/modules.order;   cat drivers/dma/xilinx/modules.order; :; } \
| awk '!x[$0]++' - > drivers/dma/modules.order
{   cat virt/lib/modules.order; :; } \
| awk '!x[$0]++' - > virt/modules.order
{  :; } \
| awk '!x[$0]++' - > drivers/devfreq/event/modules.order
{  :; } \
| awk '!x[$0]++' - > net/bluetooth/rfcomm/modules.order
{   cat drivers/devfreq/event/modules.order; :; } \
| awk '!x[$0]++' - > drivers/devfreq/modules.order
awk '!x[$0]++' init/modules.builtin usr/modules.builtin arch/arm64/modules.builtin kernel/modules.builtin certs/modules.builtin mm/modules.builtin fs/modules.builtin ipc/modules.builtin security/modules.builtin crypto/modules.builtin block/modules.builtin drivers/modules.builtin sound/modules.builtin techpack/modules.builtin net/modules.builtin arch/arm64/lib/modules.builtin lib/modules.builtin virt/modules.builtin > modules.builtin
{   cat net/bluetooth/rfcomm/modules.order;   cat net/bluetooth/hidp/modules.order; :; } \
| awk '!x[$0]++' - > net/bluetooth/modules.order
make -f ./scripts/Makefile.build obj=drivers/dma-buf \
 \
need-builtin=1 \
need-modorder=1
make -f ./scripts/Makefile.build obj=net/core \
 \
need-builtin=1 \
need-modorder=1
{  :; } \
| awk '!x[$0]++' - > fs/verity/modules.order
make -f ./scripts/Makefile.build obj=drivers/edac \
 \
need-builtin=1 \
need-modorder=1
make -f ./scripts/Makefile.build obj=drivers/extcon \
 \
need-builtin=1 \
need-modorder=1
{  :; } \
| awk '!x[$0]++' - > drivers/extcon/modules.order
make -f ./scripts/Makefile.build obj=net/bridge/netfilter \
 \
need-builtin=1 \
need-modorder=1
make -f ./scripts/Makefile.build obj=techpack/display \
 \
need-builtin=1 \
need-modorder=1
make -f ./scripts/Makefile.build obj=techpack/display/msm \
 \
need-builtin=1 \
need-modorder=1
{   echo techpack/camera/drivers/camera.ko; :; } \
| awk '!x[$0]++' - > techpack/camera/drivers/modules.order
{  :; } \
| awk '!x[$0]++' - > drivers/dma-buf/modules.order
make -f ./scripts/Makefile.build obj=techpack/stub \
 \
need-builtin=1 \
need-modorder=1
{   cat techpack/camera/drivers/modules.order; :; } \
| awk '!x[$0]++' - > techpack/camera/modules.order
make -f ./scripts/Makefile.build obj=techpack/video \
 \
need-builtin=1 \
need-modorder=1
{  :; } \
| awk '!x[$0]++' - > techpack/stub/modules.order
make -f ./scripts/Makefile.build obj=techpack/video/msm \
 \
need-builtin=1 \
need-modorder=1
make -f ./scripts/Makefile.build obj=drivers/firewire \
 \
need-builtin=1 \
need-modorder=1
{  :; } \
| awk '!x[$0]++' - > net/bridge/netfilter/modules.order
{   cat net/bridge/netfilter/modules.order; :; } \
| awk '!x[$0]++' - > net/bridge/modules.order
make -f ./scripts/Makefile.build obj=net/ethernet \
 \
need-builtin=1 \
need-modorder=1
{  :; } \
| awk '!x[$0]++' - > drivers/firewire/modules.order
make -f ./scripts/Makefile.build obj=drivers/firmware \
 \
need-builtin=1 \
need-modorder=1
{   cat fs/notify/modules.order;   cat fs/crypto/modules.order;   cat fs/verity/modules.order;   cat fs/iomap/modules.order;   cat fs/quota/modules.order;   cat fs/proc/modules.order;   cat fs/kernfs/modules.order;   cat fs/sysfs/modules.order;   cat fs/configfs/modules.order;   cat fs/devpts/modules.order;   cat fs/ext4/modules.order;   cat fs/jbd2/modules.order;   cat fs/ramfs/modules.order;   cat fs/fat/modules.order;   cat fs/exportfs/modules.order;   cat fs/nls/modules.order;   cat fs/unicode/modules.order;   cat fs/fuse/modules.order;   cat fs/overlayfs/modules.order;   cat fs/incfs/modules.order;   cat fs/debugfs/modules.order;   cat fs/tracefs/modules.order;   cat fs/f2fs/modules.order;   cat fs/pstore/modules.order;   cat fs/erofs/modules.order; :; } \
| awk '!x[$0]++' - > fs/modules.order
{   echo drivers/edac/qcom_edac.ko; :; } \
| awk '!x[$0]++' - > drivers/edac/modules.order
make -f ./scripts/Makefile.build obj=net/ipv4 \
 \
need-builtin=1 \
need-modorder=1
{  :; } \
| awk '!x[$0]++' - > net/ethernet/modules.order
make -f ./scripts/Makefile.build obj=drivers/gnss \
 \
need-builtin=1 \
need-modorder=1
make -f ./scripts/Makefile.build obj=drivers/gpio \
 \
need-builtin=1 \
need-modorder=1
{  :; } \
| awk '!x[$0]++' - > drivers/gnss/modules.order
make -f ./scripts/Makefile.build obj=lib/crypto \
 \
need-builtin=1 \
need-modorder=1
make -f ./scripts/Makefile.build obj=lib/fonts \
 \
need-builtin=1 \
need-modorder=1
make -f ./scripts/Makefile.build obj=drivers/firmware/arm_scmi \
 \
need-builtin=1 \
need-modorder=1
{  :; } \
| awk '!x[$0]++' - > lib/fonts/modules.order
make -f ./scripts/Makefile.build obj=drivers/firmware/broadcom \
 \
need-builtin=1 \
need-modorder=1
{  :; } \
| awk '!x[$0]++' - > drivers/firmware/broadcom/modules.order
make -f ./scripts/Makefile.build obj=lib/lz4 \
 \
need-builtin=1 \
need-modorder=1
{  :; } \
| awk '!x[$0]++' - > drivers/gpio/modules.order
make -f ./scripts/Makefile.build obj=lib/lzo \
 \
need-builtin=1 \
need-modorder=1
{  :; } \
| awk '!x[$0]++' - > lib/lz4/modules.order
make -f ./scripts/Makefile.build obj=drivers/gpu \
 \
need-builtin=1 \
need-modorder=1
make -f ./scripts/Makefile.build obj=drivers/gpu/drm \
 \
need-builtin=1 \
need-modorder=1
{  :; } \
| awk '!x[$0]++' - > lib/crypto/modules.order
make -f ./scripts/Makefile.build obj=drivers/gpu/msm \
 \
need-builtin=1 \
need-modorder=1
{  :; } \
| awk '!x[$0]++' - > lib/lzo/modules.order
make -f ./scripts/Makefile.build obj=lib/math \
 \
need-builtin=1 \
need-modorder=1
{  :; } \
| awk '!x[$0]++' - > drivers/firmware/arm_scmi/modules.order
make -f ./scripts/Makefile.build obj=drivers/firmware/efi \
 \
need-builtin=1 \
need-modorder=1
{  :; } \
| awk '!x[$0]++' - > lib/math/modules.order
make -f ./scripts/Makefile.build obj=lib/mpi \
 \
need-builtin=1 \
need-modorder=1
{  :; } \
| awk '!x[$0]++' - > techpack/video/msm/modules.order
{   cat techpack/video/msm/modules.order; :; } \
| awk '!x[$0]++' - > techpack/video/modules.order
make -f ./scripts/Makefile.build obj=drivers/gpu/trace \
 \
need-builtin=1 \
need-modorder=1
{  :; } \
| awk '!x[$0]++' - > drivers/gpu/trace/modules.order
make -f ./scripts/Makefile.build obj=drivers/firmware/imx \
 \
need-builtin=1 \
need-modorder=1
{  :; } \
| awk '!x[$0]++' - > drivers/firmware/imx/modules.order
make -f ./scripts/Makefile.build obj=drivers/gpu/vga \
 \
need-builtin=1 \
need-modorder=1
make -f ./scripts/Makefile.build obj=drivers/firmware/efi/libstub \
 \
need-builtin=1 \
need-modorder=1
{  :; } \
| awk '!x[$0]++' - > drivers/gpu/vga/modules.order
make -f ./scripts/Makefile.build obj=drivers/firmware/meson \
 \
need-builtin=1 \
need-modorder=1
{  :; } \
| awk '!x[$0]++' - > drivers/firmware/meson/modules.order
make -f ./scripts/Makefile.build obj=drivers/hid \
 \
need-builtin=1 \
need-modorder=1
{  :; } \
| awk '!x[$0]++' - > lib/mpi/modules.order
make -f ./scripts/Makefile.build obj=lib/reed_solomon \
 \
need-builtin=1 \
need-modorder=1
{  :; } \
| awk '!x[$0]++' - > lib/reed_solomon/modules.order
make -f ./scripts/Makefile.build obj=lib/xz \
 \
need-builtin=1 \
need-modorder=1
{  :; } \
| awk '!x[$0]++' - > lib/xz/modules.order
make -f ./scripts/Makefile.build obj=lib/zlib_deflate \
 \
need-builtin=1 \
need-modorder=1
{  :; } \
| awk '!x[$0]++' - > net/core/modules.order
make -f ./scripts/Makefile.build obj=lib/zlib_inflate \
 \
need-builtin=1 \
need-modorder=1
{  :; } \
| awk '!x[$0]++' - > lib/zlib_deflate/modules.order
make -f ./scripts/Makefile.build obj=lib/zstd \
 \
need-builtin=1 \
need-modorder=1
{  :; } \
| awk '!x[$0]++' - > lib/zlib_inflate/modules.order
make -f ./scripts/Makefile.build obj=net/ipv6 \
 \
need-builtin=1 \
need-modorder=1
{  :; } \
| awk '!x[$0]++' - > lib/zstd/modules.order
{  :; } \
| awk '!x[$0]++' - > drivers/firmware/efi/libstub/modules.order
{   cat drivers/firmware/efi/libstub/modules.order; :; } \
| awk '!x[$0]++' - > drivers/firmware/efi/modules.order
make -f ./scripts/Makefile.build obj=drivers/firmware/psci \
 \
need-builtin=1 \
need-modorder=1
{  :; } \
| awk '!x[$0]++' - > drivers/firmware/psci/modules.order
make -f ./scripts/Makefile.build obj=drivers/firmware/qcom \
 \
need-builtin=1 \
need-modorder=1
{  :; } \
| awk '!x[$0]++' - > drivers/firmware/qcom/modules.order
make -f ./scripts/Makefile.build obj=drivers/firmware/tegra \
 \
need-builtin=1 \
need-modorder=1
{  :; } \
| awk '!x[$0]++' - > drivers/firmware/tegra/modules.order
make -f ./scripts/Makefile.build obj=drivers/firmware/xilinx \
 \
need-builtin=1 \
need-modorder=1
{  :; } \
| awk '!x[$0]++' - > drivers/firmware/xilinx/modules.order
{   cat drivers/firmware/arm_scmi/modules.order;   cat drivers/firmware/psci/modules.order;   cat drivers/firmware/broadcom/modules.order;   cat drivers/firmware/meson/modules.order;   cat drivers/firmware/efi/modules.order;   cat drivers/firmware/imx/modules.order;   cat drivers/firmware/tegra/modules.order;   cat drivers/firmware/xilinx/modules.order;   cat drivers/firmware/qcom/modules.order; :; } \
| awk '!x[$0]++' - > drivers/firmware/modules.order
make -f ./scripts/Makefile.build obj=drivers/hwmon \
 \
need-builtin=1 \
need-modorder=1
{  :; } \
| awk '!x[$0]++' - > drivers/hwmon/modules.order
make -f ./scripts/Makefile.build obj=net/key \
 \
need-builtin=1 \
need-modorder=1
make -f ./scripts/Makefile.build obj=drivers/hid/usbhid \
 \
need-builtin=1 \
need-modorder=1
{  :; } \
| awk '!x[$0]++' - > drivers/gpu/msm/modules.order
{  :; } \
| awk '!x[$0]++' - > net/key/modules.order
make -f ./scripts/Makefile.build obj=net/l2tp \
 \
need-builtin=1 \
need-modorder=1
make -f ./scripts/Makefile.build obj=net/llc \
 \
need-builtin=1 \
need-modorder=1
{  :; } \
| awk '!x[$0]++' - > drivers/hid/usbhid/modules.order
{   cat drivers/hid/usbhid/modules.order;   echo drivers/hid/hid-aksys.ko; :; } \
| awk '!x[$0]++' - > drivers/hid/modules.order
make -f ./scripts/Makefile.build obj=drivers/hwspinlock \
 \
need-builtin=1 \
need-modorder=1
{  :; } \
| awk '!x[$0]++' - > net/l2tp/modules.order
make -f ./scripts/Makefile.build obj=net/mac80211 \
 \
need-builtin=1 \
need-modorder=1
{  :; } \
| awk '!x[$0]++' - > drivers/hwspinlock/modules.order
{  :; } \
| awk '!x[$0]++' - > net/llc/modules.order
make -f ./scripts/Makefile.build obj=net/netfilter \
 \
need-builtin=1 \
need-modorder=1
make -f ./scripts/Makefile.build obj=drivers/hwtracing/coresight \
 \
need-builtin=1 \
need-modorder=1
make -f ./scripts/Makefile.build obj=drivers/gpu/drm/arm \
 \
need-builtin=1 \
need-modorder=1
{  :; } \
| awk '!x[$0]++' - > drivers/gpu/drm/arm/modules.order
make -f ./scripts/Makefile.build obj=drivers/gpu/drm/bridge \
 \
need-builtin=1 \
need-modorder=1
make -f ./scripts/Makefile.build obj=drivers/gpu/drm/bridge/synopsys \
 \
need-builtin=1 \
need-modorder=1
{  :; } \
| awk '!x[$0]++' - > drivers/gpu/drm/bridge/synopsys/modules.order
{   cat drivers/gpu/drm/bridge/synopsys/modules.order; :; } \
| awk '!x[$0]++' - > drivers/gpu/drm/bridge/modules.order
make -f ./scripts/Makefile.build obj=drivers/gpu/drm/hisilicon \
 \
need-builtin=1 \
need-modorder=1
{  :; } \
| awk '!x[$0]++' - > drivers/gpu/drm/hisilicon/modules.order
make -f ./scripts/Makefile.build obj=drivers/gpu/drm/i2c \
 \
need-builtin=1 \
need-modorder=1
{  :; } \
| awk '!x[$0]++' - > drivers/gpu/drm/i2c/modules.order
make -f ./scripts/Makefile.build obj=net/ipv4/netfilter \
 \
need-builtin=1 \
need-modorder=1
make -f ./scripts/Makefile.build obj=drivers/gpu/drm/omapdrm \
 \
need-builtin=1 \
need-modorder=1
{   cat lib/math/modules.order;   cat lib/crypto/modules.order;   cat lib/zlib_inflate/modules.order;   cat lib/zlib_deflate/modules.order;   cat lib/reed_solomon/modules.order;   cat lib/lzo/modules.order;   cat lib/lzo/modules.order;   cat lib/lz4/modules.order;   cat lib/lz4/modules.order;   cat lib/zstd/modules.order;   cat lib/zstd/modules.order;   cat lib/xz/modules.order;   cat lib/mpi/modules.order;   cat lib/fonts/modules.order; :; } \
| awk '!x[$0]++' - > lib/modules.order
make -f ./scripts/Makefile.build obj=drivers/gpu/drm/omapdrm/displays \
 \
need-builtin=1 \
need-modorder=1
{  :; } \
| awk '!x[$0]++' - > drivers/gpu/drm/omapdrm/displays/modules.order
make -f ./scripts/Makefile.build obj=drivers/gpu/drm/omapdrm/dss \
 \
need-builtin=1 \
need-modorder=1
make -f ./scripts/Makefile.build obj=drivers/gpu/drm/panel \
 \
need-builtin=1 \
need-modorder=1
{  :; } \
| awk '!x[$0]++' - > drivers/gpu/drm/omapdrm/dss/modules.order
{   cat drivers/gpu/drm/omapdrm/dss/modules.order;   cat drivers/gpu/drm/omapdrm/displays/modules.order; :; } \
| awk '!x[$0]++' - > drivers/gpu/drm/omapdrm/modules.order
{  :; } \
| awk '!x[$0]++' - > drivers/gpu/drm/panel/modules.order
make -f ./scripts/Makefile.build obj=net/netlink \
 \
need-builtin=1 \
need-modorder=1
make -f ./scripts/Makefile.build obj=drivers/gpu/drm/rcar-du \
 \
need-builtin=1 \
need-modorder=1
{  :; } \
| awk '!x[$0]++' - > drivers/gpu/drm/rcar-du/modules.order
make -f ./scripts/Makefile.build obj=drivers/gpu/drm/tilcdc \
 \
need-builtin=1 \
need-modorder=1
{  :; } \
| awk '!x[$0]++' - > drivers/gpu/drm/tilcdc/modules.order
make -f ./scripts/Makefile.build obj=drivers/gpu/drm/tiny \
 \
need-builtin=1 \
need-modorder=1
{  :; } \
| awk '!x[$0]++' - > net/netlink/modules.order
{  :; } \
| awk '!x[$0]++' - > drivers/gpu/drm/tiny/modules.order
make -f ./scripts/Makefile.build obj=drivers/gpu/drm/ttm \
 \
need-builtin=1 \
need-modorder=1
make -f ./scripts/Makefile.build obj=net/neuron \
 \
need-builtin=1 \
need-modorder=1
{  :; } \
| awk '!x[$0]++' - > drivers/hwtracing/coresight/modules.order
make -f ./scripts/Makefile.build obj=net/packet \
 \
need-builtin=1 \
need-modorder=1
make -f ./scripts/Makefile.build obj=net/neuron/channel \
 \
need-builtin=1 \
need-modorder=1
{  :; } \
| awk '!x[$0]++' - > net/packet/modules.order
make -f ./scripts/Makefile.build obj=drivers/hwtracing/intel_th \
 \
need-builtin=1 \
need-modorder=1
{  :; } \
| awk '!x[$0]++' - > drivers/hwtracing/intel_th/modules.order
make -f ./scripts/Makefile.build obj=drivers/hwtracing/stm \
 \
need-builtin=1 \
need-modorder=1
{  :; } \
| awk '!x[$0]++' - > net/neuron/channel/modules.order
make -f ./scripts/Makefile.build obj=net/neuron/protocol \
 \
need-builtin=1 \
need-modorder=1
{  :; } \
| awk '!x[$0]++' - > drivers/gpu/drm/ttm/modules.order
{  :; } \
| awk '!x[$0]++' - > net/neuron/protocol/modules.order
{   cat drivers/gpu/drm/arm/modules.order;   cat drivers/gpu/drm/ttm/modules.order;   cat drivers/gpu/drm/rcar-du/modules.order;   cat drivers/gpu/drm/omapdrm/modules.order;   cat drivers/gpu/drm/tilcdc/modules.order;   cat drivers/gpu/drm/i2c/modules.order;   cat drivers/gpu/drm/panel/modules.order;   cat drivers/gpu/drm/bridge/modules.order;   cat drivers/gpu/drm/hisilicon/modules.order;   cat drivers/gpu/drm/tiny/modules.order; :; } \
| awk '!x[$0]++' - > drivers/gpu/drm/modules.order
{  :; } \
| awk '!x[$0]++' - > drivers/hwtracing/stm/modules.order
{   cat net/neuron/channel/modules.order;   cat net/neuron/protocol/modules.order; :; } \
| awk '!x[$0]++' - > net/neuron/modules.order
make -f ./scripts/Makefile.build obj=net/qrtr \
 \
need-builtin=1 \
need-modorder=1
make -f ./scripts/Makefile.build obj=drivers/i2c \
 \
need-builtin=1 \
need-modorder=1
{   cat drivers/gpu/drm/modules.order;   cat drivers/gpu/vga/modules.order;   cat drivers/gpu/msm/modules.order;   cat drivers/gpu/trace/modules.order; :; } \
| awk '!x[$0]++' - > drivers/gpu/modules.order
make -f ./scripts/Makefile.build obj=drivers/i3c \
 \
need-builtin=1 \
need-modorder=1
{  :; } \
| awk '!x[$0]++' - > drivers/i3c/modules.order
{  :; } \
| awk '!x[$0]++' - > net/ipv4/netfilter/modules.order
make -f ./scripts/Makefile.build obj=drivers/idle \
 \
need-builtin=1 \
need-modorder=1
{  :; } \
| awk '!x[$0]++' - > drivers/idle/modules.order
make -f ./scripts/Makefile.build obj=net/ipv6/netfilter \
 \
need-builtin=1 \
need-modorder=1
make -f ./scripts/Makefile.build obj=drivers/iio \
 \
need-builtin=1 \
need-modorder=1
{   cat net/ipv4/netfilter/modules.order; :; } \
| awk '!x[$0]++' - > net/ipv4/modules.order
make -f ./scripts/Makefile.build obj=net/rfkill \
 \
need-builtin=1 \
need-modorder=1
make -f ./scripts/Makefile.build obj=drivers/i2c/algos \
 \
need-builtin=1 \
need-modorder=1
{  :; } \
| awk '!x[$0]++' - > net/qrtr/modules.order
make -f ./scripts/Makefile.build obj=net/sched \
 \
need-builtin=1 \
need-modorder=1
{  :; } \
| awk '!x[$0]++' - > net/rfkill/modules.order
{  :; } \
| awk '!x[$0]++' - > drivers/i2c/algos/modules.order
make -f ./scripts/Makefile.build obj=drivers/i2c/busses \
 \
need-builtin=1 \
need-modorder=1
make -f ./scripts/Makefile.build obj=net/tipc \
 \
need-builtin=1 \
need-modorder=1
make -f ./scripts/Makefile.build obj=drivers/iio/accel \
 \
need-builtin=1 \
need-modorder=1
{  :; } \
| awk '!x[$0]++' - > drivers/iio/accel/modules.order
make -f ./scripts/Makefile.build obj=drivers/iio/adc \
 \
need-builtin=1 \
need-modorder=1
{  :; } \
| awk '!x[$0]++' - > drivers/i2c/busses/modules.order
make -f ./scripts/Makefile.build obj=drivers/i2c/muxes \
 \
need-builtin=1 \
need-modorder=1
{  :; } \
| awk '!x[$0]++' - > drivers/i2c/muxes/modules.order
{   cat drivers/i2c/algos/modules.order;   cat drivers/i2c/busses/modules.order;   cat drivers/i2c/muxes/modules.order; :; } \
| awk '!x[$0]++' - > drivers/i2c/modules.order
make -f ./scripts/Makefile.build obj=net/unix \
 \
need-builtin=1 \
need-modorder=1
{  :; } \
| awk '!x[$0]++' - > drivers/iio/adc/modules.order
make -f ./scripts/Makefile.build obj=drivers/iio/addac \
 \
need-builtin=1 \
need-modorder=1
{  :; } \
| awk '!x[$0]++' - > drivers/iio/addac/modules.order
make -f ./scripts/Makefile.build obj=drivers/iio/afe \
 \
need-builtin=1 \
need-modorder=1
{  :; } \
| awk '!x[$0]++' - > drivers/iio/afe/modules.order
make -f ./scripts/Makefile.build obj=drivers/iio/amplifiers \
 \
need-builtin=1 \
need-modorder=1
{  :; } \
| awk '!x[$0]++' - > drivers/iio/amplifiers/modules.order
{  :; } \
| awk '!x[$0]++' - > net/ipv6/netfilter/modules.order
make -f ./scripts/Makefile.build obj=drivers/iio/buffer \
 \
need-builtin=1 \
need-modorder=1
{  :; } \
| awk '!x[$0]++' - > drivers/iio/buffer/modules.order
make -f ./scripts/Makefile.build obj=drivers/iio/chemical \
 \
need-builtin=1 \
need-modorder=1
{  :; } \
| awk '!x[$0]++' - > net/unix/modules.order
make -f ./scripts/Makefile.build obj=net/wireless \
 \
need-builtin=1 \
need-modorder=1
{  :; } \
| awk '!x[$0]++' - > drivers/iio/chemical/modules.order
make -f ./scripts/Makefile.build obj=drivers/iio/common \
 \
need-builtin=1 \
need-modorder=1
make -f ./scripts/Makefile.build obj=drivers/iio/common/cros_ec_sensors \
 \
need-builtin=1 \
need-modorder=1
{  :; } \
| awk '!x[$0]++' - > net/mac80211/modules.order
{  :; } \
| awk '!x[$0]++' - > drivers/iio/common/cros_ec_sensors/modules.order
make -f ./scripts/Makefile.build obj=drivers/iio/dac \
 \
need-builtin=1 \
need-modorder=1
make -f ./scripts/Makefile.build obj=drivers/iio/common/hid-sensors \
 \
need-builtin=1 \
need-modorder=1
{  :; } \
| awk '!x[$0]++' - > drivers/iio/common/hid-sensors/modules.order
{  :; } \
| awk '!x[$0]++' - > drivers/iio/dac/modules.order
make -f ./scripts/Makefile.build obj=drivers/iio/common/ms_sensors \
 \
need-builtin=1 \
need-modorder=1
make -f ./scripts/Makefile.build obj=drivers/iio/dummy \
 \
need-builtin=1 \
need-modorder=1
{  :; } \
| awk '!x[$0]++' - > drivers/iio/common/ms_sensors/modules.order
{  :; } \
| awk '!x[$0]++' - > drivers/iio/dummy/modules.order
make -f ./scripts/Makefile.build obj=drivers/iio/common/ssp_sensors \
 \
need-builtin=1 \
need-modorder=1
make -f ./scripts/Makefile.build obj=drivers/iio/common/st_sensors \
 \
need-builtin=1 \
need-modorder=1
{  :; } \
| awk '!x[$0]++' - > drivers/iio/common/ssp_sensors/modules.order
{  :; } \
| awk '!x[$0]++' - > drivers/iio/common/st_sensors/modules.order
make -f ./scripts/Makefile.build obj=drivers/iio/frequency \
 \
need-builtin=1 \
need-modorder=1
{   cat drivers/iio/common/cros_ec_sensors/modules.order;   cat drivers/iio/common/hid-sensors/modules.order;   cat drivers/iio/common/ms_sensors/modules.order;   cat drivers/iio/common/ssp_sensors/modules.order;   cat drivers/iio/common/st_sensors/modules.order; :; } \
| awk '!x[$0]++' - > drivers/iio/common/modules.order
{  :; } \
| awk '!x[$0]++' - > drivers/iio/frequency/modules.order
make -f ./scripts/Makefile.build obj=drivers/iio/gyro \
 \
need-builtin=1 \
need-modorder=1
make -f ./scripts/Makefile.build obj=drivers/iio/health \
 \
need-builtin=1 \
need-modorder=1
{  :; } \
| awk '!x[$0]++' - > drivers/iio/health/modules.order
{  :; } \
| awk '!x[$0]++' - > drivers/iio/gyro/modules.order
make -f ./scripts/Makefile.build obj=net/xdp \
 \
need-builtin=1 \
need-modorder=1
make -f ./scripts/Makefile.build obj=drivers/iio/humidity \
 \
need-builtin=1 \
need-modorder=1
{  :; } \
| awk '!x[$0]++' - > drivers/iio/humidity/modules.order
make -f ./scripts/Makefile.build obj=drivers/iio/imu \
 \
need-builtin=1 \
need-modorder=1
{   cat net/ipv6/netfilter/modules.order; :; } \
| awk '!x[$0]++' - > net/ipv6/modules.order
make -f ./scripts/Makefile.build obj=drivers/iio/imu/bmi160 \
 \
need-builtin=1 \
need-modorder=1
make -f ./scripts/Makefile.build obj=drivers/iio/imu/inv_mpu6050 \
 \
need-builtin=1 \
need-modorder=1
{  :; } \
| awk '!x[$0]++' - > drivers/iio/imu/bmi160/modules.order
{  :; } \
| awk '!x[$0]++' - > drivers/iio/imu/inv_mpu6050/modules.order
make -f ./scripts/Makefile.build obj=drivers/iio/imu/st_lsm6dsx \
 \
need-builtin=1 \
need-modorder=1
make -f ./scripts/Makefile.build obj=net/xfrm \
 \
need-builtin=1 \
need-modorder=1
{  :; } \
| awk '!x[$0]++' - > drivers/iio/imu/st_lsm6dsx/modules.order
{   cat drivers/iio/imu/bmi160/modules.order;   cat drivers/iio/imu/inv_mpu6050/modules.order;   cat drivers/iio/imu/st_lsm6dsx/modules.order; :; } \
| awk '!x[$0]++' - > drivers/iio/imu/modules.order
{  :; } \
| awk '!x[$0]++' - > net/xdp/modules.order
make -f ./scripts/Makefile.build obj=drivers/iio/light \
 \
need-builtin=1 \
need-modorder=1
{  :; } \
| awk '!x[$0]++' - > net/sched/modules.order
make -f ./scripts/Makefile.build obj=drivers/iio/magnetometer \
 \
need-builtin=1 \
need-modorder=1
{  :; } \
| awk '!x[$0]++' - > drivers/iio/light/modules.order
make -f ./scripts/Makefile.build obj=drivers/iio/multiplexer \
 \
need-builtin=1 \
need-modorder=1
make -f ./scripts/Makefile.build obj=drivers/input \
 \
need-builtin=1 \
need-modorder=1
{  :; } \
| awk '!x[$0]++' - > drivers/iio/magnetometer/modules.order
make -f ./scripts/Makefile.build obj=drivers/input/serio \
 \
need-builtin=1 \
need-modorder=1
{  :; } \
| awk '!x[$0]++' - > drivers/iio/multiplexer/modules.order
make -f ./scripts/Makefile.build obj=drivers/iio/orientation \
 \
need-builtin=1 \
need-modorder=1
{  :; } \
| awk '!x[$0]++' - > drivers/iio/orientation/modules.order
make -f ./scripts/Makefile.build obj=drivers/iio/potentiometer \
 \
need-builtin=1 \
need-modorder=1
{  :; } \
| awk '!x[$0]++' - > drivers/iio/potentiometer/modules.order
make -f ./scripts/Makefile.build obj=drivers/iio/potentiostat \
 \
need-builtin=1 \
need-modorder=1
{  :; } \
| awk '!x[$0]++' - > net/tipc/modules.order
{  :; } \
| awk '!x[$0]++' - > drivers/iio/potentiostat/modules.order
{  :; } \
| awk '!x[$0]++' - > drivers/input/serio/modules.order
make -f ./scripts/Makefile.build obj=drivers/iio/pressure \
 \
need-builtin=1 \
need-modorder=1
make -f ./scripts/Makefile.build obj=drivers/interconnect \
 \
need-builtin=1 \
need-modorder=1
make -f ./scripts/Makefile.build obj=drivers/iommu \
 \
need-builtin=1 \
need-modorder=1
{  :; } \
| awk '!x[$0]++' - > drivers/iio/pressure/modules.order
make -f ./scripts/Makefile.build obj=drivers/iio/proximity \
 \
need-builtin=1 \
need-modorder=1
{  :; } \
| awk '!x[$0]++' - > drivers/iio/proximity/modules.order
make -f ./scripts/Makefile.build obj=drivers/iio/resolver \
 \
need-builtin=1 \
need-modorder=1
{  :; } \
| awk '!x[$0]++' - > drivers/iio/resolver/modules.order
make -f ./scripts/Makefile.build obj=drivers/interconnect/qcom \
 \
need-builtin=1 \
need-modorder=1
make -f ./scripts/Makefile.build obj=drivers/iio/temperature \
 \
need-builtin=1 \
need-modorder=1
{  :; } \
| awk '!x[$0]++' - > drivers/iio/temperature/modules.order
make -f ./scripts/Makefile.build obj=drivers/iio/trigger \
 \
need-builtin=1 \
need-modorder=1
make -f ./scripts/Makefile.build obj=drivers/input/joystick \
 \
need-builtin=1 \
need-modorder=1
{  :; } \
| awk '!x[$0]++' - > drivers/iio/trigger/modules.order
{   cat drivers/iio/accel/modules.order;   cat drivers/iio/adc/modules.order;   cat drivers/iio/addac/modules.order;   cat drivers/iio/afe/modules.order;   cat drivers/iio/amplifiers/modules.order;   cat drivers/iio/buffer/modules.order;   cat drivers/iio/chemical/modules.order;   cat drivers/iio/common/modules.order;   cat drivers/iio/dac/modules.order;   cat drivers/iio/dummy/modules.order;   cat drivers/iio/gyro/modules.order;   cat drivers/iio/frequency/modules.order;   cat drivers/iio/health/modules.order;   cat drivers/iio/humidity/modules.order;   cat drivers/iio/imu/modules.order;   cat drivers/iio/light/modules.order;   cat drivers/iio/magnetometer/modules.order;   cat drivers/iio/multiplexer/modules.order;   cat drivers/iio/orientation/modules.order;   cat drivers/iio/potentiometer/modules.order;   cat drivers/iio/potentiostat/modules.order;   cat drivers/iio/pressure/modules.order;   cat drivers/iio/proximity/modules.order;   cat drivers/iio/resolver/modules.order;   cat drivers/iio/temperature/modules.order;   cat drivers/iio/trigger/modules.order; :; } \
| awk '!x[$0]++' - > drivers/iio/modules.order
{  :; } \
| awk '!x[$0]++' - > drivers/input/joystick/modules.order
make -f ./scripts/Makefile.build obj=drivers/input/keyboard \
 \
need-builtin=1 \
need-modorder=1
make -f ./scripts/Makefile.build obj=drivers/input/misc \
 \
need-builtin=1 \
need-modorder=1
{  :; } \
| awk '!x[$0]++' - > net/wireless/modules.order
{  :; } \
| awk '!x[$0]++' - > net/xfrm/modules.order
make -f ./scripts/Makefile.build obj=drivers/input/touchscreen \
 \
need-builtin=1 \
need-modorder=1
make -f ./scripts/Makefile.build obj=drivers/irqchip \
 \
need-builtin=1 \
need-modorder=1
{  :; } \
| awk '!x[$0]++' - > drivers/input/keyboard/modules.order
{  :; } \
| awk '!x[$0]++' - > drivers/interconnect/qcom/modules.order
make -f ./scripts/Makefile.build obj=drivers/kernelsu \
 \
need-builtin=1 \
need-modorder=1
{   echo techpack/display/msm/msm_drm.ko; :; } \
| awk '!x[$0]++' - > techpack/display/msm/modules.order
{   cat drivers/interconnect/qcom/modules.order; :; } \
| awk '!x[$0]++' - > drivers/interconnect/modules.order
make -f ./scripts/Makefile.build obj=drivers/leds \
 \
need-builtin=1 \
need-modorder=1
{   cat techpack/display/msm/modules.order; :; } \
| awk '!x[$0]++' - > techpack/display/modules.order
{  :; } \
| awk '!x[$0]++' - > drivers/input/misc/modules.order
make -f ./scripts/Makefile.build obj=drivers/macintosh \
 \
need-builtin=1 \
need-modorder=1
{   cat techpack/stub/modules.order;   cat techpack/audio/modules.order;   cat techpack/camera/modules.order;   cat techpack/dataipa/modules.order;   cat techpack/datarmnet-ext/modules.order;   cat techpack/datarmnet/modules.order;   cat techpack/display/modules.order;   cat techpack/stub/modules.order;   cat techpack/video/modules.order; :; } \
| awk '!x[$0]++' - > techpack/modules.order
make -f ./scripts/Makefile.build obj=drivers/input/touchscreen/focaltech_touch \
 \
need-builtin=1 \
need-modorder=1
{  :; } \
| awk '!x[$0]++' - > drivers/macintosh/modules.order
-- KernelSU-Next Manager signature size: 0x3e6
-- KernelSU-Next Manager signature hash: 79e590113c4c4c0c222978e413a5faa801666957b1212a328e46c00c69821bf7
make -f ./scripts/Makefile.build obj=drivers/mailbox \
 \
need-builtin=1 \
need-modorder=1
make -f ./scripts/Makefile.build obj=drivers/input/touchscreen/nt36xxx \
 \
need-builtin=1 \
need-modorder=1
-- KSU_NEXT: Neither atomic_inc_not_zero nor atomic_long_inc_not_zero found in kernel/cred.c
-- KSU_NEXT: Using  in get_cred_rcu patch.

-- SUSFS_VERSION: v1.5.5
{  :; } \
| awk '!x[$0]++' - > drivers/input/touchscreen/nt36xxx/modules.order
{  :; } \
| awk '!x[$0]++' - > drivers/mailbox/modules.order
make -f ./scripts/Makefile.build obj=drivers/md \
 \
need-builtin=1 \
need-modorder=1
{  :; } \
| awk '!x[$0]++' - > drivers/iommu/modules.order
make -f ./scripts/Makefile.build obj=drivers/media \
 \
need-builtin=1 \
need-modorder=1
make -f ./scripts/Makefile.build obj=drivers/input/touchscreen/st \
 \
need-builtin=1 \
need-modorder=1
make -f ./scripts/Makefile.build obj=drivers/leds/trigger \
 \
need-builtin=1 \
need-modorder=1
make -f ./scripts/Makefile.build obj=drivers/media/cec \
 \
need-builtin=1 \
need-modorder=1
{  :; } \
| awk '!x[$0]++' - > drivers/leds/trigger/modules.order
{   cat drivers/leds/trigger/modules.order; :; } \
| awk '!x[$0]++' - > drivers/leds/modules.order
{  :; } \
| awk '!x[$0]++' - > drivers/input/touchscreen/focaltech_touch/modules.order
make -f ./scripts/Makefile.build obj=drivers/mfd \
 \
need-builtin=1 \
need-modorder=1
make -f ./scripts/Makefile.build obj=drivers/misc \
 \
need-builtin=1 \
need-modorder=1
{  :; } \
| awk '!x[$0]++' - > drivers/irqchip/modules.order
make -f ./scripts/Makefile.build obj=drivers/media/common \
 \
need-builtin=1 \
need-modorder=1
make -f ./scripts/Makefile.build obj=drivers/media/common/b2c2 \
 \
need-builtin=1 \
need-modorder=1
{  :; } \
| awk '!x[$0]++' - > drivers/media/common/b2c2/modules.order
make -f ./scripts/Makefile.build obj=drivers/media/common/saa7146 \
 \
need-builtin=1 \
need-modorder=1
{  :; } \
| awk '!x[$0]++' - > drivers/media/cec/modules.order
make -f ./scripts/Makefile.build obj=drivers/misc/cardreader \
 \
need-builtin=1 \
need-modorder=1
make -f ./scripts/Makefile.build obj=drivers/misc/cb710 \
 \
need-builtin=1 \
need-modorder=1
{  :; } \
| awk '!x[$0]++' - > drivers/media/common/saa7146/modules.order
{  :; } \
| awk '!x[$0]++' - > drivers/misc/cardreader/modules.order
{  :; } \
| awk '!x[$0]++' - > drivers/misc/cb710/modules.order
make -f ./scripts/Makefile.build obj=drivers/media/common/siano \
 \
need-builtin=1 \
need-modorder=1
make -f ./scripts/Makefile.build obj=drivers/media/common/v4l2-tpg \
 \
need-builtin=1 \
need-modorder=1
make -f ./scripts/Makefile.build obj=drivers/misc/eeprom \
 \
need-builtin=1 \
need-modorder=1
{  :; } \
| awk '!x[$0]++' - > drivers/media/common/v4l2-tpg/modules.order
{  :; } \
| awk '!x[$0]++' - > drivers/media/common/siano/modules.order
make -f ./scripts/Makefile.build obj=drivers/mmc \
 \
need-builtin=1 \
need-modorder=1
make -f ./scripts/Makefile.build obj=drivers/media/common/videobuf2 \
 \
need-builtin=1 \
need-modorder=1
{  :; } \
| awk '!x[$0]++' - > drivers/misc/eeprom/modules.order
make -f ./scripts/Makefile.build obj=drivers/mmc/core \
 \
need-builtin=1 \
need-modorder=1
make -f ./scripts/Makefile.build obj=drivers/misc/lis3lv02d \
 \
need-builtin=1 \
need-modorder=1
{  :; } \
| awk '!x[$0]++' - > drivers/mfd/modules.order
{  :; } \
| awk '!x[$0]++' - > drivers/misc/lis3lv02d/modules.order
make -f ./scripts/Makefile.build obj=drivers/media/firewire \
 \
need-builtin=1 \
need-modorder=1
make -f ./scripts/Makefile.build obj=drivers/misc/mic \
 \
need-builtin=1 \
need-modorder=1
{  :; } \
| awk '!x[$0]++' - > drivers/media/firewire/modules.order
make -f ./scripts/Makefile.build obj=drivers/misc/ti-st \
 \
need-builtin=1 \
need-modorder=1
make -f ./scripts/Makefile.build obj=drivers/misc/mic/bus \
 \
need-builtin=1 \
need-modorder=1
{  :; } \
| awk '!x[$0]++' - > drivers/misc/mic/bus/modules.order
{  :; } \
| awk '!x[$0]++' - > drivers/misc/ti-st/modules.order
{   cat drivers/misc/mic/bus/modules.order; :; } \
| awk '!x[$0]++' - > drivers/misc/mic/modules.order
make -f ./scripts/Makefile.build obj=drivers/media/i2c \
 \
need-builtin=1 \
need-modorder=1
{  :; } \
| awk '!x[$0]++' - > drivers/media/i2c/modules.order
make -f ./scripts/Makefile.build obj=drivers/input/touchscreen/synaptics_dsx \
 \
need-builtin=1 \
need-modorder=1
{  :; } \
| awk '!x[$0]++' - > drivers/kernelsu/modules.order
make -f ./scripts/Makefile.build obj=drivers/media/mc \
 \
need-builtin=1 \
need-modorder=1
{  :; } \
| awk '!x[$0]++' - > drivers/media/common/videobuf2/modules.order
{   cat drivers/misc/eeprom/modules.order;   cat drivers/misc/cb710/modules.order;   cat drivers/misc/ti-st/modules.order;   cat drivers/misc/lis3lv02d/modules.order;   cat drivers/misc/mic/modules.order;   cat drivers/misc/cardreader/modules.order;   echo drivers/misc/mmhardware_others.ko; :; } \
| awk '!x[$0]++' - > drivers/misc/modules.order
{   cat drivers/media/common/b2c2/modules.order;   cat drivers/media/common/saa7146/modules.order;   cat drivers/media/common/siano/modules.order;   cat drivers/media/common/v4l2-tpg/modules.order;   cat drivers/media/common/videobuf2/modules.order; :; } \
| awk '!x[$0]++' - > drivers/media/common/modules.order
make -f ./scripts/Makefile.build obj=drivers/media/mmc \
 \
need-builtin=1 \
need-modorder=1
make -f ./scripts/Makefile.build obj=drivers/media/pci \
 \
need-builtin=1 \
need-modorder=1
make -f ./scripts/Makefile.build obj=drivers/media/pci/b2c2 \
 \
need-builtin=1 \
need-modorder=1
{  :; } \
| awk '!x[$0]++' - > drivers/input/touchscreen/st/modules.order
make -f ./scripts/Makefile.build obj=drivers/media/mmc/siano \
 \
need-builtin=1 \
need-modorder=1
make -f ./scripts/Makefile.build obj=drivers/media/pci/ddbridge \
 \
need-builtin=1 \
need-modorder=1
{  :; } \
| awk '!x[$0]++' - > drivers/media/pci/b2c2/modules.order
{  :; } \
| awk '!x[$0]++' - > drivers/input/touchscreen/synaptics_dsx/modules.order
make -f ./scripts/Makefile.build obj=drivers/media/platform \
 \
need-builtin=1 \
need-modorder=1
{  :; } \
| awk '!x[$0]++' - > drivers/media/mmc/siano/modules.order
{  :; } \
| awk '!x[$0]++' - > drivers/media/pci/ddbridge/modules.order
{   cat drivers/input/touchscreen/st/modules.order;   cat drivers/input/touchscreen/focaltech_touch/modules.order;   cat drivers/input/touchscreen/synaptics_dsx/modules.order;   cat drivers/input/touchscreen/nt36xxx/modules.order; :; } \
| awk '!x[$0]++' - > drivers/input/touchscreen/modules.order
{  :; } \
| awk '!x[$0]++' - > drivers/media/mc/modules.order
{   cat drivers/media/mmc/siano/modules.order; :; } \
| awk '!x[$0]++' - > drivers/media/mmc/modules.order
make -f ./scripts/Makefile.build obj=drivers/media/pci/dm1105 \
 \
need-builtin=1 \
need-modorder=1
make -f ./scripts/Makefile.build obj=drivers/media/radio \
 \
need-builtin=1 \
need-modorder=1
make -f ./scripts/Makefile.build obj=drivers/media/platform/cros-ec-cec \
 \
need-builtin=1 \
need-modorder=1
make -f ./scripts/Makefile.build obj=drivers/mmc/host \
 \
need-builtin=1 \
need-modorder=1
{   cat drivers/input/keyboard/modules.order;   cat drivers/input/joystick/modules.order;   cat drivers/input/touchscreen/modules.order;   cat drivers/input/misc/modules.order; :; } \
| awk '!x[$0]++' - > drivers/input/modules.order
{  :; } \
| awk '!x[$0]++' - > drivers/media/pci/dm1105/modules.order
{  :; } \
| awk '!x[$0]++' - > drivers/media/platform/cros-ec-cec/modules.order
make -f ./scripts/Makefile.build obj=drivers/media/radio/rtc6226 \
 \
need-builtin= \
need-modorder=1
make -f ./scripts/Makefile.build obj=drivers/media/pci/intel \
 \
need-builtin=1 \
need-modorder=1
make -f ./scripts/Makefile.build obj=drivers/media/platform/davinci \
 \
need-builtin=1 \
need-modorder=1
make -f ./scripts/Makefile.build obj=drivers/media/platform/meson \
 \
need-builtin=1 \
need-modorder=1
make -f ./scripts/Makefile.build obj=drivers/media/pci/intel/ipu3 \
 \
need-builtin=1 \
need-modorder=1
{  :; } \
| awk '!x[$0]++' - > drivers/media/platform/davinci/modules.order
{  :; } \
| awk '!x[$0]++' - > drivers/media/platform/meson/modules.order
{  :; } \
| awk '!x[$0]++' - > drivers/media/pci/intel/ipu3/modules.order
make -f ./scripts/Makefile.build obj=drivers/net \
 \
need-builtin=1 \
need-modorder=1
{   cat drivers/media/pci/intel/ipu3/modules.order; :; } \
| awk '!x[$0]++' - > drivers/media/pci/intel/modules.order
make -f ./scripts/Makefile.build obj=drivers/media/platform/msm \
 \
need-builtin=1 \
need-modorder=1
make -f ./scripts/Makefile.build obj=drivers/media/pci/mantis \
 \
need-builtin=1 \
need-modorder=1
make -f ./scripts/Makefile.build obj=drivers/media/platform/msm/cvp \
 \
need-builtin=1 \
need-modorder=1
{   echo drivers/media/radio/rtc6226/radio-i2c-rtc6226-qca.ko; :; } \
| awk '!x[$0]++' - > drivers/media/radio/rtc6226/modules.order
{  :; } \
| awk '!x[$0]++' - > drivers/media/pci/mantis/modules.order
{   cat drivers/media/radio/rtc6226/modules.order; :; } \
| awk '!x[$0]++' - > drivers/media/radio/modules.order
make -f ./scripts/Makefile.build obj=drivers/media/pci/netup_unidvb \
 \
need-builtin=1 \
need-modorder=1
make -f ./scripts/Makefile.build obj=drivers/media/pci/ngene \
 \
need-builtin=1 \
need-modorder=1
{  :; } \
| awk '!x[$0]++' - > drivers/media/pci/netup_unidvb/modules.order
{  :; } \
| awk '!x[$0]++' - > drivers/media/pci/ngene/modules.order
{  :; } \
| awk '!x[$0]++' - > drivers/md/modules.order
make -f ./scripts/Makefile.build obj=drivers/media/rc \
 \
need-builtin=1 \
need-modorder=1
make -f ./scripts/Makefile.build obj=drivers/media/pci/pluto2 \
 \
need-builtin=1 \
need-modorder=1
make -f ./scripts/Makefile.build obj=drivers/media/pci/pt1 \
 \
need-builtin=1 \
need-modorder=1
{  :; } \
| awk '!x[$0]++' - > drivers/media/pci/pluto2/modules.order
{  :; } \
| awk '!x[$0]++' - > drivers/mmc/core/modules.order
make -f ./scripts/Makefile.build obj=drivers/media/pci/pt3 \
 \
need-builtin=1 \
need-modorder=1
make -f ./scripts/Makefile.build obj=drivers/media/platform/msm/synx \
 \
need-builtin=1 \
need-modorder=1
{  :; } \
| awk '!x[$0]++' - > drivers/media/pci/pt1/modules.order
make -f ./scripts/Makefile.build obj=drivers/media/rc/keymaps \
 \
need-builtin=1 \
need-modorder=1
make -f ./scripts/Makefile.build obj=drivers/media/pci/saa7146 \
 \
need-builtin=1 \
need-modorder=1
{  :; } \
| awk '!x[$0]++' - > drivers/media/pci/pt3/modules.order
{  :; } \
| awk '!x[$0]++' - > drivers/media/rc/keymaps/modules.order
{  :; } \
| awk '!x[$0]++' - > drivers/media/pci/saa7146/modules.order
{   cat drivers/media/rc/keymaps/modules.order; :; } \
| awk '!x[$0]++' - > drivers/media/rc/modules.order
{  :; } \
| awk '!x[$0]++' - > drivers/mmc/host/modules.order
make -f ./scripts/Makefile.build obj=drivers/nfc \
 \
need-builtin=1 \
need-modorder=1
make -f ./scripts/Makefile.build obj=drivers/media/pci/smipcie \
 \
need-builtin=1 \
need-modorder=1
make -f ./scripts/Makefile.build obj=drivers/media/pci/ttpci \
 \
need-builtin=1 \
need-modorder=1
{   cat drivers/mmc/core/modules.order;   cat drivers/mmc/host/modules.order; :; } \
| awk '!x[$0]++' - > drivers/mmc/modules.order
{  :; } \
| awk '!x[$0]++' - > drivers/media/pci/ttpci/modules.order
make -f ./scripts/Makefile.build obj=drivers/media/platform/omap \
 \
need-builtin=1 \
need-modorder=1
{  :; } \
| awk '!x[$0]++' - > drivers/media/pci/smipcie/modules.order
make -f ./scripts/Makefile.build obj=drivers/nfc/qti \
 \
need-builtin=1 \
need-modorder=1
make -f ./scripts/Makefile.build obj=drivers/media/platform/stm32 \
 \
need-builtin=1 \
need-modorder=1
{   cat drivers/media/pci/ttpci/modules.order;   cat drivers/media/pci/b2c2/modules.order;   cat drivers/media/pci/pluto2/modules.order;   cat drivers/media/pci/dm1105/modules.order;   cat drivers/media/pci/pt1/modules.order;   cat drivers/media/pci/pt3/modules.order;   cat drivers/media/pci/mantis/modules.order;   cat drivers/media/pci/ngene/modules.order;   cat drivers/media/pci/ddbridge/modules.order;   cat drivers/media/pci/saa7146/modules.order;   cat drivers/media/pci/smipcie/modules.order;   cat drivers/media/pci/netup_unidvb/modules.order;   cat drivers/media/pci/intel/modules.order; :; } \
| awk '!x[$0]++' - > drivers/media/pci/modules.order
make -f ./scripts/Makefile.build obj=drivers/net/dsa \
 \
need-builtin=1 \
need-modorder=1
{  :; } \
| awk '!x[$0]++' - > drivers/media/platform/omap/modules.order
make -f ./scripts/Makefile.build obj=drivers/net/phy \
 \
need-builtin=1 \
need-modorder=1
{  :; } \
| awk '!x[$0]++' - > drivers/media/platform/stm32/modules.order
{  :; } \
| awk '!x[$0]++' - > drivers/media/platform/msm/synx/modules.order
make -f ./scripts/Makefile.build obj=drivers/net/dsa/b53 \
 \
need-builtin=1 \
need-modorder=1
make -f ./scripts/Makefile.build obj=drivers/net/dsa/microchip \
 \
need-builtin=1 \
need-modorder=1
make -f ./scripts/Makefile.build obj=drivers/nvdimm \
 \
need-builtin=1 \
need-modorder=1
{  :; } \
| awk '!x[$0]++' - > drivers/net/dsa/microchip/modules.order
{  :; } \
| awk '!x[$0]++' - > drivers/net/dsa/b53/modules.order
make -f ./scripts/Makefile.build obj=drivers/media/platform/sunxi \
 \
need-builtin=1 \
need-modorder=1
{  :; } \
| awk '!x[$0]++' - > drivers/nfc/qti/modules.order
make -f ./scripts/Makefile.build obj=drivers/net/dsa/mv88e6xxx \
 \
need-builtin=1 \
need-modorder=1
make -f ./scripts/Makefile.build obj=drivers/media/spi \
 \
need-builtin=1 \
need-modorder=1
{   cat drivers/nfc/qti/modules.order; :; } \
| awk '!x[$0]++' - > drivers/nfc/modules.order
make -f ./scripts/Makefile.build obj=drivers/media/platform/sunxi/sun4i-csi \
 \
need-builtin=1 \
need-modorder=1
{  :; } \
| awk '!x[$0]++' - > drivers/net/dsa/mv88e6xxx/modules.order
make -f ./scripts/Makefile.build obj=drivers/net/dsa/sja1105 \
 \
need-builtin=1 \
need-modorder=1
make -f ./scripts/Makefile.build obj=drivers/nvme \
 \
need-builtin=1 \
need-modorder=1
{  :; } \
| awk '!x[$0]++' - > drivers/media/spi/modules.order
make -f ./scripts/Makefile.build obj=drivers/nvmem \
 \
need-builtin=1 \
need-modorder=1
{  :; } \
| awk '!x[$0]++' - > drivers/media/platform/sunxi/sun4i-csi/modules.order
{  :; } \
| awk '!x[$0]++' - > drivers/net/dsa/sja1105/modules.order
make -f ./scripts/Makefile.build obj=drivers/nvme/host \
 \
need-builtin=1 \
need-modorder=1
make -f ./scripts/Makefile.build obj=drivers/media/platform/sunxi/sun6i-csi \
 \
need-builtin=1 \
need-modorder=1
{   cat drivers/net/dsa/b53/modules.order;   cat drivers/net/dsa/microchip/modules.order;   cat drivers/net/dsa/mv88e6xxx/modules.order;   cat drivers/net/dsa/sja1105/modules.order; :; } \
| awk '!x[$0]++' - > drivers/net/dsa/modules.order
{  :; } \
| awk '!x[$0]++' - > drivers/nvme/host/modules.order
make -f ./scripts/Makefile.build obj=drivers/nvme/target \
 \
need-builtin=1 \
need-modorder=1
{  :; } \
| awk '!x[$0]++' - > drivers/media/platform/sunxi/sun6i-csi/modules.order
make -f ./scripts/Makefile.build obj=drivers/net/ppp \
 \
need-builtin=1 \
need-modorder=1
{   cat drivers/media/platform/sunxi/sun4i-csi/modules.order;   cat drivers/media/platform/sunxi/sun6i-csi/modules.order; :; } \
| awk '!x[$0]++' - > drivers/media/platform/sunxi/modules.order
{  :; } \
| awk '!x[$0]++' - > drivers/nvme/target/modules.order
make -f ./scripts/Makefile.build obj=drivers/of \
 \
need-builtin=1 \
need-modorder=1
{   cat drivers/nvme/host/modules.order;   cat drivers/nvme/target/modules.order; :; } \
| awk '!x[$0]++' - > drivers/nvme/modules.order
make -f ./scripts/Makefile.build obj=drivers/media/tuners \
 \
need-builtin=1 \
need-modorder=1
{  :; } \
| awk '!x[$0]++' - > drivers/nvmem/modules.order
make -f ./scripts/Makefile.build obj=drivers/net/slip \
 \
need-builtin=1 \
need-modorder=1
{  :; } \
| awk '!x[$0]++' - > net/netfilter/modules.order
{  :; } \
| awk '!x[$0]++' - > drivers/net/slip/modules.order
{   cat net/core/modules.order;   cat net/llc/modules.order;   cat net/ethernet/modules.order;   cat net/802/modules.order;   cat net/sched/modules.order;   cat net/netlink/modules.order;   cat net/bpf/modules.order;   cat net/netfilter/modules.order;   cat net/ipv4/modules.order;   cat net/xfrm/modules.order;   cat net/unix/modules.order;   cat net/ipv6/modules.order;   cat net/packet/modules.order;   cat net/key/modules.order;   cat net/bridge/modules.order;   cat net/bluetooth/modules.order;   cat net/l2tp/modules.order;   cat net/wireless/modules.order;   cat net/mac80211/modules.order;   cat net/tipc/modules.order;   cat net/rfkill/modules.order;   cat net/qrtr/modules.order;   cat net/xdp/modules.order;   cat net/neuron/modules.order; :; } \
| awk '!x[$0]++' - > net/modules.order
make -f ./scripts/Makefile.build obj=drivers/net/usb \
 \
need-builtin=1 \
need-modorder=1
{  :; } \
| awk '!x[$0]++' - > drivers/net/ppp/modules.order
make -f ./scripts/Makefile.build obj=drivers/media/usb \
 \
need-builtin=1 \
need-modorder=1
{  :; } \
| awk '!x[$0]++' - > drivers/net/phy/modules.order
make -f ./scripts/Makefile.build obj=drivers/net/wireless \
 \
need-builtin=1 \
need-modorder=1
make -f ./scripts/Makefile.build obj=drivers/media/v4l2-core \
 \
need-builtin=1 \
need-modorder=1
make -f ./scripts/Makefile.build obj=drivers/media/usb/b2c2 \
 \
need-builtin=1 \
need-modorder=1
make -f ./scripts/Makefile.build obj=drivers/net/wireless/cnss2 \
 \
need-builtin=1 \
need-modorder=1
{  :; } \
| awk '!x[$0]++' - > drivers/media/usb/b2c2/modules.order
{  :; } \
| awk '!x[$0]++' - > drivers/media/platform/msm/cvp/modules.order
make -f ./scripts/Makefile.build obj=drivers/media/usb/dvb-usb \
 \
need-builtin=1 \
need-modorder=1
{   cat drivers/media/platform/msm/synx/modules.order;   cat drivers/media/platform/msm/cvp/modules.order; :; } \
| awk '!x[$0]++' - > drivers/media/platform/msm/modules.order
{   cat drivers/media/platform/stm32/modules.order;   cat drivers/media/platform/davinci/modules.order;   cat drivers/media/platform/omap/modules.order;   cat drivers/media/platform/meson/modules.order;   cat drivers/media/platform/cros-ec-cec/modules.order;   cat drivers/media/platform/sunxi/modules.order;   cat drivers/media/platform/msm/modules.order; :; } \
| awk '!x[$0]++' - > drivers/media/platform/modules.order
{  :; } \
| awk '!x[$0]++' - > drivers/media/usb/dvb-usb/modules.order
make -f ./scripts/Makefile.build obj=drivers/media/usb/dvb-usb-v2 \
 \
need-builtin=1 \
need-modorder=1
make -f ./scripts/Makefile.build obj=drivers/media/usb/gspca \
 \
need-builtin=1 \
need-modorder=1
{  :; } \
| awk '!x[$0]++' - > drivers/media/usb/dvb-usb-v2/modules.order
make -f ./scripts/Makefile.build obj=drivers/net/wireless/cnss_genl \
 \
need-builtin=1 \
need-modorder=1
{  :; } \
| awk '!x[$0]++' - > drivers/of/modules.order
{  :; } \
| awk '!x[$0]++' - > drivers/nvdimm/modules.order
make -f ./scripts/Makefile.build obj=drivers/opp \
 \
need-builtin=1 \
need-modorder=1
make -f ./scripts/Makefile.build obj=drivers/net/wireless/cnss_prealloc \
 \
need-builtin=1 \
need-modorder=1
{  :; } \
| awk '!x[$0]++' - > drivers/net/wireless/cnss_genl/modules.order
make -f ./scripts/Makefile.build obj=drivers/pci \
 \
need-builtin=1 \
need-modorder=1
{  :; } \
| awk '!x[$0]++' - > drivers/media/usb/gspca/modules.order
make -f ./scripts/Makefile.build obj=drivers/media/usb/s2255 \
 \
need-builtin=1 \
need-modorder=1
{  :; } \
| awk '!x[$0]++' - > drivers/net/wireless/cnss_prealloc/modules.order
make -f ./scripts/Makefile.build obj=drivers/perf \
 \
need-builtin=1 \
need-modorder=1
{  :; } \
| awk '!x[$0]++' - > drivers/media/usb/s2255/modules.order
make -f ./scripts/Makefile.build obj=drivers/media/usb/siano \
 \
need-builtin=1 \
need-modorder=1
{  :; } \
| awk '!x[$0]++' - > drivers/media/usb/siano/modules.order
make -f ./scripts/Makefile.build obj=drivers/media/usb/stkwebcam \
 \
need-builtin=1 \
need-modorder=1
{  :; } \
| awk '!x[$0]++' - > drivers/opp/modules.order
{  :; } \
| awk '!x[$0]++' - > drivers/media/usb/stkwebcam/modules.order
make -f ./scripts/Makefile.build obj=drivers/media/usb/ttusb-budget \
 \
need-builtin=1 \
need-modorder=1
make -f ./scripts/Makefile.build obj=drivers/phy \
 \
need-builtin=1 \
need-modorder=1
{  :; } \
| awk '!x[$0]++' - > drivers/media/usb/ttusb-budget/modules.order
make -f ./scripts/Makefile.build obj=drivers/media/usb/ttusb-dec \
 \
need-builtin=1 \
need-modorder=1
{  :; } \
| awk '!x[$0]++' - > drivers/perf/modules.order
{  :; } \
| awk '!x[$0]++' - > drivers/media/usb/ttusb-dec/modules.order
make -f ./scripts/Makefile.build obj=drivers/phy/allwinner \
 \
need-builtin=1 \
need-modorder=1
make -f ./scripts/Makefile.build obj=drivers/media/usb/uvc \
 \
need-builtin=1 \
need-modorder=1
make -f ./scripts/Makefile.build obj=drivers/pinctrl \
 \
need-builtin=1 \
need-modorder=1
{  :; } \
| awk '!x[$0]++' - > drivers/phy/allwinner/modules.order
{  :; } \
| awk '!x[$0]++' - > drivers/net/wireless/cnss2/modules.order
make -f ./scripts/Makefile.build obj=drivers/phy/broadcom \
 \
need-builtin=1 \
need-modorder=1
make -f ./scripts/Makefile.build obj=drivers/net/wireless/cnss_utils \
 \
need-builtin=1 \
need-modorder=1
{  :; } \
| awk '!x[$0]++' - > drivers/phy/broadcom/modules.order
{  :; } \
| awk '!x[$0]++' - > drivers/net/usb/modules.order
make -f ./scripts/Makefile.build obj=drivers/phy/cadence \
 \
need-builtin=1 \
need-modorder=1
make -f ./scripts/Makefile.build obj=drivers/phy/freescale \
 \
need-builtin=1 \
need-modorder=1
{  :; } \
| awk '!x[$0]++' - > drivers/phy/cadence/modules.order
make -f ./scripts/Makefile.build obj=drivers/platform \
 \
need-builtin=1 \
need-modorder=1
{  :; } \
| awk '!x[$0]++' - > drivers/phy/freescale/modules.order
make -f ./scripts/Makefile.build obj=drivers/phy/hisilicon \
 \
need-builtin=1 \
need-modorder=1
make -f ./scripts/Makefile.build obj=drivers/platform/msm \
 \
need-builtin=1 \
need-modorder=1
{  :; } \
| awk '!x[$0]++' - > drivers/phy/hisilicon/modules.order
make -f ./scripts/Makefile.build obj=drivers/phy/lantiq \
 \
need-builtin=1 \
need-modorder=1
{  :; } \
| awk '!x[$0]++' - > drivers/phy/lantiq/modules.order
{  :; } \
| awk '!x[$0]++' - > drivers/net/wireless/cnss_utils/modules.order
make -f ./scripts/Makefile.build obj=drivers/phy/marvell \
 \
need-builtin=1 \
need-modorder=1
{   cat drivers/net/wireless/cnss2/modules.order;   cat drivers/net/wireless/cnss_utils/modules.order;   cat drivers/net/wireless/cnss_genl/modules.order;   cat drivers/net/wireless/cnss_prealloc/modules.order; :; } \
| awk '!x[$0]++' - > drivers/net/wireless/modules.order
make -f ./scripts/Makefile.build obj=drivers/platform/msm/ipa_fmwk \
 \
need-builtin=1 \
need-modorder=1
{  :; } \
| awk '!x[$0]++' - > drivers/phy/marvell/modules.order
{  :; } \
| awk '!x[$0]++' - > drivers/media/v4l2-core/modules.order
make -f ./scripts/Makefile.build obj=drivers/phy/motorola \
 \
need-builtin=1 \
need-modorder=1
make -f ./scripts/Makefile.build obj=drivers/phy/mscc \
 \
need-builtin=1 \
need-modorder=1
{  :; } \
| awk '!x[$0]++' - > drivers/phy/motorola/modules.order
{   cat drivers/net/phy/modules.order;   cat drivers/net/dsa/modules.order;   cat drivers/net/ppp/modules.order;   cat drivers/net/ppp/modules.order;   cat drivers/net/ppp/modules.order;   cat drivers/net/ppp/modules.order;   cat drivers/net/ppp/modules.order;   cat drivers/net/ppp/modules.order;   cat drivers/net/slip/modules.order;   cat drivers/net/wireless/modules.order;   cat drivers/net/usb/modules.order; :; } \
| awk '!x[$0]++' - > drivers/net/modules.order
{  :; } \
| awk '!x[$0]++' - > drivers/phy/mscc/modules.order
make -f ./scripts/Makefile.build obj=drivers/phy/qualcomm \
 \
need-builtin=1 \
need-modorder=1
make -f ./scripts/Makefile.build obj=drivers/media/usb/zr364xx \
 \
need-builtin=1 \
need-modorder=1
make -f ./scripts/Makefile.build obj=drivers/pinctrl/actions \
 \
need-builtin=1 \
need-modorder=1
make -f ./scripts/Makefile.build obj=drivers/pinctrl/bcm \
 \
need-builtin=1 \
need-modorder=1
{  :; } \
| awk '!x[$0]++' - > drivers/media/usb/zr364xx/modules.order
{  :; } \
| awk '!x[$0]++' - > drivers/platform/msm/ipa_fmwk/modules.order
make -f ./scripts/Makefile.build obj=drivers/platform/msm/sps \
 \
need-builtin=1 \
need-modorder=1
make -f ./scripts/Makefile.build obj=drivers/pinctrl/cirrus \
 \
need-builtin=1 \
need-modorder=1
{  :; } \
| awk '!x[$0]++' - > drivers/pinctrl/bcm/modules.order
{  :; } \
| awk '!x[$0]++' - > drivers/pinctrl/actions/modules.order
make -f ./scripts/Makefile.build obj=drivers/phy/ralink \
 \
need-builtin=1 \
need-modorder=1
make -f ./scripts/Makefile.build obj=drivers/phy/samsung \
 \
need-builtin=1 \
need-modorder=1
{  :; } \
| awk '!x[$0]++' - > drivers/pinctrl/cirrus/modules.order
{  :; } \
| awk '!x[$0]++' - > drivers/phy/ralink/modules.order
{  :; } \
| awk '!x[$0]++' - > drivers/phy/samsung/modules.order
make -f ./scripts/Makefile.build obj=drivers/phy/socionext \
 \
need-builtin=1 \
need-modorder=1
make -f ./scripts/Makefile.build obj=drivers/pinctrl/freescale \
 \
need-builtin=1 \
need-modorder=1
make -f ./scripts/Makefile.build obj=drivers/phy/st \
 \
need-builtin=1 \
need-modorder=1
{  :; } \
| awk '!x[$0]++' - > drivers/media/usb/uvc/modules.order
{  :; } \
| awk '!x[$0]++' - > drivers/phy/socionext/modules.order
{  :; } \
| awk '!x[$0]++' - > drivers/pinctrl/freescale/modules.order
{  :; } \
| awk '!x[$0]++' - > drivers/phy/st/modules.order
{   cat drivers/media/usb/ttusb-dec/modules.order;   cat drivers/media/usb/ttusb-budget/modules.order;   cat drivers/media/usb/dvb-usb/modules.order;   cat drivers/media/usb/dvb-usb-v2/modules.order;   cat drivers/media/usb/siano/modules.order;   cat drivers/media/usb/b2c2/modules.order;   cat drivers/media/usb/zr364xx/modules.order;   cat drivers/media/usb/stkwebcam/modules.order;   cat drivers/media/usb/s2255/modules.order;   cat drivers/media/usb/uvc/modules.order;   cat drivers/media/usb/gspca/modules.order; :; } \
| awk '!x[$0]++' - > drivers/media/usb/modules.order
make -f ./scripts/Makefile.build obj=drivers/pinctrl/mediatek \
 \
need-builtin=1 \
need-modorder=1
make -f ./scripts/Makefile.build obj=drivers/phy/ti \
 \
need-builtin=1 \
need-modorder=1
make -f ./scripts/Makefile.build obj=drivers/pinctrl/mvebu \
 \
need-builtin=1 \
need-modorder=1
{  :; } \
| awk '!x[$0]++' - > drivers/pinctrl/mediatek/modules.order
{  :; } \
| awk '!x[$0]++' - > drivers/phy/ti/modules.order
{  :; } \
| awk '!x[$0]++' - > drivers/pinctrl/mvebu/modules.order
make -f ./scripts/Makefile.build obj=drivers/pinctrl/nomadik \
 \
need-builtin=1 \
need-modorder=1
make -f ./scripts/Makefile.build obj=drivers/power \
 \
need-builtin=1 \
need-modorder=1
make -f ./scripts/Makefile.build obj=drivers/ptp \
 \
need-builtin=1 \
need-modorder=1
make -f ./scripts/Makefile.build obj=drivers/pinctrl/qcom \
 \
need-builtin=1 \
need-modorder=1
make -f ./scripts/Makefile.build obj=drivers/power/avs \
 \
need-builtin=1 \
need-modorder=1
{  :; } \
| awk '!x[$0]++' - > drivers/pinctrl/nomadik/modules.order
{  :; } \
| awk '!x[$0]++' - > drivers/ptp/modules.order
make -f ./scripts/Makefile.build obj=drivers/power/reset \
 \
need-builtin=1 \
need-modorder=1
make -f ./scripts/Makefile.build obj=drivers/power/supply \
 \
need-builtin=1 \
need-modorder=1
{  :; } \
| awk '!x[$0]++' - > drivers/power/avs/modules.order
make -f ./scripts/Makefile.build obj=drivers/pinctrl/sprd \
 \
need-builtin=1 \
need-modorder=1
make -f ./scripts/Makefile.build obj=drivers/pci/controller \
 \
need-builtin=1 \
need-modorder=1
{  :; } \
| awk '!x[$0]++' - > drivers/platform/msm/sps/modules.order
{  :; } \
| awk '!x[$0]++' - > drivers/pinctrl/sprd/modules.order
{  :; } \
| awk '!x[$0]++' - > drivers/phy/qualcomm/modules.order
make -f ./scripts/Makefile.build obj=drivers/pci/endpoint \
 \
need-builtin=1 \
need-modorder=1
{   cat drivers/platform/msm/ipa_fmwk/modules.order;   cat drivers/platform/msm/sps/modules.order; :; } \
| awk '!x[$0]++' - > drivers/platform/msm/modules.order
{   cat drivers/phy/allwinner/modules.order;   cat drivers/phy/broadcom/modules.order;   cat drivers/phy/cadence/modules.order;   cat drivers/phy/freescale/modules.order;   cat drivers/phy/hisilicon/modules.order;   cat drivers/phy/lantiq/modules.order;   cat drivers/phy/marvell/modules.order;   cat drivers/phy/motorola/modules.order;   cat drivers/phy/mscc/modules.order;   cat drivers/phy/qualcomm/modules.order;   cat drivers/phy/ralink/modules.order;   cat drivers/phy/samsung/modules.order;   cat drivers/phy/socionext/modules.order;   cat drivers/phy/st/modules.order;   cat drivers/phy/ti/modules.order; :; } \
| awk '!x[$0]++' - > drivers/phy/modules.order
{   cat drivers/platform/msm/modules.order; :; } \
| awk '!x[$0]++' - > drivers/platform/modules.order
make -f ./scripts/Makefile.build obj=drivers/pci/pcie \
 \
need-builtin=1 \
need-modorder=1
make -f ./scripts/Makefile.build obj=drivers/pci/switch \
 \
need-builtin=1 \
need-modorder=1
{  :; } \
| awk '!x[$0]++' - > drivers/pci/switch/modules.order
{  :; } \
| awk '!x[$0]++' - > drivers/power/reset/modules.order
make -f ./scripts/Makefile.build obj=drivers/pwm \
 \
need-builtin=1 \
need-modorder=1
make -f ./scripts/Makefile.build obj=drivers/ras \
 \
need-builtin=1 \
need-modorder=1
make -f ./scripts/Makefile.build obj=drivers/pci/endpoint/functions \
 \
need-builtin=1 \
need-modorder=1
make -f ./scripts/Makefile.build obj=drivers/pci/controller/dwc \
 \
need-builtin=1 \
need-modorder=1
{  :; } \
| awk '!x[$0]++' - > drivers/power/supply/modules.order
{  :; } \
| awk '!x[$0]++' - > drivers/pci/endpoint/functions/modules.order
{   cat drivers/pci/endpoint/functions/modules.order; :; } \
| awk '!x[$0]++' - > drivers/pci/endpoint/modules.order
{   cat drivers/power/avs/modules.order;   cat drivers/power/reset/modules.order;   cat drivers/power/supply/modules.order; :; } \
| awk '!x[$0]++' - > drivers/power/modules.order
{  :; } \
| awk '!x[$0]++' - > drivers/pinctrl/qcom/modules.order
make -f ./scripts/Makefile.build obj=drivers/pinctrl/ti \
 \
need-builtin=1 \
need-modorder=1
make -f ./scripts/Makefile.build obj=drivers/regulator \
 \
need-builtin=1 \
need-modorder=1
{  :; } \
| awk '!x[$0]++' - > drivers/ras/modules.order
{   echo drivers/media/tuners/tuner-xc2028.ko;   echo drivers/media/tuners/tuner-simple.ko;   echo drivers/media/tuners/tuner-types.ko;   echo drivers/media/tuners/mt20xx.ko;   echo drivers/media/tuners/tea5767.ko;   echo drivers/media/tuners/tea5761.ko;   echo drivers/media/tuners/tda9887.ko;   echo drivers/media/tuners/xc5000.ko;   echo drivers/media/tuners/xc4000.ko;   echo drivers/media/tuners/msi001.ko;   echo drivers/media/tuners/mt2060.ko;   echo drivers/media/tuners/mt2063.ko;   echo drivers/media/tuners/mt2266.ko;   echo drivers/media/tuners/qt1010.ko;   echo drivers/media/tuners/mt2131.ko;   echo drivers/media/tuners/mxl5005s.ko;   echo drivers/media/tuners/mxl5007t.ko;   echo drivers/media/tuners/mc44s803.ko;   echo drivers/media/tuners/max2165.ko;   echo drivers/media/tuners/tda18218.ko;   echo drivers/media/tuners/tda18212.ko;   echo drivers/media/tuners/e4000.ko;   echo drivers/media/tuners/fc2580.ko;   echo drivers/media/tuners/tua9001.ko;   echo drivers/media/tuners/si2157.ko;   echo drivers/media/tuners/fc0011.ko;   echo drivers/media/tuners/fc0012.ko;   echo drivers/media/tuners/fc0013.ko;   echo drivers/media/tuners/it913x.ko;   echo drivers/media/tuners/r820t.ko;   echo drivers/media/tuners/mxl301rf.ko;   echo drivers/media/tuners/qm1d1c0042.ko;   echo drivers/media/tuners/qm1d1b0004.ko;   echo drivers/media/tuners/m88rs6000t.ko;   echo drivers/media/tuners/tda18250.ko; :; } \
| awk '!x[$0]++' - > drivers/media/tuners/modules.order
make -f ./scripts/Makefile.build obj=drivers/remoteproc \
 \
need-builtin=1 \
need-modorder=1
make -f ./scripts/Makefile.build obj=drivers/reset \
 \
need-builtin=1 \
need-modorder=1
{  :; } \
| awk '!x[$0]++' - > drivers/pinctrl/ti/modules.order
{  :; } \
| awk '!x[$0]++' - > drivers/pwm/modules.order
{   cat drivers/media/i2c/modules.order;   cat drivers/media/tuners/modules.order;   cat drivers/media/mc/modules.order;   cat drivers/media/v4l2-core/modules.order;   cat drivers/media/rc/modules.order;   cat drivers/media/cec/modules.order;   cat drivers/media/common/modules.order;   cat drivers/media/platform/modules.order;   cat drivers/media/pci/modules.order;   cat drivers/media/usb/modules.order;   cat drivers/media/mmc/modules.order;   cat drivers/media/firewire/modules.order;   cat drivers/media/spi/modules.order;   cat drivers/media/radio/modules.order; :; } \
| awk '!x[$0]++' - > drivers/media/modules.order
{   cat drivers/pinctrl/actions/modules.order;   cat drivers/pinctrl/bcm/modules.order;   cat drivers/pinctrl/freescale/modules.order;   cat drivers/pinctrl/mvebu/modules.order;   cat drivers/pinctrl/nomadik/modules.order;   cat drivers/pinctrl/qcom/modules.order;   cat drivers/pinctrl/sprd/modules.order;   cat drivers/pinctrl/ti/modules.order;   cat drivers/pinctrl/mediatek/modules.order;   cat drivers/pinctrl/cirrus/modules.order; :; } \
| awk '!x[$0]++' - > drivers/pinctrl/modules.order
{  :; } \
| awk '!x[$0]++' - > drivers/pci/pcie/modules.order
make -f ./scripts/Makefile.build obj=drivers/rpmsg \
 \
need-builtin=1 \
need-modorder=1
make -f ./scripts/Makefile.build obj=drivers/rtc \
 \
need-builtin=1 \
need-modorder=1
make -f ./scripts/Makefile.build obj=drivers/scsi \
 \
need-builtin=1 \
need-modorder=1
make -f ./scripts/Makefile.build obj=drivers/slimbus \
 \
need-builtin= \
need-modorder=1
make -f ./scripts/Makefile.build obj=drivers/reset/hisilicon \
 \
need-builtin=1 \
need-modorder=1
{  :; } \
| awk '!x[$0]++' - > drivers/remoteproc/modules.order
make -f ./scripts/Makefile.build obj=drivers/soc \
 \
need-builtin=1 \
need-modorder=1
{  :; } \
| awk '!x[$0]++' - > drivers/reset/hisilicon/modules.order
make -f ./scripts/Makefile.build obj=drivers/soc/amlogic \
 \
need-builtin=1 \
need-modorder=1
{   echo drivers/slimbus/slimbus.ko;   echo drivers/slimbus/slimbus-ngd.ko; :; } \
| awk '!x[$0]++' - > drivers/slimbus/modules.order
make -f ./scripts/Makefile.build obj=drivers/spi \
 \
need-builtin=1 \
need-modorder=1
{  :; } \
| awk '!x[$0]++' - > drivers/rpmsg/modules.order
{  :; } \
| awk '!x[$0]++' - > drivers/pci/controller/dwc/modules.order
{  :; } \
| awk '!x[$0]++' - > drivers/soc/amlogic/modules.order
make -f ./scripts/Makefile.build obj=drivers/spmi \
 \
need-builtin=1 \
need-modorder=1
{   cat drivers/reset/hisilicon/modules.order; :; } \
| awk '!x[$0]++' - > drivers/reset/modules.order
make -f ./scripts/Makefile.build obj=drivers/soc/bcm \
 \
need-builtin=1 \
need-modorder=1
{   cat drivers/pci/controller/dwc/modules.order; :; } \
| awk '!x[$0]++' - > drivers/pci/controller/modules.order
make -f ./scripts/Makefile.build obj=drivers/soc/fsl \
 \
need-builtin=1 \
need-modorder=1
{   cat drivers/pci/pcie/modules.order;   cat drivers/pci/endpoint/modules.order;   cat drivers/pci/controller/modules.order;   cat drivers/pci/switch/modules.order; :; } \
| awk '!x[$0]++' - > drivers/pci/modules.order
{  :; } \
| awk '!x[$0]++' - > drivers/soc/bcm/modules.order
make -f ./scripts/Makefile.build obj=drivers/soc/mediatek \
 \
need-builtin=1 \
need-modorder=1
{  :; } \
| awk '!x[$0]++' - > drivers/soc/fsl/modules.order
make -f ./scripts/Makefile.build obj=drivers/soc/qcom \
 \
need-builtin=1 \
need-modorder=1
make -f ./scripts/Makefile.build obj=drivers/staging \
 \
need-builtin=1 \
need-modorder=1
{  :; } \
| awk '!x[$0]++' - > drivers/soc/mediatek/modules.order
make -f ./scripts/Makefile.build obj=drivers/staging/android \
 \
need-builtin=1 \
need-modorder=1
make -f ./scripts/Makefile.build obj=drivers/soc/renesas \
 \
need-builtin=1 \
need-modorder=1
{  :; } \
| awk '!x[$0]++' - > drivers/soc/renesas/modules.order
make -f ./scripts/Makefile.build obj=drivers/staging/iio \
 \
need-builtin=1 \
need-modorder=1
make -f ./scripts/Makefile.build obj=drivers/staging/android/ion \
 \
need-builtin=1 \
need-modorder=1
{  :; } \
| awk '!x[$0]++' - > drivers/spmi/modules.order
{  :; } \
| awk '!x[$0]++' - > drivers/spi/modules.order
make -f ./scripts/Makefile.build obj=drivers/staging/iio/accel \
 \
need-builtin=1 \
need-modorder=1
make -f ./scripts/Makefile.build obj=drivers/staging/media \
 \
need-builtin=1 \
need-modorder=1
make -f ./scripts/Makefile.build obj=drivers/staging/iio/adc \
 \
need-builtin=1 \
need-modorder=1
{  :; } \
| awk '!x[$0]++' - > drivers/staging/media/modules.order
{  :; } \
| awk '!x[$0]++' - > drivers/staging/iio/accel/modules.order
{  :; } \
| awk '!x[$0]++' - > drivers/staging/iio/adc/modules.order
make -f ./scripts/Makefile.build obj=drivers/staging/iio/addac \
 \
need-builtin=1 \
need-modorder=1
make -f ./scripts/Makefile.build obj=drivers/thermal \
 \
need-builtin=1 \
need-modorder=1
make -f ./scripts/Makefile.build obj=drivers/tty \
 \
need-builtin=1 \
need-modorder=1
{  :; } \
| awk '!x[$0]++' - > drivers/staging/iio/addac/modules.order
make -f ./scripts/Makefile.build obj=drivers/staging/iio/cdc \
 \
need-builtin=1 \
need-modorder=1
{  :; } \
| awk '!x[$0]++' - > drivers/rtc/modules.order
{  :; } \
| awk '!x[$0]++' - > drivers/staging/iio/cdc/modules.order
make -f ./scripts/Makefile.build obj=drivers/uio \
 \
need-builtin=1 \
need-modorder=1
make -f ./scripts/Makefile.build obj=drivers/staging/iio/frequency \
 \
need-builtin=1 \
need-modorder=1
{  :; } \
| awk '!x[$0]++' - > drivers/staging/iio/frequency/modules.order
make -f ./scripts/Makefile.build obj=drivers/staging/iio/impedance-analyzer \
 \
need-builtin=1 \
need-modorder=1
make -f ./scripts/Makefile.build obj=drivers/staging/android/ion/heaps \
 \
need-builtin=1 \
need-modorder=1
make -f ./scripts/Makefile.build obj=drivers/uio/msm_sharedmem \
 \
need-builtin=1 \
need-modorder=1
{  :; } \
| awk '!x[$0]++' - > drivers/regulator/modules.order
{  :; } \
| awk '!x[$0]++' - > drivers/staging/iio/impedance-analyzer/modules.order
make -f ./scripts/Makefile.build obj=drivers/staging/iio/meter \
 \
need-builtin=1 \
need-modorder=1
make -f ./scripts/Makefile.build obj=drivers/staging/iio/resolver \
 \
need-builtin=1 \
need-modorder=1
{  :; } \
| awk '!x[$0]++' - > drivers/staging/iio/meter/modules.order
{  :; } \
| awk '!x[$0]++' - > drivers/staging/iio/resolver/modules.order
{  :; } \
| awk '!x[$0]++' - > drivers/uio/msm_sharedmem/modules.order
{   cat drivers/staging/iio/accel/modules.order;   cat drivers/staging/iio/adc/modules.order;   cat drivers/staging/iio/addac/modules.order;   cat drivers/staging/iio/cdc/modules.order;   cat drivers/staging/iio/frequency/modules.order;   cat drivers/staging/iio/impedance-analyzer/modules.order;   cat drivers/staging/iio/meter/modules.order;   cat drivers/staging/iio/resolver/modules.order; :; } \
| awk '!x[$0]++' - > drivers/staging/iio/modules.order
make -f ./scripts/Makefile.build obj=drivers/usb \
 \
need-builtin=1 \
need-modorder=1
{   cat drivers/uio/msm_sharedmem/modules.order; :; } \
| awk '!x[$0]++' - > drivers/uio/modules.order
make -f ./scripts/Makefile.build obj=drivers/soc/sunxi \
 \
need-builtin=1 \
need-modorder=1
make -f ./scripts/Makefile.build obj=drivers/usb/common \
 \
need-builtin=1 \
need-modorder=1
make -f ./scripts/Makefile.build obj=drivers/video \
 \
need-builtin=1 \
need-modorder=1
{  :; } \
| awk '!x[$0]++' - > drivers/soc/sunxi/modules.order
make -f ./scripts/Makefile.build obj=drivers/scsi/ufs \
 \
need-builtin=1 \
need-modorder=1
make -f ./scripts/Makefile.build obj=drivers/virt \
 \
need-builtin=1 \
need-modorder=1
make -f ./scripts/Makefile.build obj=drivers/video/backlight \
 \
need-builtin=1 \
need-modorder=1
make -f ./scripts/Makefile.build obj=drivers/virt/haven \
 \
need-builtin=1 \
need-modorder=1
{  :; } \
| awk '!x[$0]++' - > drivers/usb/common/modules.order
make -f ./scripts/Makefile.build obj=drivers/usb/core \
 \
need-builtin=1 \
need-modorder=1
{  :; } \
| awk '!x[$0]++' - > drivers/video/backlight/modules.order
make -f ./scripts/Makefile.build obj=drivers/thermal/broadcom \
 \
need-builtin=1 \
need-modorder=1
make -f ./scripts/Makefile.build obj=drivers/video/fbdev \
 \
need-builtin=1 \
need-modorder=1
{  :; } \
| awk '!x[$0]++' - > drivers/thermal/broadcom/modules.order
make -f ./scripts/Makefile.build obj=drivers/thermal/intel \
 \
need-builtin=1 \
need-modorder=1
make -f ./scripts/Makefile.build obj=drivers/video/fbdev/core \
 \
need-builtin=1 \
need-modorder=1
{  :; } \
| awk '!x[$0]++' - > drivers/staging/android/ion/heaps/modules.order
{  :; } \
| awk '!x[$0]++' - > drivers/thermal/intel/modules.order
{   cat drivers/staging/android/ion/heaps/modules.order; :; } \
| awk '!x[$0]++' - > drivers/staging/android/ion/modules.order
make -f ./scripts/Makefile.build obj=drivers/thermal/qcom \
 \
need-builtin=1 \
need-modorder=1
{   cat drivers/staging/android/ion/modules.order; :; } \
| awk '!x[$0]++' - > drivers/staging/android/modules.order
make -f ./scripts/Makefile.build obj=drivers/tty/hvc \
 \
need-builtin=1 \
need-modorder=1
{   cat drivers/staging/media/modules.order;   cat drivers/staging/iio/modules.order;   cat drivers/staging/android/modules.order; :; } \
| awk '!x[$0]++' - > drivers/staging/modules.order
{  :; } \
| awk '!x[$0]++' - > drivers/video/fbdev/core/modules.order
make -f ./scripts/Makefile.build obj=drivers/thermal/samsung \
 \
need-builtin=1 \
need-modorder=1
make -f ./scripts/Makefile.build obj=drivers/video/fbdev/omap2 \
 \
need-builtin=1 \
need-modorder=1
{  :; } \
| awk '!x[$0]++' - > drivers/thermal/samsung/modules.order
{  :; } \
| awk '!x[$0]++' - > drivers/virt/haven/modules.order
make -f ./scripts/Makefile.build obj=drivers/virt/vboxguest \
 \
need-builtin=1 \
need-modorder=1
make -f ./scripts/Makefile.build obj=drivers/thermal/st \
 \
need-builtin=1 \
need-modorder=1
make -f ./scripts/Makefile.build obj=drivers/video/fbdev/omap2/omapfb \
 \
need-builtin=1 \
need-modorder=1
{  :; } \
| awk '!x[$0]++' - > drivers/virt/vboxguest/modules.order
make -f ./scripts/Makefile.build obj=drivers/video/fbdev/omap2/omapfb/displays \
 \
need-builtin=1 \
need-modorder=1
{  :; } \
| awk '!x[$0]++' - > drivers/thermal/st/modules.order
{   cat drivers/virt/vboxguest/modules.order;   cat drivers/virt/haven/modules.order; :; } \
| awk '!x[$0]++' - > drivers/virt/modules.order
make -f ./scripts/Makefile.build obj=drivers/thermal/tegra \
 \
need-builtin=1 \
need-modorder=1
make -f ./scripts/Makefile.build obj=drivers/virtio \
 \
need-builtin=1 \
need-modorder=1
{  :; } \
| awk '!x[$0]++' - > drivers/tty/hvc/modules.order
{  :; } \
| awk '!x[$0]++' - > drivers/video/fbdev/omap2/omapfb/displays/modules.order
make -f ./scripts/Makefile.build obj=drivers/tty/ipwireless \
 \
need-builtin=1 \
need-modorder=1
{  :; } \
| awk '!x[$0]++' - > drivers/thermal/tegra/modules.order
make -f ./scripts/Makefile.build obj=drivers/video/fbdev/omap2/omapfb/dss \
 \
need-builtin=1 \
need-modorder=1
make -f ./scripts/Makefile.build obj=drivers/tty/serial \
 \
need-builtin=1 \
need-modorder=1
{  :; } \
| awk '!x[$0]++' - > drivers/video/fbdev/omap2/omapfb/dss/modules.order
{  :; } \
| awk '!x[$0]++' - > drivers/tty/ipwireless/modules.order
{   cat drivers/video/fbdev/omap2/omapfb/dss/modules.order;   cat drivers/video/fbdev/omap2/omapfb/displays/modules.order; :; } \
| awk '!x[$0]++' - > drivers/video/fbdev/omap2/omapfb/modules.order
{   cat drivers/video/fbdev/omap2/omapfb/modules.order; :; } \
| awk '!x[$0]++' - > drivers/video/fbdev/omap2/modules.order
make -f ./scripts/Makefile.build obj=drivers/watchdog \
 \
need-builtin=1 \
need-modorder=1
{   cat drivers/video/fbdev/core/modules.order;   cat drivers/video/fbdev/omap2/modules.order; :; } \
| awk '!x[$0]++' - > drivers/video/fbdev/modules.order
{  :; } \
| awk '!x[$0]++' - > drivers/scsi/ufs/modules.order
{  :; } \
| awk '!x[$0]++' - > drivers/virtio/modules.order
{   cat drivers/scsi/ufs/modules.order;   cat drivers/scsi/ufs/modules.order; :; } \
| awk '!x[$0]++' - > drivers/scsi/modules.order
make -f ./scripts/Makefile.build obj=drivers/usb/dwc3 \
 \
need-builtin=1 \
need-modorder=1
make -f ./scripts/Makefile.build obj=drivers/usb/gadget \
 \
need-builtin=1 \
need-modorder=1
{   cat drivers/video/backlight/modules.order;   cat drivers/video/fbdev/modules.order; :; } \
| awk '!x[$0]++' - > drivers/video/modules.order
make -f ./scripts/Makefile.build obj=drivers/usb/host \
 \
need-builtin=1 \
need-modorder=1
{  :; } \
| awk '!x[$0]++' - > drivers/watchdog/modules.order
make -f ./scripts/Makefile.build obj=drivers/usb/misc \
 \
need-builtin=1 \
need-modorder=1
make -f ./scripts/Makefile.build obj=drivers/tty/serial/8250 \
 \
need-builtin=1 \
need-modorder=1
make -f ./scripts/Makefile.build obj=drivers/soc/qcom/icnss2 \
 \
need-builtin=1 \
need-modorder=1
{  :; } \
| awk '!x[$0]++' - > drivers/usb/misc/modules.order
make -f ./scripts/Makefile.build obj=drivers/soc/ti \
 \
need-builtin=1 \
need-modorder=1
{  :; } \
| awk '!x[$0]++' - > drivers/soc/ti/modules.order
{  :; } \
| awk '!x[$0]++' - > drivers/usb/core/modules.order
make -f ./scripts/Makefile.build obj=drivers/soc/xilinx \
 \
need-builtin=1 \
need-modorder=1
make -f ./scripts/Makefile.build obj=drivers/usb/gadget/function \
 \
need-builtin=1 \
need-modorder=1
make -f ./scripts/Makefile.build obj=drivers/usb/gadget/legacy \
 \
need-builtin=1 \
need-modorder=1
{  :; } \
| awk '!x[$0]++' - > drivers/soc/xilinx/modules.order
make -f ./scripts/Makefile.build obj=drivers/usb/phy \
 \
need-builtin=1 \
need-modorder=1
{   echo drivers/usb/gadget/legacy/g_webcam.ko; :; } \
| awk '!x[$0]++' - > drivers/usb/gadget/legacy/modules.order
make -f ./scripts/Makefile.build obj=drivers/usb/gadget/udc \
 \
need-builtin=1 \
need-modorder=1
{  :; } \
| awk '!x[$0]++' - > drivers/thermal/qcom/modules.order
{  :; } \
| awk '!x[$0]++' - > drivers/soc/qcom/icnss2/modules.order
make -f ./scripts/Makefile.build obj=drivers/soc/qcom/qdsp6v2 \
 \
need-builtin=1 \
need-modorder=1
{  :; } \
| awk '!x[$0]++' - > drivers/usb/dwc3/modules.order
{  :; } \
| awk '!x[$0]++' - > drivers/tty/serial/8250/modules.order
make -f ./scripts/Makefile.build obj=drivers/usb/roles \
 \
need-builtin=1 \
need-modorder=1
{   cat drivers/thermal/broadcom/modules.order;   cat drivers/thermal/samsung/modules.order;   cat drivers/thermal/intel/modules.order;   cat drivers/thermal/st/modules.order;   cat drivers/thermal/qcom/modules.order;   cat drivers/thermal/tegra/modules.order; :; } \
| awk '!x[$0]++' - > drivers/thermal/modules.order
{  :; } \
| awk '!x[$0]++' - > drivers/usb/gadget/udc/modules.order
{  :; } \
| awk '!x[$0]++' - > drivers/soc/qcom/qdsp6v2/modules.order
{   cat drivers/tty/serial/8250/modules.order; :; } \
| awk '!x[$0]++' - > drivers/tty/serial/modules.order
make -f ./scripts/Makefile.build obj=drivers/usb/storage \
 \
need-builtin=1 \
need-modorder=1
make -f ./scripts/Makefile.build obj=drivers/usb/typec \
 \
need-builtin=1 \
need-modorder=1
make -f ./scripts/Makefile.build obj=drivers/tty/vt \
 \
need-builtin=1 \
need-modorder=1
{  :; } \
| awk '!x[$0]++' - > drivers/usb/phy/modules.order
{  :; } \
| awk '!x[$0]++' - > drivers/usb/roles/modules.order
{  :; } \
| awk '!x[$0]++' - > drivers/tty/vt/modules.order
{   cat drivers/tty/vt/modules.order;   cat drivers/tty/hvc/modules.order;   cat drivers/tty/serial/modules.order;   cat drivers/tty/ipwireless/modules.order; :; } \
| awk '!x[$0]++' - > drivers/tty/modules.order
{  :; } \
| awk '!x[$0]++' - > drivers/usb/host/modules.order
make -f ./scripts/Makefile.build obj=drivers/usb/typec/altmodes \
 \
need-builtin=1 \
need-modorder=1
make -f ./scripts/Makefile.build obj=drivers/usb/typec/mux \
 \
need-builtin=1 \
need-modorder=1
make -f ./scripts/Makefile.build obj=drivers/usb/typec/tcpm \
 \
need-builtin=1 \
need-modorder=1
make -f ./scripts/Makefile.build obj=drivers/usb/typec/ucsi \
 \
need-builtin=1 \
need-modorder=1
{  :; } \
| awk '!x[$0]++' - > drivers/usb/typec/altmodes/modules.order
{  :; } \
| awk '!x[$0]++' - > drivers/usb/typec/mux/modules.order
{  :; } \
| awk '!x[$0]++' - > drivers/usb/typec/tcpm/modules.order
{  :; } \
| awk '!x[$0]++' - > drivers/usb/typec/ucsi/modules.order
{   cat drivers/usb/typec/altmodes/modules.order;   cat drivers/usb/typec/tcpm/modules.order;   cat drivers/usb/typec/ucsi/modules.order;   cat drivers/usb/typec/mux/modules.order; :; } \
| awk '!x[$0]++' - > drivers/usb/typec/modules.order
{  :; } \
| awk '!x[$0]++' - > drivers/usb/storage/modules.order
{  :; } \
| awk '!x[$0]++' - > drivers/usb/gadget/function/modules.order
{   cat drivers/usb/gadget/udc/modules.order;   cat drivers/usb/gadget/function/modules.order;   cat drivers/usb/gadget/legacy/modules.order; :; } \
| awk '!x[$0]++' - > drivers/usb/gadget/modules.order
{   cat drivers/usb/common/modules.order;   cat drivers/usb/core/modules.order;   cat drivers/usb/phy/modules.order;   cat drivers/usb/dwc3/modules.order;   cat drivers/usb/host/modules.order;   cat drivers/usb/host/modules.order;   cat drivers/usb/host/modules.order;   cat drivers/usb/storage/modules.order;   cat drivers/usb/storage/modules.order;   cat drivers/usb/misc/modules.order;   cat drivers/usb/gadget/modules.order;   cat drivers/usb/typec/modules.order;   cat drivers/usb/roles/modules.order; :; } \
| awk '!x[$0]++' - > drivers/usb/modules.order
{   cat drivers/soc/qcom/qdsp6v2/modules.order;   cat drivers/soc/qcom/icnss2/modules.order;   echo drivers/soc/qcom/llcc_perfmon.ko; :; } \
| awk '!x[$0]++' - > drivers/soc/qcom/modules.order
{   cat drivers/soc/bcm/modules.order;   cat drivers/soc/fsl/modules.order;   cat drivers/soc/mediatek/modules.order;   cat drivers/soc/amlogic/modules.order;   cat drivers/soc/qcom/modules.order;   cat drivers/soc/renesas/modules.order;   cat drivers/soc/sunxi/modules.order;   cat drivers/soc/ti/modules.order;   cat drivers/soc/xilinx/modules.order; :; } \
| awk '!x[$0]++' - > drivers/soc/modules.order
{   cat drivers/irqchip/modules.order;   cat drivers/bus/modules.order;   cat drivers/phy/modules.order;   cat drivers/pinctrl/modules.order;   cat drivers/gpio/modules.order;   cat drivers/pwm/modules.order;   cat drivers/pci/modules.order;   cat drivers/video/modules.order;   cat drivers/idle/modules.order;   cat drivers/char/ipmi/modules.order;   cat drivers/amba/modules.order;   cat drivers/clk/modules.order;   cat drivers/dma/modules.order;   cat drivers/soc/modules.order;   cat drivers/virtio/modules.order;   cat drivers/regulator/modules.order;   cat drivers/reset/modules.order;   cat drivers/tty/modules.order;   cat drivers/char/modules.order;   cat drivers/iommu/modules.order;   cat drivers/gpu/modules.order;   cat drivers/base/modules.order;   cat drivers/block/modules.order;   cat drivers/misc/modules.order;   cat drivers/mfd/modules.order;   cat drivers/nfc/modules.order;   cat drivers/nvdimm/modules.order;   cat drivers/dax/modules.order;   cat drivers/dma-buf/modules.order;   cat drivers/macintosh/modules.order;   cat drivers/scsi/modules.order;   cat drivers/nvme/modules.order;   cat drivers/spi/modules.order;   cat drivers/spmi/modules.order;   cat drivers/net/modules.order;   cat drivers/firewire/modules.order;   cat drivers/uio/modules.order;   cat drivers/cdrom/modules.order;   cat drivers/auxdisplay/modules.order;   cat drivers/usb/modules.order;   cat drivers/usb/modules.order;   cat drivers/usb/modules.order;   cat drivers/usb/modules.order;   cat drivers/usb/modules.order;   cat drivers/usb/modules.order;   cat drivers/input/serio/modules.order;   cat drivers/input/modules.order;   cat drivers/rtc/modules.order;   cat drivers/i2c/modules.order;   cat drivers/i3c/modules.order;   cat drivers/media/modules.order;   cat drivers/ptp/modules.order;   cat drivers/power/modules.order;   cat drivers/hwmon/modules.order;   cat drivers/thermal/modules.order;   cat drivers/watchdog/modules.order;   cat drivers/md/modules.order;   cat drivers/bluetooth/modules.order;   cat drivers/edac/modules.order;   cat drivers/opp/modules.order;   cat drivers/cpufreq/modules.order;   cat drivers/cpuidle/modules.order;   cat drivers/mmc/modules.order;   cat drivers/leds/modules.order;   cat drivers/firmware/modules.order;   cat drivers/crypto/modules.order;   cat drivers/clocksource/modules.order;   cat drivers/hid/modules.order;   cat drivers/of/modules.order;   cat drivers/staging/modules.order;   cat drivers/platform/modules.order;   cat drivers/mailbox/modules.order;   cat drivers/hwspinlock/modules.order;   cat drivers/remoteproc/modules.order;   cat drivers/rpmsg/modules.order;   cat drivers/virt/modules.order;   cat drivers/devfreq/modules.order;   cat drivers/extcon/modules.order;   cat drivers/iio/modules.order;   cat drivers/perf/modules.order;   cat drivers/ras/modules.order;   cat drivers/hwtracing/coresight/modules.order;   cat drivers/hwtracing/intel_th/modules.order;   cat drivers/hwtracing/stm/modules.order;   cat drivers/android/modules.order;   cat drivers/nvmem/modules.order;   cat drivers/gnss/modules.order;   cat drivers/interconnect/modules.order;   cat drivers/kernelsu/modules.order;   cat drivers/slimbus/modules.order; :; } \
| awk '!x[$0]++' - > drivers/modules.order
awk '!x[$0]++' init/modules.order usr/modules.order arch/arm64/modules.order kernel/modules.order certs/modules.order mm/modules.order fs/modules.order ipc/modules.order security/modules.order crypto/modules.order block/modules.order drivers/modules.order sound/modules.order techpack/modules.order net/modules.order arch/arm64/lib/modules.order lib/modules.order virt/modules.order > modules.order
  sh scripts/link-vmlinux.sh aarch64-linux-gnu-ld -EL  -maarch64elf -z noexecstack --no-undefined -X -shared -Bsymbolic -z notext  --no-apply-dynamic-relocs --fix-cortex-a53-843419 --build-id ;  true
+ [ aarch64-linux-gnu-ld = clean ]
+ . include/config/auto.conf
+ CONFIG_NLS_CODEPAGE_861=y
+ CONFIG_RING_BUFFER=y
+ CONFIG_NF_CONNTRACK_H323=y
+ CONFIG_HAVE_ARCH_SECCOMP_FILTER=y
+ CONFIG_SND_PROC_FS=y
+ CONFIG_SCSI_DMA=y
+ CONFIG_NETFILTER_FAMILY_BRIDGE=y
+ CONFIG_CC_HAS_SANCOV_TRACE_PC=y
+ CONFIG_ARM64_PAGE_SHIFT=12
+ CONFIG_HISI_THERMAL=y
+ CONFIG_COMMON_CLK_HI3670=y
+ CONFIG_INPUT_KEYBOARD=y
+ CONFIG_INET_TABLE_PERTURB_ORDER=16
+ CONFIG_ARCH_SUPPORTS_INT128=y
+ CONFIG_PCI_MSM=y
+ CONFIG_MEMORY_ISOLATION=y
+ CONFIG_SLUB_CPU_PARTIAL=y
+ CONFIG_RFS_ACCEL=y
+ CONFIG_IP_NF_TARGET_REDIRECT=y
+ CONFIG_CRC32=y
+ CONFIG_I2C_BOARDINFO=y
+ CONFIG_MSM_RDBG=m
+ CONFIG_QRTR_NODE_ID=1
+ CONFIG_DM_SNAPSHOT=y
+ CONFIG_QTI_CPU_ISOLATE_COOLING_DEVICE=y
+ CONFIG_USB_CONFIGFS_NCM=y
+ CONFIG_COMMON_CLK_HI3519=y
+ CONFIG_UNICODE=y
+ CONFIG_QCOM_IOMMU_IO_PGTABLE_QUIRKS=y
+ CONFIG_CPU_FREQ_GOV_CONSERVATIVE=y
+ CONFIG_SECCOMP=y
+ CONFIG_PCI_ECAM=y
+ CONFIG_HIGH_RES_TIMERS=y
+ CONFIG_QTI_CPU_HOTPLUG_COOLING_DEVICE=y
+ CONFIG_ARCH_HAS_SET_MEMORY=y
+ CONFIG_BLK_DEV_DM=y
+ CONFIG_COMMON_CLK_QCOM_DEBUG=y
+ CONFIG_IP_MULTIPLE_TABLES=y
+ CONFIG_IPC_LOG_MINIDUMP_BUFFERS=16
+ CONFIG_BT_RFCOMM=y
+ CONFIG_FIX_EARLYCON_MEM=y
+ CONFIG_SM_VIDEOCC_YUPIK=y
+ CONFIG_BLK_INLINE_ENCRYPTION=y
+ CONFIG_XZ_DEC_IA64=y
+ CONFIG_INPUT_QPNP_POWER_ON=y
+ CONFIG_INOTIFY_USER=y
+ CONFIG_IOMMU_IOVA_ALIGNMENT=9
+ CONFIG_NF_CONNTRACK_NETBIOS_NS=y
+ CONFIG_HDMI=y
+ CONFIG_NETWORK_FILESYSTEMS=y
+ CONFIG_ARM64_VA_BITS=39
+ CONFIG_FS_ENCRYPTION_INLINE_CRYPT=y
+ CONFIG_GLOB=y
+ CONFIG_ARM64_CNP=y
+ CONFIG_ARCH_SUSPEND_POSSIBLE=y
+ CONFIG_HID_PLANTRONICS=y
+ CONFIG_COMPAT_NETLINK_MESSAGES=y
+ CONFIG_CGROUP_WRITEBACK=y
+ CONFIG_QCOM_LLCC_PERFMON=m
+ CONFIG_MAC80211_STA_HASH_MAX_SIZE=0
+ CONFIG_MSM_DEBUGCC_LAHAINA=y
+ CONFIG_NLS_MAC_TURKISH=y
+ CONFIG_QTI_IOMMU_SUPPORT=y
+ CONFIG_HAVE_ARCH_MMAP_RND_BITS=y
+ CONFIG_KASAN_STACK=0
+ CONFIG_CPU_FREQ_GOV_ATTR_SET=y
+ CONFIG_ARM64_ERRATUM_1024718=y
+ CONFIG_EXT4_FS_POSIX_ACL=y
+ CONFIG_USB_CONFIGFS_F_GSI=y
+ CONFIG_USB_F_AUDIO_SRC=y
+ CONFIG_ZSTD_COMPRESS=y
+ CONFIG_BINFMT_MISC=y
+ CONFIG_MSM_BT_POWER=m
+ CONFIG_KSU_SUSFS_AUTO_ADD_SUS_BIND_MOUNT=y
+ CONFIG_NETFILTER_XT_MATCH_HELPER=y
+ CONFIG_SSB_POSSIBLE=y
+ CONFIG_ASYMMETRIC_KEY_TYPE=y
+ CONFIG_QCOM_SUBSYSTEM_SLEEP_STATS=y
+ CONFIG_SCSI_UFS_CRYPTO=y
+ CONFIG_NETFILTER_XT_MATCH_STATISTIC=y
+ CONFIG_NLS_CODEPAGE_855=y
+ CONFIG_QCOM_QFPROM=y
+ CONFIG_PROC_MEM_ALWAYS_FORCE=y
+ CONFIG_UHID=y
+ CONFIG_QCOM_MICRODUMP=y
+ CONFIG_IP_NF_NAT=y
+ CONFIG_BRIDGE_NF_EBTABLES=y
+ CONFIG_CRYPTO_SHA1_ARM64_CE=y
+ CONFIG_USB_OHCI_LITTLE_ENDIAN=y
+ CONFIG_NET_SCH_FIFO=y
+ CONFIG_SWPHY=y
+ CONFIG_IOMMU_IO_PGTABLE_LPAE=y
+ CONFIG_FSNOTIFY=y
+ CONFIG_BLK_DEV_LOOP_MIN_COUNT=16
+ CONFIG_STP=y
+ CONFIG_ARCH_FLATMEM_ENABLE=y
+ CONFIG_INET6_TUNNEL=y
+ CONFIG_MEDIA_ATTACH=y
+ CONFIG_UCLAMP_BUCKETS_COUNT=5
+ CONFIG_CRYPTO_MANAGER_DISABLE_TESTS=y
+ CONFIG_HIDRAW=y
+ CONFIG_HID_PRODIKEYS=y
+ CONFIG_GENERIC_SMP_IDLE_THREAD=y
+ CONFIG_PINCTRL_SINGLE=y
+ CONFIG_QCOM_SHIMA_LLCC=y
+ CONFIG_QTI_RPM_STATS_LOG=y
+ CONFIG_ARCH_SUPPORTS_NUMA_BALANCING=y
+ CONFIG_QCOM_SOC_SLEEP_STATS=y
+ CONFIG_HAVE_COPY_THREAD_TLS=y
+ CONFIG_HAVE_MEMORY_PRESENT=y
+ CONFIG_MFD_SPMI_PMIC=y
+ CONFIG_PSTORE_COMPRESS_DEFAULT=deflate
+ CONFIG_LDISC_AUTOLOAD=y
+ CONFIG_MEDIA_TUNER_QM1D1B0004=m
+ CONFIG_FIB_RULES=y
+ CONFIG_TOUCHSCREEN_SYNAPTICS_DSX_I2C=y
+ CONFIG_USB_AUTOSUSPEND_DELAY=2
+ CONFIG_IP6_NF_MANGLE=y
+ CONFIG_MEDIA_TUNER_SI2157=m
+ CONFIG_HAVE_IRQ_TIME_ACCOUNTING=y
+ CONFIG_ARCH_HAS_DEVMEM_IS_ALLOWED=y
+ CONFIG_IPV6=y
+ CONFIG_HAVE_STACKPROTECTOR=y
+ CONFIG_CRYPTO_AEAD=y
+ CONFIG_OVERRIDE_MEMORY_LIMIT=y
+ CONFIG_VM_EVENT_COUNT_CLEAN_PAGE_RECLAIM=y
+ CONFIG_COMPAT=y
+ CONFIG_MAGIC_SYSRQ_SERIAL=y
+ CONFIG_BQL=y
+ CONFIG_DEFAULT_TCP_CONG=cubic
+ CONFIG_USB_UAS=y
+ CONFIG_OF_IOMMU=y
+ CONFIG_QCOM_SOCINFO=y
+ CONFIG_NET_IPVTI=y
+ CONFIG_MTK_TIMER=y
+ CONFIG_NLS_ISO8859_7=y
+ CONFIG_ANDROID_BINDER_IPC=y
+ CONFIG_IP6_NF_TARGET_REJECT=y
+ CONFIG_ARCH_MMAP_RND_COMPAT_BITS_MAX=16
+ CONFIG_SCSI_UFS_CRYPTO_QTI=y
+ CONFIG_UPROBES=y
+ CONFIG_QCOM_WATCHDOG_WAKEUP_ENABLE=y
+ CONFIG_ARCH_SPARSEMEM_ENABLE=y
+ CONFIG_NF_NAT_REDIRECT=y
+ CONFIG_HOTPLUG_CPU=y
+ CONFIG_INET_DIAG_DESTROY=y
+ CONFIG_SND_SOC_GENERIC_DMAENGINE_PCM=y
+ CONFIG_NLS_MAC_CYRILLIC=y
+ CONFIG_WLAN=y
+ CONFIG_SYS_SUPPORTS_HUGETLBFS=y
+ CONFIG_NAMESPACES=y
+ CONFIG_USB_U_AUDIO=y
+ CONFIG_HAVE_CMPXCHG_DOUBLE=y
+ CONFIG_ARCH_USE_MEMREMAP_PROT=y
+ CONFIG_HAVE_ARCH_HUGE_VMAP=y
+ CONFIG_OF_PMEM=y
+ CONFIG_USB_CONFIGFS=y
+ CONFIG_BLK_DEV_BSG=y
+ CONFIG_CRYPTO_ADIANTUM=y
+ CONFIG_NETFILTER_XT_MATCH_QUOTA2_LOG=y
+ CONFIG_SERIAL_SAMSUNG=y
+ CONFIG_MEDIA_USB_SUPPORT=y
+ CONFIG_PCIEAER=y
+ CONFIG_POWER_RESET_MSM=y
+ CONFIG_INTEGRITY=y
+ CONFIG_XFRM_IPCOMP=y
+ CONFIG_CRYPTO_DRBG_MENU=y
+ CONFIG_CRYPTO_RNG2=y
+ CONFIG_NETFILTER_NETLINK_QUEUE=y
+ CONFIG_THERMAL_WRITABLE_TRIPS=y
+ CONFIG_MSDOS_FS=y
+ CONFIG_USB_U_SERIAL=y
+ CONFIG_TUN=y
+ CONFIG_HYFI_BRIDGE_HOOKS=y
+ CONFIG_KSU_SUSFS_HIDE_KSU_SUSFS_SYMBOLS=y
+ CONFIG_TOUCHSCREEN_SYNAPTICS_DSX_RMI_DEV=y
+ CONFIG_HOTPLUG_SIZE_BITS=29
+ CONFIG_CFG80211=y
+ CONFIG_CRYPTO_CHACHA20POLY1305=y
+ CONFIG_DEBUG_INFO_DWARF4=y
+ CONFIG_GENERIC_PINCTRL_GROUPS=y
+ CONFIG_NLS_CODEPAGE_1250=y
+ CONFIG_QCOM_IOMMU_TLBI_QUIRKS=y
+ CONFIG_OF_RESERVED_MEM=y
+ CONFIG_DM_CRYPT=y
+ CONFIG_REED_SOLOMON_ENC8=y
+ CONFIG_SERIAL_8250=y
+ CONFIG_NEURON_PROT_BLOCK_SERVER=y
+ CONFIG_CRYPTO_AES_ARM64=y
+ CONFIG_CAVIUM_ERRATUM_30115=y
+ CONFIG_LZO_DECOMPRESS=y
+ CONFIG_IOMMU_SUPPORT=y
+ CONFIG_HH_DBL=y
+ CONFIG_SUN4I_TIMER=y
+ CONFIG_NLS_CODEPAGE_862=y
+ CONFIG_ARM64_USE_LSE_ATOMICS=y
+ CONFIG_MMC_CQHCI_CRYPTO_QTI=y
+ CONFIG_COMPAT_BINFMT_ELF=y
+ CONFIG_MSM_CORE_HANG_DETECT=y
+ CONFIG_ANDROID_VSOC=y
+ CONFIG_USB=y
+ CONFIG_GPIO_PL061=y
+ CONFIG_PRINTK_CALLER=y
+ CONFIG_MODULES_USE_ELF_RELA=y
+ CONFIG_IPA_WDI_UNIFIED_API=y
+ CONFIG_CRYPTO_HMAC=y
+ CONFIG_CC_HAS_AUTO_VAR_INIT_ZERO_ENABLER=y
+ CONFIG_HID_LOGITECH_HIDPP=y
+ CONFIG_BRANCH_PROFILE_NONE=y
+ CONFIG_KSU_SUSFS_SPOOF_CMDLINE_OR_BOOTCONFIG=y
+ CONFIG_SND_HRTIMER=y
+ CONFIG_HAVE_DMA_CONTIGUOUS=y
+ CONFIG_DQL=y
+ CONFIG_SONY_FF=y
+ CONFIG_SOCK_CGROUP_DATA=y
+ CONFIG_COREDUMP=y
+ CONFIG_IP_NF_ARPTABLES=y
+ CONFIG_KSU_SUSFS_TRY_UMOUNT=y
+ CONFIG_RESET_SCMI=y
+ CONFIG_HID_PICOLCD=y
+ CONFIG_BCMA_POSSIBLE=y
+ CONFIG_CC_HAS_AUTO_VAR_INIT_ZERO=y
+ CONFIG_ZRAM=y
+ CONFIG_FORCE_MAX_ZONEORDER=11
+ CONFIG_SND_SOC=y
+ CONFIG_WCNSS_MEM_PRE_ALLOC=y
+ CONFIG_MSM_CDSP_LOADER=y
+ CONFIG_NET_IPGRE_DEMUX=y
+ CONFIG_MEDIA_TUNER_XC5000=m
+ CONFIG_PHY_QCOM_UFS_V3=y
+ CONFIG_PRINTK=y
+ CONFIG_TIMERFD=y
+ CONFIG_PINCTRL_MSM=y
+ CONFIG_TRACEPOINTS=y
+ CONFIG_IKHEADERS=y
+ CONFIG_CRYPTO_AUTHENC=y
+ CONFIG_PAGE_OWNER=y
+ CONFIG_NET_EMATCH_STACK=32
+ CONFIG_VIDEO_V4L2_SUBDEV_API=y
+ CONFIG_UCLAMP_TASK_GROUP=y
+ CONFIG_NLS_MAC_CENTEURO=y
+ CONFIG_ARCH_HAS_SYSCALL_WRAPPER=y
+ CONFIG_EROFS_FS_PCPU_KTHREAD_HIPRI=y
+ CONFIG_HDCP_QSEECOM=y
+ CONFIG_QRTR_SMD=y
+ CONFIG_COMPAT_32BIT_TIME=y
+ CONFIG_SHMEM=y
+ CONFIG_MIGRATION=y
+ CONFIG_HAVE_ARCH_JUMP_LABEL=y
+ CONFIG_BUILD_SALT=
+ CONFIG_MMC_BLOCK_MINORS=8
+ CONFIG_SM_GPUCC_YUPIK=y
+ CONFIG_HAVE_ARCH_PREL32_RELOCATIONS=y
+ CONFIG_PM_DEVFREQ_EVENT=y
+ CONFIG_SSR_SUBSYS_NOTIF_TIMEOUT=20000
+ CONFIG_NLS_CODEPAGE_850=y
+ CONFIG_CRYPTO_CTS=y
+ CONFIG_HH_CTRL=y
+ CONFIG_LIMIT_MOVABLE_ZONE_ALLOC=y
+ CONFIG_THERMAL_STATISTICS=y
+ CONFIG_SCSI_UFSHCD=y
+ CONFIG_GENERIC_NET_UTILS=y
+ CONFIG_SM_DISPCC_YUPIK=y
+ CONFIG_SCSI_UFS_QCOM=y
+ CONFIG_USB_ROLE_SWITCH=y
+ CONFIG_CRYPTO_DES=y
+ CONFIG_ENABLE_MUST_CHECK=y
+ CONFIG_GPIOLIB_FASTPATH_LIMIT=512
+ CONFIG_REMOTEPROC=y
+ CONFIG_STM=y
+ CONFIG_FW_LOADER_USER_HELPER_FALLBACK=y
+ CONFIG_SND_SOC_COMPRESS=y
+ CONFIG_ND_BTT=y
+ CONFIG_NLS_CODEPAGE_437=y
+ CONFIG_BT_HS=y
+ CONFIG_ARCH_PROC_KCORE_TEXT=y
+ CONFIG_GKI_HIDDEN_VIRTUAL_CONFIGS=y
+ CONFIG_NET_CLS_U32=y
+ CONFIG_EXPORTFS=y
+ CONFIG_NET_INGRESS=y
+ CONFIG_HAVE_FUNCTION_ERROR_INJECTION=y
+ CONFIG_ARM64_ERRATUM_1286807=y
+ CONFIG_ARM_GIC=y
+ CONFIG_OLD_SIGSUSPEND3=y
+ CONFIG_SERIO=y
+ CONFIG_SCHEDSTATS=y
+ CONFIG_TYPEC_UCSI=y
+ CONFIG_RTC_INTF_SYSFS=y
+ CONFIG_NET_EMATCH_U32=y
+ CONFIG_CPU_FREQ_GOV_COMMON=y
+ CONFIG_BLK_DEV_INITRD=y
+ CONFIG_ARCH_ENABLE_MEMORY_HOTREMOVE=y
+ CONFIG_DM_BUFIO=y
+ CONFIG_LEDS_TRIGGER_TIMER=y
+ CONFIG_ARM_QCOM_DEVFREQ_QOSLAT=y
+ CONFIG_QTI_QMI_SENSOR=y
+ CONFIG_NF_CONNTRACK_SANE=y
+ CONFIG_ARCH_CLOCKSOURCE_DATA=y
+ CONFIG_USB_OTG=y
+ CONFIG_NF_CT_PROTO_DCCP=y
+ CONFIG_ZLIB_INFLATE=y
+ CONFIG_MEDIA_TUNER_QT1010=m
+ CONFIG_CC_IS_CLANG=y
+ CONFIG_THERMAL_OF=y
+ CONFIG_HWMON=y
+ CONFIG_USB_REDRIVER=y
+ CONFIG_AUDITSYSCALL=y
+ CONFIG_USB_PHY=y
+ CONFIG_NLS_ISO8859_2=y
+ CONFIG_USB_VIDEO_CLASS=y
+ CONFIG_EDAC_KRYO_ARM64_PANIC_ON_UE=y
+ CONFIG_RTC_INTF_PROC=y
+ CONFIG_SSR_SYSMON_NOTIF_TIMEOUT=20000
+ CONFIG_DYNAMIC_DEBUG_CORE=y
+ CONFIG_PM_CLK=y
+ CONFIG_USB_CONFIGFS_F_HID=y
+ CONFIG_CMA_SIZE_SEL_MBYTES=y
+ CONFIG_CPU_IDLE_GOV_MENU=y
+ CONFIG_ARCH_HAS_UBSAN_SANITIZE_ALL=y
+ CONFIG_USB_EHSET_TEST_FIXTURE=y
+ CONFIG_ICNSS2_RESTART_LEVEL_NOTIF=y
+ CONFIG_STACKTRACE_SUPPORT=y
+ CONFIG_MINIDUMP_MAX_ENTRIES=200
+ CONFIG_RESET_CONTROLLER=y
+ CONFIG_USB_F_QDSS=y
+ CONFIG_USB_F_FS=y
+ CONFIG_PCIE_DW_HOST=y
+ CONFIG_CRYPTO_LIB_ARC4=y
+ CONFIG_CRYPTO_LIB_AES=y
+ CONFIG_USB_CONFIGFS_F_ACC=y
+ CONFIG_CRYPTO_KPP2=y
+ CONFIG_PANIC_ON_SSR_NOTIF_TIMEOUT=y
+ CONFIG_COMMON_RESET_HI3660=y
+ CONFIG_BT_RFCOMM_TTY=y
+ CONFIG_CORESIGHT_TPDM=y
+ CONFIG_PCI_HOST_GENERIC=y
+ CONFIG_NET_UDP_TUNNEL=y
+ CONFIG_CRYPTO_ECC=y
+ CONFIG_NO_HZ_IDLE=y
+ CONFIG_ARCH_HISI=y
+ CONFIG_NLS_MAC_ROMANIAN=y
+ CONFIG_CFG80211_REQUIRE_SIGNED_REGDB=y
+ CONFIG_ARM_SCMI_PROTOCOL=y
+ CONFIG_MSM_SPSS_UTILS=y
+ CONFIG_QMP_DEBUGFS_CLIENT=y
+ CONFIG_F2FS_STAT_FS=y
+ CONFIG_NETFILTER_XT_MATCH_STRING=y
+ CONFIG_MEDIA_TUNER_MAX2165=m
+ CONFIG_CRYPTO_DRBG_HMAC=y
+ CONFIG_DRM_BRIDGE=y
+ CONFIG_USB_F_SERIAL=y
+ CONFIG_NETFILTER_XT_MATCH_BPF=y
+ CONFIG_TOUCHSCREEN_USB_GOTOP=y
+ CONFIG_USB_STORAGE=y
+ CONFIG_QCOM_RPMH=y
+ CONFIG_GENERIC_CPU_AUTOPROBE=y
+ CONFIG_STANDALONE=y
+ CONFIG_CPU_FREQ_DEFAULT_GOV_PERFORMANCE=y
+ CONFIG_INTERCONNECT_TEST=y
+ CONFIG_SCHED_MC=y
+ CONFIG_ARM_GIC_V2M=y
+ CONFIG_QSEE_IPC_IRQ=y
+ CONFIG_CPU_FREQ_GOV_PERFORMANCE=y
+ CONFIG_EFI=y
+ CONFIG_RATIONAL=y
+ CONFIG_HISILICON_IRQ_MBIGEN=y
+ CONFIG_ARM64_LSE_ATOMICS=y
+ CONFIG_SYSTEM_TRUSTED_KEYRING=y
+ CONFIG_MEDIA_TUNER_QM1D1C0042=m
+ CONFIG_WATCHDOG_CORE=y
+ CONFIG_GENERIC_EARLY_IOREMAP=y
+ CONFIG_SND_USB_AUDIO=y
+ CONFIG_VMAP_STACK=y
+ CONFIG_ASHMEM=y
+ CONFIG_BLOCK=y
+ CONFIG_HID_APPLE=y
+ CONFIG_MULTIPLE_KSWAPD=y
+ CONFIG_MEDIA_TUNER_TDA827X=y
+ CONFIG_INIT_ENV_ARG_LIMIT=32
+ CONFIG_IP_NF_ARP_MANGLE=y
+ CONFIG_RCU_PANIC_ON_STALL=0
+ CONFIG_MSM_QMP=y
+ CONFIG_PAGE_EXTENSION=y
+ CONFIG_ANDROID_VENDOR_HOOKS=y
+ CONFIG_NF_CONNTRACK_PPTP=y
+ CONFIG_STRICT_KERNEL_RWX=y
+ CONFIG_BUG=y
+ CONFIG_CONTEXT_SWITCH_TRACER=y
+ CONFIG_MAC80211_HAS_RC=y
+ CONFIG_IRQ_TIME_ACCOUNTING=y
+ CONFIG_SM_VIDEOCC_SHIMA=y
+ CONFIG_ARCH_HAS_MEMBARRIER_SYNC_CORE=y
+ CONFIG_PM=y
+ CONFIG_CNSS_UTILS=y
+ CONFIG_BTFM_SLIM=m
+ CONFIG_MEMCG=y
+ CONFIG_SPI=y
+ CONFIG_RTC_SYSTOHC_DEVICE=rtc0
+ CONFIG_TOUCHSCREEN_SYNAPTICS_DSX_TEST_REPORTING=y
+ CONFIG_NF_CONNTRACK_IRC=y
+ CONFIG_OF_IRQ=y
+ CONFIG_LIBFDT=y
+ CONFIG_PPP_DEFLATE=y
+ CONFIG_TEXTSEARCH_KMP=y
+ CONFIG_IO_URING=y
+ CONFIG_DTC=y
+ CONFIG_NETFILTER_XT_TARGET_CLASSIFY=y
+ CONFIG_F2FS_FS_SECURITY=y
+ CONFIG_USB_NET_AQC111=y
+ CONFIG_REGMAP_SPI=y
+ CONFIG_BT_BREDR=y
+ CONFIG_SM_GCC_YUPIK=y
+ CONFIG_WATCHDOG_HANDLE_BOOT_ENABLED=y
+ CONFIG_SPLIT_PTLOCK_CPUS=4
+ CONFIG_SBITMAP=y
+ CONFIG_POWER_SUPPLY=y
+ CONFIG_SCSI_UFSHCD_PLATFORM=y
+ CONFIG_CRYPTO_ZSTD=y
+ CONFIG_QCOM_MINIDUMP_ENCRYPT=y
+ CONFIG_SND_DMAENGINE_PCM=y
+ CONFIG_NETFILTER_XT_TARGET_NFQUEUE=y
+ CONFIG_HAVE_RCU_TABLE_FREE=y
+ CONFIG_WEXT_CORE=y
+ CONFIG_GENERIC_IRQ_CHIP=y
+ CONFIG_CRYPTO_DEV_QCEDEV=y
+ CONFIG_NLS=y
+ CONFIG_USB_F_DIAG=y
+ CONFIG_SPI_SPIDEV=y
+ CONFIG_MEDIA_CAMERA_SUPPORT=y
+ CONFIG_ARM64_PAN=y
+ CONFIG_NETFILTER_XT_TARGET_SECMARK=y
+ CONFIG_HID_MAGICMOUSE=y
+ CONFIG_I2C_GPIO=y
+ CONFIG_INET_UDP_DIAG=y
+ CONFIG_USB_CONFIGFS_ACM=y
+ CONFIG_CGROUP_BPF=y
+ CONFIG_TOUCHSCREEN_USB_ETURBO=y
+ CONFIG_CRYPTO_DEV_QCRYPTO=y
+ CONFIG_XFRM_MIGRATE=y
+ CONFIG_DEVFREQ_GOV_QCOM_ADRENO_TZ=y
+ CONFIG_POWER_RESET_QCOM_REBOOT_REASON=y
+ CONFIG_CPU_THERMAL=y
+ CONFIG_NETFILTER_XT_MATCH_OWNER=y
+ CONFIG_CNSS_QMI_SVC=y
+ CONFIG_PSTORE_DEFLATE_COMPRESS_DEFAULT=y
+ CONFIG_SYN_COOKIES=y
+ CONFIG_REED_SOLOMON_DEC8=y
+ CONFIG_IRQ_WORK=y
+ CONFIG_PCI_MSI=y
+ CONFIG_IP_ADVANCED_ROUTER=y
+ CONFIG_ARCH_SUPPORTS_SHADOW_CALL_STACK=y
+ CONFIG_QTI_DDR_STATS_LOG=y
+ CONFIG_USB_EHCI_PCI=y
+ CONFIG_CLEANCACHE=y
+ CONFIG_MEDIA_TUNER_MT2063=m
+ CONFIG_SPARSEMEM_EXTREME=y
+ CONFIG_USB_COMMON=y
+ CONFIG_TASK_XACCT=y
+ CONFIG_MEDIA_TUNER_TDA18271=y
+ CONFIG_IP6_NF_IPTABLES=y
+ CONFIG_LZ4_COMPRESS=y
+ CONFIG_TOUCHSCREEN_USB_ZYTRONIC=y
+ CONFIG_NL80211_TESTMODE=y
+ CONFIG_FIXED_PHY=y
+ CONFIG_NLS_MAC_GAELIC=y
+ CONFIG_LOG_CPU_MAX_BUF_SHIFT=12
+ CONFIG_NF_DUP_IPV4=y
+ CONFIG_BLK_DEV_DM_BUILTIN=y
+ CONFIG_TASKS_RCU=y
+ CONFIG_OF_NET=y
+ CONFIG_GENERIC_PINCONF=y
+ CONFIG_ARM_ARCH_TIMER=y
+ CONFIG_EVENT_TRACING=y
+ CONFIG_ION_POOL_FILL_MARK=100
+ CONFIG_QTI_BATTERY_CHARGER=y
+ CONFIG_MSM_SERVICE_LOCATOR=y
+ CONFIG_MSM_SUSPEND_STATS_FIRST_BUCKET=1000000000
+ CONFIG_SG_POOL=y
+ CONFIG_DRM_KMS_HELPER=y
+ CONFIG_NF_SOCKET_IPV6=y
+ CONFIG_INIT_ON_ALLOC_DEFAULT_ON=y
+ CONFIG_BLK_MQ_PCI=y
+ CONFIG_NLS_ISO8859_1=y
+ CONFIG_ARCH_LAHAINA=y
+ CONFIG_QGKI=y
+ CONFIG_MMC_CQHCI=y
+ CONFIG_BACKLIGHT_GENERIC=y
+ CONFIG_USB_EHCI_HCD=y
+ CONFIG_TEXTSEARCH_BM=y
+ CONFIG_FS_IOMAP=y
+ CONFIG_NF_CONNTRACK_PROCFS=y
+ CONFIG_HID_AKSYS_QRD=m
+ CONFIG_NLS_MAC_INUIT=y
+ CONFIG_PPP_MPPE=y
+ CONFIG_MEMORY_HOTPLUG=y
+ CONFIG_EDAC_QGKI=y
+ CONFIG_CLD_LL_CORE=y
+ CONFIG_RFKILL=y
+ CONFIG_MEDIA_TUNER_FC0012=m
+ CONFIG_NETDEVICES=y
+ CONFIG_NET_KEY=y
+ CONFIG_HAVE_CONTEXT_TRACKING=y
+ CONFIG_NETFILTER_CONNCOUNT=y
+ CONFIG_ARCH_HAS_KCOV=y
+ CONFIG_CGROUP_FREEZER=y
+ CONFIG_HAVE_ARCH_STACKLEAK=y
+ CONFIG_EVENTFD=y
+ CONFIG_FS_POSIX_ACL=y
+ CONFIG_IPV6_SIT=y
+ CONFIG_XFRM=y
+ CONFIG_QCOM_SYSMON_SUBSYSTEM_STATS=y
+ CONFIG_CORESIGHT_STM=y
+ CONFIG_USB_F_UAC2=y
+ CONFIG_GKI_HIDDEN_MMC_CONFIGS=y
+ CONFIG_SERIAL_8250_CONSOLE=y
+ CONFIG_IPV6_MULTIPLE_TABLES=y
+ CONFIG_JUMP_LABEL=y
+ CONFIG_ARCH_HAS_TEARDOWN_DMA_OPS=y
+ CONFIG_QCOM_RUN_QUEUE_STATS=y
+ CONFIG_OVERLAY_FS=y
+ CONFIG_HEADERS_INSTALL=y
+ CONFIG_IP_NF_TARGET_MASQUERADE=y
+ CONFIG_ARM_MEMLAT_MON=y
+ CONFIG_HAVE_EBPF_JIT=y
+ CONFIG_NF_CONNTRACK_BROADCAST=y
+ CONFIG_CRYPTO_LZ4=y
+ CONFIG_PROC_PAGE_MONITOR=y
+ CONFIG_NETFILTER_XT_TARGET_MASQUERADE=y
+ CONFIG_QCOM_FORCE_WDOG_BITE_ON_PANIC=y
+ CONFIG_ARM64_CRYPTO=y
+ CONFIG_RCU_FANOUT_LEAF=16
+ CONFIG_MEDIA_TUNER_R820T=m
+ CONFIG_BPF=y
+ CONFIG_USB_VIDEO_CLASS_INPUT_EVDEV=y
+ CONFIG_KSU=y
+ CONFIG_MEMORY_HOTPLUG_DEFAULT_ONLINE=y
+ CONFIG_MSM_SERVICE_NOTIFIER=y
+ CONFIG_NF_CONNTRACK_SECMARK=y
+ CONFIG_ARM64_RAS_EXTN=y
+ CONFIG_CRYPTO_SHA512=y
+ CONFIG_HH_MSGQ=y
+ CONFIG_BACKLIGHT_CLASS_DEVICE=y
+ CONFIG_CC_HAS_ASM_INLINE=y
+ CONFIG_CRYPTO_NULL=y
+ CONFIG_NF_DEFRAG_IPV4=y
+ CONFIG_SELECT_MEMORY_MODEL=y
+ CONFIG_HAVE_ARCH_PFN_VALID=y
+ CONFIG_ARCH_HAS_RELR=y
+ CONFIG_STM_PROTO_BASIC=y
+ CONFIG_FS_ENCRYPTION=y
+ CONFIG_IPV6_ROUTE_INFO=y
+ CONFIG_NETFILTER_ADVANCED=y
+ CONFIG_CRYPTO_DEFLATE=y
+ CONFIG_ARM64_TAGGED_ADDR_ABI=y
+ CONFIG_GENERIC_STRNLEN_USER=y
+ CONFIG_QCOM_VADC_COMMON=y
+ CONFIG_IPV6_ROUTER_PREF=y
+ CONFIG_MITIGATE_SPECTRE_BRANCH_HISTORY=y
+ CONFIG_BT_HCIBTSDIO=y
+ CONFIG_CMDLINE_EXTEND=y
+ CONFIG_CRYPTO_JITTERENTROPY=y
+ CONFIG_TYPEC=y
+ CONFIG_NETFILTER_XT_MATCH_L2TP=y
+ CONFIG_MSM_SPCOM=y
+ CONFIG_CRYPTO_GCM=y
+ CONFIG_NETFILTER_NETLINK_LOG=y
+ CONFIG_HAVE_DYNAMIC_FTRACE=y
+ CONFIG_STUB_CLK_HI6220=y
+ CONFIG_NLS_ISO8859_14=y
+ CONFIG_MAGIC_SYSRQ=y
+ CONFIG_QCOM_FALKOR_ERRATUM_1009=y
+ CONFIG_MSM_GPUCC_LAHAINA=y
+ CONFIG_USB_CONFIGFS_F_FS=y
+ CONFIG_THERMAL_EMULATION=y
+ CONFIG_ARM64_ERRATUM_845719=y
+ CONFIG_CRYPTO_KPP=y
+ CONFIG_ADSPRPC_QGKI=y
+ CONFIG_PGTABLE_LEVELS=3
+ CONFIG_CPUSETS=y
+ CONFIG_NETFILTER_XT_MATCH_MARK=y
+ CONFIG_MAC80211_RC_DEFAULT_MINSTREL=y
+ CONFIG_SPARSE_IRQ=y
+ CONFIG_SLIMBUS_MSM_NGD=m
+ CONFIG_IP_NF_MANGLE=y
+ CONFIG_STACK_HASH_ORDER_SHIFT=12
+ CONFIG_SECURITYFS=y
+ CONFIG_RCU_STALL_COMMON=y
+ CONFIG_BT_DEBUGFS=y
+ CONFIG_PCIEPORTBUS=y
+ CONFIG_MEDIA_SUPPORT=y
+ CONFIG_DEBUG_BUGVERBOSE=y
+ CONFIG_PWM_QTI_LPG=y
+ CONFIG_GKI_OPT_FEATURES=y
+ CONFIG_IP_NF_FILTER=y
+ CONFIG_ARM64_PTR_AUTH=y
+ CONFIG_QCOM_SMSM=y
+ CONFIG_NETFILTER_XT_MATCH_LENGTH=y
+ CONFIG_MODULES_TREE_LOOKUP=y
+ CONFIG_FAT_FS=y
+ CONFIG_I2C_MSM_GENI=y
+ CONFIG_TEXTSEARCH_FSM=y
+ CONFIG_QCOM_PROXY_OF_CONSUMER=y
+ CONFIG_ARM64_ERRATUM_832075=y
+ CONFIG_SPS=y
+ CONFIG_IP6_NF_RAW=y
+ CONFIG_QCOM_ADRENO_DEFAULT_GOVERNOR=msm-adreno-tz
+ CONFIG_NVMEM=y
+ CONFIG_INET_TUNNEL=y
+ CONFIG_NETFILTER_XT_TARGET_NOTRACK=y
+ CONFIG_ICNSS2_QMI=y
+ CONFIG_PINCONF=y
+ CONFIG_GENERIC_CLOCKEVENTS=y
+ CONFIG_OID_REGISTRY=y
+ CONFIG_MEDIA_CEC_SUPPORT=y
+ CONFIG_MFD_CORE=y
+ CONFIG_AUDIO_QGKI=y
+ CONFIG_SERIAL_AMBA_PL011=y
+ CONFIG_RFKILL_LEDS=y
+ CONFIG_ARCH_SUPPORTS_ATOMIC_RMW=y
+ CONFIG_USB_F_UVC=y
+ CONFIG_ARM_QCOM_CPUFREQ_HW=y
+ CONFIG_NET_IPGRE=y
+ CONFIG_POWER_RESET_HISI=y
+ CONFIG_CRYPTO_AES_ARM64_CE=y
+ CONFIG_CORESIGHT_LINK_AND_SINK_TMC=y
+ CONFIG_SERIAL_EARLYCON=y
+ CONFIG_THERMAL_TSENS=y
+ CONFIG_CC_HAS_KASAN_SW_TAGS=y
+ CONFIG_CRYPTO_AKCIPHER=y
+ CONFIG_QCOM_GUESTVM=y
+ CONFIG_CPU_FREQ_TIMES=y
+ CONFIG_EROFS_FS_ZIP=y
+ CONFIG_CPU_FREQ=y
+ CONFIG_USB_GSPCA=y
+ CONFIG_SERIAL_AMBA_PL011_CONSOLE=y
+ CONFIG_HH_MEM_NOTIFIER=y
+ CONFIG_GKI_HIDDEN_USB_CONFIGS=y
+ CONFIG_USB_PCI=y
+ CONFIG_NLS_ASCII=y
+ CONFIG_TIPC_DIAG=y
+ CONFIG_NF_REJECT_IPV4=y
+ CONFIG_QGKI_LPM_IPI_CHECK=y
+ CONFIG_ARCH_MMAP_RND_BITS_MAX=24
+ CONFIG_BPF_EVENTS=y
+ CONFIG_USB_LAN78XX=y
+ CONFIG_CRYPTO_NHPOLY1305=y
+ CONFIG_HAVE_ARCH_TRANSPARENT_HUGEPAGE=y
+ CONFIG_TRACE_IRQFLAGS_SUPPORT=y
+ CONFIG_MFD_SYSCON=y
+ CONFIG_IPC_LOGGING=y
+ CONFIG_QCOM_IPCC=y
+ CONFIG_SPMI_QTI_GLINK_DEBUG=y
+ CONFIG_CRYPTO_CCM=y
+ CONFIG_REGULATOR_QTI_FIXED_VOLTAGE=y
+ CONFIG_ARM_QCOM_LPM_CPUIDLE=y
+ CONFIG_DRM_KMS_CMA_HELPER=y
+ CONFIG_FONT_AUTOSELECT=y
+ CONFIG_QFMT_V2=y
+ CONFIG_ARM64_ERRATUM_824069=y
+ CONFIG_NETFILTER_XT_MATCH_CONNMARK=y
+ CONFIG_BLK_CGROUP=y
+ CONFIG_LEDS_TRIGGERS=y
+ CONFIG_CRYPTO_RNG=y
+ CONFIG_MEMCG_SWAP_ENABLED=y
+ CONFIG_ARCH_MMAP_RND_COMPAT_BITS_MIN=11
+ CONFIG_SND_USB=y
+ CONFIG_VIDEOBUF2_MEMOPS=y
+ CONFIG_RD_GZIP=y
+ CONFIG_TOUCHSCREEN_USB_E2I=y
+ CONFIG_HI6220_MBOX=y
+ CONFIG_HAVE_REGS_AND_STACK_ACCESS_API=y
+ CONFIG_BLK_PM=y
+ CONFIG_MDIO_BUS=y
+ CONFIG_PWM_SYSFS=y
+ CONFIG_GNSS=y
+ CONFIG_SWIOTLB=y
+ CONFIG_EXT4_FS_SECURITY=y
+ CONFIG_PRINT_SUSPEND_EPOCH_QGKI=y
+ CONFIG_GRO_CELLS=y
+ CONFIG_HAVE_VIRT_CPU_ACCOUNTING_GEN=y
+ CONFIG_PCI_MSI_IRQ_DOMAIN=y
+ CONFIG_HID_ROCCAT=y
+ CONFIG_CRYPTO_MD5=y
+ CONFIG_QTI_HW_KEY_MANAGER=y
+ CONFIG_REGULATOR_RPMH=y
+ CONFIG_SENSORS_QTI_AMOLED_ECM=y
+ CONFIG_MEDIA_TUNER_FC0011=m
+ CONFIG_MEDIA_TUNER_TEA5767=m
+ CONFIG_ELFCORE=y
+ CONFIG_INIT_STACK_NONE=y
+ CONFIG_BINFMT_ELF=y
+ CONFIG_AUDIT_GENERIC=y
+ CONFIG_QTI_BATTERY_GLINK_DEBUG=y
+ CONFIG_IIO_TRIGGER=y
+ CONFIG_HAVE_PERF_REGS=y
+ CONFIG_CORESIGHT_CSR=y
+ CONFIG_QCOM_COMMAND_DB=y
+ CONFIG_REGULATOR_FIXED_VOLTAGE=y
+ CONFIG_COMMON_CLK_HI6220=y
+ CONFIG_AKSYS_QRD_FF=y
+ CONFIG_KEYS=y
+ CONFIG_NETFILTER_XT_MARK=y
+ CONFIG_SND_VMASTER=y
+ CONFIG_NETFILTER_XTABLES=y
+ CONFIG_MSM_BOOT_STATS=y
+ CONFIG_DRM_PANEL_ORIENTATION_QUIRKS=y
+ CONFIG_ARMV8_DEPRECATED=y
+ CONFIG_CRYPTO_ECHAINIV=y
+ CONFIG_HAVE_ARCH_AUDITSYSCALL=y
+ CONFIG_ICNSS2=y
+ CONFIG_POWER_AVS=y
+ CONFIG_ARM64_PA_BITS_48=y
+ CONFIG_PM_SLEEP_SMP=y
+ CONFIG_CRYPTO_HW=y
+ CONFIG_QCOM_GDSC=y
+ CONFIG_ION=y
+ CONFIG_PCIEASPM_POWER_SUPERSAVE=y
+ CONFIG_HWSPINLOCK=y
+ CONFIG_MAGIC_SYSRQ_DEFAULT_ENABLE=0x1
+ CONFIG_MSM_CLK_AOP_QMP=y
+ CONFIG_HARDIRQS_SW_RESEND=y
+ CONFIG_SPI_MASTER=y
+ CONFIG_ARCH_HAS_KEEPINITRD=y
+ CONFIG_TOUCHSCREEN_SYNAPTICS_DSX_FW_UPDATE_EXTRA_SYSFS=y
+ CONFIG_QCOM_MEM_BUF=y
+ CONFIG_CNSS2=y
+ CONFIG_SRAM=y
+ CONFIG_THERMAL_HWMON=y
+ CONFIG_TOUCHSCREEN_USB_COMPOSITE=y
+ CONFIG_UNMAP_KERNEL_AT_EL0=y
+ CONFIG_XZ_DEC_X86=y
+ CONFIG_SERIAL_OF_PLATFORM=y
+ CONFIG_NETFILTER_XT_TARGET_TPROXY=y
+ CONFIG_SERIAL_8250_DW=y
+ CONFIG_ARM_SCPI_PROTOCOL=y
+ CONFIG_THERMAL_EMERGENCY_POWEROFF_DELAY_MS=10000
+ CONFIG_CONSOLE_LOGLEVEL_QUIET=4
+ CONFIG_USB_RTL8150=y
+ CONFIG_INCREMENTAL_FS=y
+ CONFIG_CRC16=y
+ CONFIG_USB_NET_AX8817X=y
+ CONFIG_GENERIC_CALIBRATE_DELAY=y
+ CONFIG_CRYPTO_GF128MUL=y
+ CONFIG_UPROBE_EVENTS=y
+ CONFIG_NLS_ISO8859_6=y
+ CONFIG_NET_CLS=y
+ CONFIG_EDAC_QCOM=m
+ CONFIG_PSTORE_DEFLATE_COMPRESS=y
+ CONFIG_HID_QVR=y
+ CONFIG_DEVFREQ_SIMPLE_DEV=y
+ CONFIG_QCOM_MEM_OFFLINE=y
+ CONFIG_TMPFS=y
+ CONFIG_USB_F_ACC=y
+ CONFIG_DM_VERITY_FEC=y
+ CONFIG_ARM64_CONT_SHIFT=4
+ CONFIG_NLS_CODEPAGE_936=y
+ CONFIG_GKI_HIDDEN_SND_CONFIGS=y
+ CONFIG_FUTEX=y
+ CONFIG_UNIX_SCM=y
+ CONFIG_CONSOLE_LOGLEVEL_DEFAULT=7
+ CONFIG_REGMAP_I2C=y
+ CONFIG_GENERIC_SCHED_CLOCK=y
+ CONFIG_ARCH_HAS_FAST_MULTIPLIER=y
+ CONFIG_ARCH_HAVE_NMI_SAFE_CMPXCHG=y
+ CONFIG_RTC_HCTOSYS=y
+ CONFIG_HAVE_ARCH_BITREVERSE=y
+ CONFIG_SECURITY_NETWORK=y
+ CONFIG_SERIAL_CORE_CONSOLE=y
+ CONFIG_QTI_BCL_PMIC5=y
+ CONFIG_SCSI_UFS_DWC_TC_PLATFORM=y
+ CONFIG_REGMAP_IRQ=y
+ CONFIG_USB_HID=y
+ CONFIG_RODATA_FULL_DEFAULT_ENABLED=y
+ CONFIG_ANDROID=y
+ CONFIG_SLUB_DEBUG=y
+ CONFIG_UCS2_STRING=y
+ CONFIG_ARCH_QCOM=y
+ CONFIG_NET_SCH_INGRESS=y
+ CONFIG_DMADEVICES=y
+ CONFIG_UBSAN_ALIGNMENT=y
+ CONFIG_NEURON_APP_BLOCK_SERVER=y
+ CONFIG_NF_CONNTRACK_EVENTS=y
+ CONFIG_PINCTRL=y
+ CONFIG_IPV6_NDISC_NODETYPE=y
+ CONFIG_NLS_CODEPAGE_1251=y
+ CONFIG_PRIORITIZE_OOM_TASKS=y
+ CONFIG_HI3660_MBOX=y
+ CONFIG_USB_F_MIDI=y
+ CONFIG_MEDIA_TUNER_MXL301RF=m
+ CONFIG_INTERCONNECT_QCOM=y
+ CONFIG_USERFAULTFD=y
+ CONFIG_CGROUP_SCHED=y
+ CONFIG_QUEUED_RWLOCKS=y
+ CONFIG_ST_TRUSTED_TOUCH=y
+ CONFIG_ARCH_HAS_GIGANTIC_PAGE=y
+ CONFIG_USB_DWC3_QCOM=y
+ CONFIG_HAVE_DEBUG_KMEMLEAK=y
+ CONFIG_ARM_GIC_V3_ITS=y
+ CONFIG_NLS_CODEPAGE_863=y
+ CONFIG_PRINTK_SAFE_LOG_BUF_SHIFT=13
+ CONFIG_KEYBOARD_GPIO=y
+ CONFIG_NF_CONNTRACK_FTP=y
+ CONFIG_CMA_DEBUGFS=y
+ CONFIG_MODULES=y
+ CONFIG_IP_NF_MATCH_ECN=y
+ CONFIG_RPMSG=y
+ CONFIG_USB_GADGET=y
+ CONFIG_POWER_RESET_QCOM_DOWNLOAD_MODE=y
+ CONFIG_SM_CAMCC_YUPIK=y
+ CONFIG_MQ_IOSCHED_DEADLINE=y
+ CONFIG_MEDIA_TUNER_MXL5005S=m
+ CONFIG_USB_HIDDEV=y
+ CONFIG_IOMMU_IOVA=y
+ CONFIG_QCOM_BIMC_BWMON=y
+ CONFIG_XXHASH=y
+ CONFIG_SOUND=y
+ CONFIG_ARCH_SUNXI=y
+ CONFIG_ARCH_SUPPORTS_MEMORY_FAILURE=y
+ CONFIG_MEDIA_TUNER_TDA9887=m
+ CONFIG_CPU_IDLE_MULTIPLE_DRIVERS=y
+ CONFIG_ARCH_HIBERNATION_POSSIBLE=y
+ CONFIG_HAVE_PATA_PLATFORM=y
+ CONFIG_UNIX=y
+ CONFIG_USB_NET_DRIVERS=y
+ CONFIG_CC_CAN_LINK=y
+ CONFIG_NO_HZ_COMMON=y
+ CONFIG_DRM_MIPI_DSI=y
+ CONFIG_HAVE_CLK=y
+ CONFIG_CRYPTO_HASH2=y
+ CONFIG_LEDS_CLASS_MULTICOLOR=y
+ CONFIG_QCOM_QFPROM_SYSFS=y
+ CONFIG_THERMAL_GOV_STEP_WISE=y
+ CONFIG_DEFAULT_HOSTNAME=(none)
+ CONFIG_SRCU=y
+ CONFIG_NLS_KOI8_R=y
+ CONFIG_INTERCONNECT_QCOM_EPSS_L3=y
+ CONFIG_GKI_HIDDEN_SOC_BUS_CONFIGS=y
+ CONFIG_USB_GADGET_STORAGE_NUM_BUFFERS=2
+ CONFIG_MM_STAT_UNRECLAIMABLE_PAGES=y
+ CONFIG_CPU_FREQ_GOV_POWERSAVE=y
+ CONFIG_SUNXI_SRAM=y
+ CONFIG_MEMBARRIER=y
+ CONFIG_CEC_CORE=y
+ CONFIG_XPS=y
+ CONFIG_INET_ESP=y
+ CONFIG_SECURITY_SELINUX_DEVELOP=y
+ CONFIG_SGL_ALLOC=y
+ CONFIG_LZ4_DECOMPRESS=y
+ CONFIG_NF_TPROXY_IPV6=y
+ CONFIG_FONT_SUPPORT=y
+ CONFIG_ADVISE_SYSCALLS=y
+ CONFIG_MD=y
+ CONFIG_RCU_EXPERT=y
+ CONFIG_CEC_PIN=y
+ CONFIG_CRYPTO_ALGAPI=y
+ CONFIG_GENERIC_IRQ_SHOW_LEVEL=y
+ CONFIG_CP15_BARRIER_EMULATION=y
+ CONFIG_ARM64_ERRATUM_1463225=y
+ CONFIG_QTI_ALTMODE_GLINK=y
+ CONFIG_BRIDGE=y
+ CONFIG_MEDIA_TUNER=y
+ CONFIG_ARM64_HW_AFDBM=y
+ CONFIG_WANT_DEV_COREDUMP=y
+ CONFIG_INPUT_UINPUT=y
+ CONFIG_SKB_EXTENSIONS=y
+ CONFIG_PM_OPP=y
+ CONFIG_CRYPTO_SHA2_ARM64_CE=y
+ CONFIG_MEDIA_TUNER_SIMPLE=m
+ CONFIG_CC_VERSION_TEXT=Ubuntu clang version 14.0.0-1ubuntu1.1
+ CONFIG_KEYBOARD_ATKBD=y
+ CONFIG_LIBNVDIMM=y
+ CONFIG_NET_IP_TUNNEL=y
+ CONFIG_NF_NAT=y
+ CONFIG_CPU_IDLE=y
+ CONFIG_IP6_NF_MATCH_RPFILTER=y
+ CONFIG_REGULATOR=y
+ CONFIG_ION_MSM_HEAPS=y
+ CONFIG_CRYPTO_HASH=y
+ CONFIG_EFI_PARTITION=y
+ CONFIG_PROBE_EVENTS=y
+ CONFIG_TRACE_CLOCK=y
+ CONFIG_HID_STEAM=y
+ CONFIG_LOG_BUF_SHIFT=17
+ CONFIG_MEMORY_HOTREMOVE=y
+ CONFIG_NLS_CODEPAGE_857=y
+ CONFIG_NETFILTER_XT_TARGET_DSCP=y
+ CONFIG_EXTRA_FIRMWARE=
+ CONFIG_NET_CLS_MATCHALL=y
+ CONFIG_HH_IRQ_LEND=y
+ CONFIG_VFAT_FS=y
+ CONFIG_SECURITY_SELINUX_CHECKREQPROT_VALUE=0
+ CONFIG_ARCH_SUPPORTS_ACPI=y
+ CONFIG_PSI=y
+ CONFIG_DMA_REMAP=y
+ CONFIG_MSM_EXT_DISPLAY=y
+ CONFIG_CRC32_SLICEBY8=y
+ CONFIG_USB_LIBCOMPOSITE=y
+ CONFIG_SLAB_FREELIST_HARDENED=y
+ CONFIG_COMMON_CLK_HI3660=y
+ CONFIG_MSM_ADSPRPC=y
+ CONFIG_EFI_PARAMS_FROM_FDT=y
+ CONFIG_CPU_RMAP=y
+ CONFIG_SND_HWDEP=y
+ CONFIG_PANIC_ON_OOPS=y
+ CONFIG_BLK_DEV_LOOP=y
+ CONFIG_SERIAL_MSM_GENI=y
+ CONFIG_ARM64_ERRATUM_843419=y
+ CONFIG_NF_NAT_IRC=y
+ CONFIG_RTC_DRV_PL031=y
+ CONFIG_MEDIA_TUNER_XC2028=m
+ CONFIG_INPUT_MISC=y
+ CONFIG_SND_COMPRESS_OFFLOAD=y
+ CONFIG_ARCH_YUPIK=y
+ CONFIG_REGULATOR_QTI_DEBUG=y
+ CONFIG_MULTIUSER=y
+ CONFIG_DMA_OF=y
+ CONFIG_SUSPEND=y
+ CONFIG_CROSS_MEMORY_ATTACH=y
+ CONFIG_CRYPTO_CBC=y
+ CONFIG_MSM_PIL=y
+ CONFIG_MEDIA_CONTROLLER=y
+ CONFIG_QCOM_MEMORY_DUMP_V2=y
+ CONFIG_SERIAL_8250_RUNTIME_UARTS=0
+ CONFIG_QTI_SYS_PM_VX=y
+ CONFIG_64BIT_TIME=y
+ CONFIG_CLANG_VERSION=140000
+ CONFIG_INTERCONNECT_QCOM_YUPIK=y
+ CONFIG_FS_MBCACHE=y
+ CONFIG_MEDIA_TUNER_TUA9001=m
+ CONFIG_RTC_CLASS=y
+ CONFIG_SPS_SUPPORT_NDP_BAM=y
+ CONFIG_CRYPTO_RNG_DEFAULT=y
+ CONFIG_MEDIA_TUNER_IT913X=m
+ CONFIG_MAX31760_FAN_CONTROLLER=y
+ CONFIG_EXT4_USE_FOR_EXT2=y
+ CONFIG_USB_CONFIGFS_UEVENT=y
+ CONFIG_DRM_RCAR_WRITEBACK=y
+ CONFIG_ARM64_ERRATUM_1742098=y
+ CONFIG_QCOM_WATCHDOG_PET_TIME=9360
+ CONFIG_NETFILTER_FAMILY_ARP=y
+ CONFIG_HAVE_USERSPACE_LOW_MEMORY_KILLER=y
+ CONFIG_ARM64_MODULE_PLTS=y
+ CONFIG_ARM_AMBA=y
+ CONFIG_QCOM_EBI2=y
+ CONFIG_CPU_PM=y
+ CONFIG_GKI_HIDDEN_RPMSG_CONFIGS=y
+ CONFIG_GKI_HIDDEN_QCOM_CONFIGS=y
+ CONFIG_QCOM_FALKOR_ERRATUM_1003=y
+ CONFIG_GENERIC_TRACER=y
+ CONFIG_CFG80211_USE_KERNEL_REGDB_KEYS=y
+ CONFIG_TIMER_OF=y
+ CONFIG_NLS_ISO8859_5=y
+ CONFIG_ARCH_HAS_DMA_PREP_COHERENT=y
+ CONFIG_HAVE_FUNCTION_TRACER=y
+ CONFIG_GENERIC_PHY=y
+ CONFIG_CPU_ISOLATION=y
+ CONFIG_NF_NAT_TFTP=y
+ CONFIG_IOMMU_LIMIT_IOVA_ALIGNMENT=y
+ CONFIG_NETFILTER_XT_MATCH_MULTIPORT=y
+ CONFIG_SERIAL_SAMSUNG_UARTS_4=y
+ CONFIG_ARCH_SELECT_MEMORY_MODEL=y
+ CONFIG_TOUCHSCREEN_PROPERTIES=y
+ CONFIG_NETFILTER_XT_TARGET_REDIRECT=y
+ CONFIG_CRYPTO_MANAGER2=y
+ CONFIG_USB_GADGET_VBUS_DRAW=2
+ CONFIG_ARCH_HAS_PTE_SPECIAL=y
+ CONFIG_RESET_HISI=y
+ CONFIG_NF_NAT_MASQUERADE=y
+ CONFIG_PM_GENERIC_DOMAINS_OF=y
+ CONFIG_CLZ_TAB=y
+ CONFIG_TOUCHSCREEN_USB_3M=y
+ CONFIG_TOUCHSCREEN_USB_EGALAX=y
+ CONFIG_GENERIC_PCI_IOMAP=y
+ CONFIG_HID_PLAYSTATION=y
+ CONFIG_SLUB=y
+ CONFIG_CONFIGFS_FS=y
+ CONFIG_XZ_DEC_BCJ=y
+ CONFIG_PM_SLEEP=y
+ CONFIG_F2FS_FS_XATTR=y
+ CONFIG_I2C=y
+ CONFIG_BINFMT_SCRIPT=y
+ CONFIG_EFI_STUB=y
+ CONFIG_BFQ_GROUP_IOSCHED=y
+ CONFIG_QCOM_DEVFREQ_ICC=y
+ CONFIG_FRAME_POINTER=y
+ CONFIG_BT_HIDP=y
+ CONFIG_TICK_CPU_ACCOUNTING=y
+ CONFIG_ARM_QCOM_CPUFREQ_HW_DEBUG=y
+ CONFIG_VM_EVENT_COUNTERS=y
+ CONFIG_RELAY=y
+ CONFIG_RESET_SUNXI=y
+ CONFIG_GKI_HIDDEN_MEDIA_CONFIGS=y
+ CONFIG_CRYPTO_ECB=y
+ CONFIG_CORESIGHT_CTI=y
+ CONFIG_SND_DYNAMIC_MINORS=y
+ CONFIG_SND_PCM_IEC958=y
+ CONFIG_NF_CONNTRACK_AMANDA=y
+ CONFIG_DEBUG_FS=y
+ CONFIG_DRM_TTM=y
+ CONFIG_BASE_FULL=y
+ CONFIG_ZLIB_DEFLATE=y
+ CONFIG_EDAC_KRYO_ARM64=y
+ CONFIG_GKI_LEGACY_WEXT_ALLCONFIG=y
+ CONFIG_USB_DUMMY_HCD=y
+ CONFIG_XFRM_INTERFACE=y
+ CONFIG_QSEECOM=y
+ CONFIG_SWP_EMULATION=y
+ CONFIG_NLS_CODEPAGE_864=y
+ CONFIG_REGULATOR_QCOM_PM8008=y
+ CONFIG_IIO_BUFFER=y
+ CONFIG_RPMSG_QCOM_GLINK_SPSS=y
+ CONFIG_FW_LOADER=y
+ CONFIG_KALLSYMS=y
+ CONFIG_COMMON_CLK=y
+ CONFIG_STACKPROTECTOR_STRONG=y
+ CONFIG_PCI=y
+ CONFIG_RTC_HCTOSYS_DEVICE=rtc0
+ CONFIG_SCSI_UFSHCD_QTI=y
+ CONFIG_CONTIG_ALLOC=y
+ CONFIG_TOUCHSCREEN_ST=y
+ CONFIG_CRYPTO_XTS=y
+ CONFIG_PWM=y
+ CONFIG_PCI_QUIRKS=y
+ CONFIG_NETFILTER_XT_MATCH_PKTTYPE=y
+ CONFIG_QTI_SDPM_CLOCK_MONITOR=y
+ CONFIG_MII=y
+ CONFIG_SIGNALFD=y
+ CONFIG_NET_CORE=y
+ CONFIG_UID_SYS_STATS=y
+ CONFIG_EXT4_FS=y
+ CONFIG_USB_F_CDEV=y
+ CONFIG_UNINLINE_SPIN_UNLOCK=y
+ CONFIG_HAVE_HW_BREAKPOINT=y
+ CONFIG_SND_JACK_INPUT_DEV=y
+ CONFIG_CRYPTO_SHA1=y
+ CONFIG_OOM_TASK_PRIORITY_ADJ_LIMIT=0
+ CONFIG_COMMON_CLK_QCOM=y
+ CONFIG_NLS_KOI8_U=y
+ CONFIG_CRC8=y
+ CONFIG_KSU_SUSFS_SPOOF_UNAME=y
+ CONFIG_XZ_DEC=y
+ CONFIG_DUMMY=y
+ CONFIG_QTI_HW_MEMLAT_SCMI_CLIENT=y
+ CONFIG_DRM_LONTIUM_LT9611UXC=y
+ CONFIG_WATCHDOG=y
+ CONFIG_QSEE_IPC_IRQ_BRIDGE=y
+ CONFIG_CC_HAVE_SHADOW_CALL_STACK=y
+ CONFIG_HAS_IOMEM=y
+ CONFIG_SND_RAWMIDI=y
+ CONFIG_CRYPTO_RSA=y
+ CONFIG_DMA_DIRECT_REMAP=y
+ CONFIG_CNSS_GENL=y
+ CONFIG_MSM_GPI_DMA=y
+ CONFIG_VIRT_DRIVERS=y
+ CONFIG_QCOM_GLINK_PKT=y
+ CONFIG_GENERIC_IRQ_PROBE=y
+ CONFIG_USB_NET_CDC_EEM=y
+ CONFIG_USB_F_GSI=y
+ CONFIG_IP_NF_MATCH_TTL=y
+ CONFIG_ARM_SCMI_CPUFREQ=y
+ CONFIG_HAVE_MOVE_PUD=y
+ CONFIG_VIDEOMODE_HELPERS=y
+ CONFIG_CRYPTO_ACOMP2=y
+ CONFIG_QTEE_SHM_BRIDGE=y
+ CONFIG_NETFILTER_XT_TARGET_TRACE=y
+ CONFIG_ARCH_HAS_SETUP_DMA_OPS=y
+ CONFIG_ARCH_SUPPORTS_THINLTO=y
+ CONFIG_SM_GCC_SHIMA=y
+ CONFIG_MSM_CAMCC_LAHAINA=y
+ CONFIG_NET_SCH_PRIO=y
+ CONFIG_ANDROID_BINDER_DEVICES=binder,hwbinder,vndbinder
+ CONFIG_SCHED_HRTICK=y
+ CONFIG_EPOLL=y
+ CONFIG_CRYPTO_LZO=y
+ CONFIG_GENERIC_IRQ_MULTI_HANDLER=y
+ CONFIG_SND_PCM=y
+ CONFIG_TOUCHSCREEN_FTS_DIRECTORY=focaltech_touch
+ CONFIG_NEURON_SERVICE=y
+ CONFIG_INTERCONNECT_QCOM_RPMH=y
+ CONFIG_USB_U_ETHER=y
+ CONFIG_CRYPTO_CRC32=y
+ CONFIG_HAVE_NET_DSA=y
+ CONFIG_QTI_HW_MEMLAT=y
+ CONFIG_QCOM_RIMPS=y
+ CONFIG_NLS_CODEPAGE_852=y
+ CONFIG_TOUCHSCREEN_USB_IDEALTEK=y
+ CONFIG_PERF_KERNEL_SHARE=y
+ CONFIG_NETFILTER_XT_MATCH_COMMENT=y
+ CONFIG_NET=y
+ CONFIG_INPUT_EVDEV=y
+ CONFIG_FS_ENCRYPTION_ALGS=y
+ CONFIG_SND_JACK=y
+ CONFIG_QTI_THERMAL=y
+ CONFIG_QTI_SYSTEM_PM=y
+ CONFIG_COMMON_CLK_SCPI=y
+ CONFIG_CC_HAS_AUTO_VAR_INIT_PATTERN=y
+ CONFIG_NETFILTER_XT_TARGET_TCPMSS=y
+ CONFIG_NETFILTER_XT_MATCH_DSCP=y
+ CONFIG_QGKI_SHOW_S2IDLE_WAKE_IRQ=y
+ CONFIG_SDC_QTI=y
+ CONFIG_EDAC_QCOM_LLCC_PANIC_ON_UE=y
+ CONFIG_CRYPTO_LIB_BLAKE2S_GENERIC=y
+ CONFIG_NETFILTER_XT_MATCH_CONNTRACK=y
+ CONFIG_BLOCK_COMPAT=y
+ CONFIG_ARM_ARCH_TIMER_EVTSTREAM=y
+ CONFIG_CORESIGHT=y
+ CONFIG_FW_LOADER_USER_HELPER=y
+ CONFIG_PINMUX=y
+ CONFIG_SCSI_UFS_BSG=y
+ CONFIG_QUOTA_TREE=y
+ CONFIG_IRQ_DOMAIN_HIERARCHY=y
+ CONFIG_KSU_SUSFS_AUTO_ADD_TRY_UMOUNT_FOR_BIND_MOUNT=y
+ CONFIG_MPILIB=y
+ CONFIG_USB_NET_CDCETHER=y
+ CONFIG_PACKET=y
+ CONFIG_XFRM_ALGO=y
+ CONFIG_HAVE_CLK_PREPARE=y
+ CONFIG_CRYPTO_AKCIPHER2=y
+ CONFIG_NETFILTER_XT_MATCH_IPRANGE=y
+ CONFIG_ASYMMETRIC_PUBLIC_KEY_SUBTYPE=y
+ CONFIG_CNSS_ASYNC=y
+ CONFIG_EROFS_FS_PCPU_KTHREAD=y
+ CONFIG_QCOM_HYP_CORE_CTL=y
+ CONFIG_USB_XHCI_PLATFORM=y
+ CONFIG_NF_CONNTRACK_TFTP=y
+ CONFIG_NLS_CODEPAGE_949=y
+ CONFIG_NOP_TRACER=y
+ CONFIG_INET=y
+ CONFIG_PHY_QCOM_UFS_QRBTC_SDM845=y
+ CONFIG_XZ_DEC_POWERPC=y
+ CONFIG_SERIAL_SPRD_CONSOLE=y
+ CONFIG_PREVENT_FIRMWARE_BUILD=y
+ CONFIG_FREEZER=y
+ CONFIG_UAPI_HEADER_TEST=y
+ CONFIG_BT=y
+ CONFIG_ARM64_4K_PAGES=y
+ CONFIG_PCI_DOMAINS=y
+ CONFIG_CEC_PLATFORM_DRIVERS=y
+ CONFIG_NET_CLS_ACT=y
+ CONFIG_REED_SOLOMON=y
+ CONFIG_USB_REDRIVER_NB7VPQ904M=y
+ CONFIG_BRIDGE_EBT_BROUTE=y
+ CONFIG_HAVE_ARCH_VMAP_STACK=y
+ CONFIG_TIPC_MEDIA_UDP=y
+ CONFIG_NET_CLS_BPF=y
+ CONFIG_HID_WACOM=y
+ CONFIG_USB_F_ACM=y
+ CONFIG_RTC_LIB=y
+ CONFIG_DEVFREQ_GOV_POWERSAVE=y
+ CONFIG_FW_LOADER_PAGED_BUF=y
+ CONFIG_NETFILTER_XT_MATCH_POLICY=y
+ CONFIG_USB_F_FS_IPC_LOGGING=y
+ CONFIG_ARM64_ERRATUM_826319=y
+ CONFIG_HAVE_KPROBES=y
+ CONFIG_NETFILTER_XT_TARGET_TEE=y
+ CONFIG_TOUCHSCREEN_USB_ITM=y
+ CONFIG_CRYPTO_AES=y
+ CONFIG_HAVE_GENERIC_VDSO=y
+ CONFIG_GPIOLIB=y
+ CONFIG_ARCH_WANT_DEFAULT_TOPDOWN_MMAP_LAYOUT=y
+ CONFIG_QTI_HW_NUM_AMU=7
+ CONFIG_FUTEX_PI=y
+ CONFIG_GENERIC_CPU_VULNERABILITIES=y
+ CONFIG_MSM_DISPCC_LAHAINA=y
+ CONFIG_KEYS_COMPAT=y
+ CONFIG_LEDS_QPNP_VIBRATOR_LDO=y
+ CONFIG_HWSPINLOCK_QCOM=y
+ CONFIG_NETFILTER_XT_NAT=y
+ CONFIG_USB_CONFIGFS_F_MIDI=y
+ CONFIG_BALANCE_ANON_FILE_RECLAIM=y
+ CONFIG_CLKSRC_MMIO=y
+ CONFIG_MFD_I2C_PMIC=y
+ CONFIG_SND_PCM_ELD=y
+ CONFIG_UIO=y
+ CONFIG_HAVE_HARDENED_USERCOPY_ALLOCATOR=y
+ CONFIG_ARM_ARCH_TIMER_OOL_WORKAROUND=y
+ CONFIG_NF_CONNTRACK_MARK=y
+ CONFIG_NETFILTER=y
+ CONFIG_HVC_DRIVER=y
+ CONFIG_NETFILTER_XT_MATCH_HASHLIMIT=y
+ CONFIG_HAVE_ARCH_KASAN=y
+ CONFIG_CAVIUM_ERRATUM_23154=y
+ CONFIG_GENERIC_ARCH_TOPOLOGY=y
+ CONFIG_QCOM_KGSL_CONTEXT_DEBUG=y
+ CONFIG_SERIO_SERPORT=y
+ CONFIG_DEVFREQ_GOV_QCOM_BW_HWMON=y
+ CONFIG_NLS_CODEPAGE_950=y
+ CONFIG_CLONE_BACKWARDS=y
+ CONFIG_HAVE_NMI=y
+ CONFIG_BLK_DEV_RAM_COUNT=16
+ CONFIG_SETUP_SSR_NOTIF_TIMEOUTS=y
+ CONFIG_PREEMPT_RCU=y
+ CONFIG_DEVFREQ_THERMAL=y
+ CONFIG_CRYPTO_ECDH=y
+ CONFIG_GKI_HIDDEN_REGMAP_CONFIGS=y
+ CONFIG_PRINTK_NMI=y
+ CONFIG_MEDIA_TUNER_MT2266=m
+ CONFIG_NLS_MAC_GREEK=y
+ CONFIG_NET_FLOW_LIMIT=y
+ CONFIG_LOCKDEP_SUPPORT=y
+ CONFIG_NLS_CODEPAGE_869=y
+ CONFIG_COMMON_CLK_HI3516CV300=y
+ CONFIG_SERIAL_SAMSUNG_UARTS=4
+ CONFIG_ARCH_WANT_COMPAT_IPC_PARSE_VERSION=y
+ CONFIG_NO_HZ=y
+ CONFIG_ARCH_WANT_HUGE_PMD_SHARE=y
+ CONFIG_USB_CONFIGFS_F_DIAG=y
+ CONFIG_NETFILTER_INGRESS=y
+ CONFIG_SND_SOC_TOPOLOGY=y
+ CONFIG_PHY_QCOM_UFS_14NM=y
+ CONFIG_CAVIUM_ERRATUM_27456=y
+ CONFIG_USB_DWC3_OF_SIMPLE=y
+ CONFIG_PSTORE_RAM=y
+ CONFIG_CPU_FREQ_STAT=y
+ CONFIG_SM_CAMCC_SHIMA=y
+ CONFIG_PCI_QTI=y
+ CONFIG_GENERIC_STRNCPY_FROM_USER=y
+ CONFIG_USB_CONFIGFS_F_QDSS=y
+ CONFIG_HARDEN_EL2_VECTORS=y
+ CONFIG_HAVE_RSEQ=y
+ CONFIG_NETFILTER_XT_TARGET_NETMAP=y
+ CONFIG_ARM64_ERRATUM_858921=y
+ CONFIG_OF_KOBJ=y
+ CONFIG_SPMI=y
+ CONFIG_NLS_ISO8859_15=y
+ CONFIG_QRTR_MHI=y
+ CONFIG_INET6_ESP=y
+ CONFIG_QRTR=y
+ CONFIG_QCOM_GLINK=y
+ CONFIG_ILLEGAL_POINTER_VALUE=0xdead000000000000
+ CONFIG_GENERIC_GETTIMEOFDAY=y
+ CONFIG_IOMMU_IO_PGTABLE_FAST=y
+ CONFIG_NLS_MAC_CROATIAN=y
+ CONFIG_GKI_HIDDEN_SND_SOC_CONFIGS=y
+ CONFIG_USB_MSM_SSPHY_QMP=y
+ CONFIG_QCOM_PDC=y
+ CONFIG_CORESIGHT_OST=y
+ CONFIG_SCSI_UFS_HISI=y
+ CONFIG_INTERCONNECT_QCOM_SHIMA=y
+ CONFIG_TASKSTATS=y
+ CONFIG_NLS_CODEPAGE_932=y
+ CONFIG_NLS_MAC_ICELAND=y
+ CONFIG_PINCTRL_QCOM_SPMI_PMIC=y
+ CONFIG_INPUT_QCOM_HV_HAPTICS=y
+ CONFIG_IP6_NF_FILTER=y
+ CONFIG_TOUCHSCREEN_FTS=y
+ CONFIG_SYSTEM_DATA_VERIFICATION=y
+ CONFIG_KSU_SUSFS_SUS_KSTAT=y
+ CONFIG_EFI_ESRT=y
+ CONFIG_NEED_DMA_MAP_STATE=y
+ CONFIG_QCOM_SMP2P_SLEEPSTATE=y
+ CONFIG_IIO=y
+ CONFIG_SND_HDA_PREALLOC_SIZE=64
+ CONFIG_SERIO_LIBPS2=y
+ CONFIG_HAVE_ARCH_KASAN_SW_TAGS=y
+ CONFIG_SERIAL_SPRD=y
+ CONFIG_RELOCATABLE=y
+ CONFIG_CRYPTO_POLY1305=y
+ CONFIG_QUEUED_SPINLOCKS=y
+ CONFIG_PANIC_TIMEOUT=-1
+ CONFIG_INPUT_JOYSTICK=y
+ CONFIG_MSM_IDLE_STATS_FIRST_BUCKET=62500
+ CONFIG_HID_BATTERY_STRENGTH=y
+ CONFIG_NEURON_CH_HAVEN=y
+ CONFIG_PM_GENERIC_DOMAINS_SLEEP=y
+ CONFIG_DM_VERITY=y
+ CONFIG_NETFILTER_XT_MATCH_ECN=y
+ CONFIG_TYPEC_TCPM=y
+ CONFIG_DMA_COHERENT_HINT_CACHED=y
+ CONFIG_CC_HAS_STACKPROTECTOR_NONE=y
+ CONFIG_STACKDEPOT=y
+ CONFIG_DECOMPRESS_LZ4=y
+ CONFIG_SPARSEMEM_MANUAL=y
+ CONFIG_QTI_PLH_SCMI_CLIENT=y
+ CONFIG_VIDEO_V4L2_I2C=y
+ CONFIG_BPF_SYSCALL=y
+ CONFIG_SMP=y
+ CONFIG_TTY=y
+ CONFIG_NETFILTER_XT_MATCH_TIME=y
+ CONFIG_ARM64_UAO=y
+ CONFIG_ZSMALLOC=y
+ CONFIG_DM_UEVENT=y
+ CONFIG_EROFS_FS_POSIX_ACL=y
+ CONFIG_NETFILTER_XT_MATCH_MAC=y
+ CONFIG_ARM_SMMU=y
+ CONFIG_IOMMU_DMA=y
+ CONFIG_NETFILTER_XT_TARGET_NFLOG=y
+ CONFIG_TOUCHSCREEN_USB_JASTEC=y
+ CONFIG_GENERIC_ALLOCATOR=y
+ CONFIG_L2TP=y
+ CONFIG_MMC_SDHCI_IO_ACCESSORS=y
+ CONFIG_KALLSYMS_ALL=y
+ CONFIG_RPMSG_QCOM_GLINK_SMEM=y
+ CONFIG_LIBCRC32C=y
+ CONFIG_GENERIC_BUG=y
+ CONFIG_CRYPTO_SHA256=y
+ CONFIG_VMAP_LAZY_PURGING_FACTOR=32
+ CONFIG_MSM_HSUSB_PHY=y
+ CONFIG_HAVE_FTRACE_MCOUNT_RECORD=y
+ CONFIG_ARM64_VHE=y
+ CONFIG_POSIX_TIMERS=y
+ CONFIG_PSTORE_CONSOLE=y
+ CONFIG_INET_TCP_DIAG=y
+ CONFIG_HID_SONY=y
+ CONFIG_RAS=y
+ CONFIG_BACKLIGHT_QCOM_SPMI_WLED=y
+ CONFIG_INTERCONNECT_QCOM_BCM_VOTER=y
+ CONFIG_REGMAP_SPMI=y
+ CONFIG_ARM_PMU=y
+ CONFIG_SND_SPI=y
+ CONFIG_THERMAL_GOV_USER_SPACE=y
+ CONFIG_HAVE_UID16=y
+ CONFIG_COMPAT_OLD_SIGACTION=y
+ CONFIG_IRQ_MSI_IOMMU=y
+ CONFIG_RTC_NVMEM=y
+ CONFIG_MMC_CRYPTO=y
+ CONFIG_USB_CONFIGFS_F_CCID=y
+ CONFIG_QUOTACTL=y
+ CONFIG_PARAVIRT=y
+ CONFIG_MSM_PM=y
+ CONFIG_CRYPTO_CRYPTD=y
+ CONFIG_QTI_SCMI_MEMLAT_PROTOCOL=y
+ CONFIG_NF_SOCKET_IPV4=y
+ CONFIG_RPMSG_QCOM_GLINK_NATIVE=y
+ CONFIG_CC_HAS_KASAN_GENERIC=y
+ CONFIG_QGKI_PSCI_OSI_SUPPORT=y
+ CONFIG_HAVE_ARM_SMCCC=y
+ CONFIG_DEBUG_KERNEL=y
+ CONFIG_MSM_PIL_SSR_GENERIC=y
+ CONFIG_LOCALVERSION=-Darkmoon
+ CONFIG_ARCH_HAS_SYNC_DMA_FOR_CPU=y
+ CONFIG_GENERIC_IRQ_EFFECTIVE_AFF_MASK=y
+ CONFIG_RADIO_ADAPTERS=y
+ CONFIG_USB_QCOM_EMU_PHY=y
+ CONFIG_REGULATOR_PROXY_CONSUMER=y
+ CONFIG_CRYPTO=y
+ CONFIG_SCHED_DEBUG=y
+ CONFIG_TOUCHSCREEN_SYNAPTICS_DSX=y
+ CONFIG_MHI_UCI=y
+ CONFIG_DEFAULT_MMAP_MIN_ADDR=32768
+ CONFIG_SYSTEM_TRUSTED_KEYS=
+ CONFIG_COMMON_CLK_HI3798CV200=y
+ CONFIG_MEDIA_TUNER_TDA18218=m
+ CONFIG_FTS_TRUSTED_TOUCH=y
+ CONFIG_IP_NF_IPTABLES=y
+ CONFIG_MSM_SUBSYSTEM_RESTART=y
+ CONFIG_CMDLINE=cgroup_disable=pressure
+ CONFIG_RUNTIME_TESTING_MENU=y
+ CONFIG_QCOM_KGSL=y
+ CONFIG_VIDEOBUF2_DMA_CONTIG=y
+ CONFIG_USB_XHCI_HCD=y
+ CONFIG_VIRTIO=y
+ CONFIG_HW_PERF_EVENTS=y
+ CONFIG_PSTORE_PMSG=y
+ CONFIG_XFRM_STATISTICS=y
+ CONFIG_USB_LINK_LAYER_TEST=y
+ CONFIG_QTI_ADC_TM=y
+ CONFIG_DMA_VIRTUAL_CHANNELS=y
+ CONFIG_GENERIC_MSI_IRQ_DOMAIN=y
+ CONFIG_LEDS_QTI_FLASH=y
+ CONFIG_USB_ARCH_HAS_HCD=y
+ CONFIG_GENERIC_IRQ_SHOW=y
+ CONFIG_HAVE_ARCH_JUMP_LABEL_RELATIVE=y
+ CONFIG_IPV6_OPTIMISTIC_DAD=y
+ CONFIG_ARCH_HAS_ELF_RANDOMIZE=y
+ CONFIG_HAVE_FUNCTION_ARG_ACCESS_API=y
+ CONFIG_PANIC_ON_OOPS_VALUE=1
+ CONFIG_SCSI_MOD=y
+ CONFIG_CRYPTO_ESSIV=y
+ CONFIG_SERIAL_SAMSUNG_CONSOLE=y
+ CONFIG_F2FS_FS_POSIX_ACL=y
+ CONFIG_LEDS_CLASS_FLASH=y
+ CONFIG_CRYPTO_CRC32C=y
+ CONFIG_SERIAL_CORE=y
+ CONFIG_FUSE_FS=y
+ CONFIG_BUILDTIME_EXTABLE_SORT=y
+ CONFIG_HANDLE_DOMAIN_IRQ=y
+ CONFIG_USB_CONFIGFS_SERIAL=y
+ CONFIG_UID16=y
+ CONFIG_EMBEDDED=y
+ CONFIG_HID_MICROSOFT=y
+ CONFIG_HAVE_KRETPROBES=y
+ CONFIG_ASSOCIATIVE_ARRAY=y
+ CONFIG_QCOM_LLCC=y
+ CONFIG_USB_CONFIGFS_F_UVC=y
+ CONFIG_NF_DEFRAG_IPV6=y
+ CONFIG_VIDEO_DEV=y
+ CONFIG_CORESIGHT_DUMMY=y
+ CONFIG_QTI_HW_NUM_PMU=6
+ CONFIG_MAILBOX=y
+ CONFIG_INPUT_LEDS=y
+ CONFIG_RCU_NEED_SEGCBLIST=y
+ CONFIG_HAS_DMA=y
+ CONFIG_NF_CT_PROTO_SCTP=y
+ CONFIG_EDAC=y
+ CONFIG_QCOM_SOC_WATCHDOG=y
+ CONFIG_SCSI=y
+ CONFIG_TOUCHSCREEN_ST_I2C=st
+ CONFIG_NF_NAT_PPTP=y
+ CONFIG_ARM64_ERRATUM_1542419=y
+ CONFIG_MSM_GLOBAL_SYNX=y
+ CONFIG_NLS_MAC_ROMAN=y
+ CONFIG_HAVE_ARCH_THREAD_STRUCT_WHITELIST=y
+ CONFIG_HID=y
+ CONFIG_DMA_DECLARE_COHERENT=y
+ CONFIG_RANDOMIZE_BASE=y
+ CONFIG_USB_DWC3_DUAL_ROLE=y
+ CONFIG_DEVFREQ_GOV_SIMPLE_ONDEMAND=y
+ CONFIG_RANDOM_TRUST_BOOTLOADER=y
+ CONFIG_ANDROID_BINDERFS=y
+ CONFIG_NLS_ISO8859_9=y
+ CONFIG_NET_ACT_BPF=y
+ CONFIG_CLKDEV_LOOKUP=y
+ CONFIG_BUS_AUTO_SUSPEND=y
+ CONFIG_FONT_8x16=y
+ CONFIG_SERIAL_8250_FSL=y
+ CONFIG_ARCH_ENABLE_MEMORY_HOTPLUG=y
+ CONFIG_SPMI_MSM_PMIC_ARB_DEBUG=y
+ CONFIG_TOUCHSCREEN_USB_IRTOUCH=y
+ CONFIG_MEDIA_TUNER_TDA8290=y
+ CONFIG_TOUCHSCREEN_USB_PANJIT=y
+ CONFIG_QCOM_SMCINVOKE=y
+ CONFIG_MEDIA_TUNER_TDA18212=m
+ CONFIG_DEBUG_STACK_USAGE=y
+ CONFIG_ARCH_HAS_CACHE_LINE_SIZE=y
+ CONFIG_TOUCHSCREEN_SYNAPTICS_DSX_CORE=y
+ CONFIG_JBD2=y
+ CONFIG_DEVFREQ_GOV_QCOM_GPUBW_MON=y
+ CONFIG_SPARSEMEM_VMEMMAP=y
+ CONFIG_INET6_IPCOMP=y
+ CONFIG_MEMCG_KMEM=y
+ CONFIG_PHYLIB=y
+ CONFIG_QCOM_WATCHDOG_IPI_PING=y
+ CONFIG_IPV6_TUNNEL=y
+ CONFIG_ARM64_SW_TTBR0_PAN=y
+ CONFIG_ARCH_MEMORY_PROBE=y
+ CONFIG_CRYPTO_SHA256_ARM64=y
+ CONFIG_NLS_CODEPAGE_874=y
+ CONFIG_FB_CMDLINE=y
+ CONFIG_CORESIGHT_CTI_SAVE_DISABLE=y
+ CONFIG_OPTIMIZE_INLINING=y
+ CONFIG_QTI_HW_MEMLAT_LOG=y
+ CONFIG_IRQ_DOMAIN=y
+ CONFIG_LSM_MMAP_MIN_ADDR=32768
+ CONFIG_TRACE_GPU_MEM=y
+ CONFIG_LOCALVERSION_AUTO=y
+ CONFIG_PINCTRL_AMD=y
+ CONFIG_INTEGRITY_AUDIT=y
+ CONFIG_ARCH_HAS_DEBUG_VIRTUAL=y
+ CONFIG_MEDIA_TUNER_MT20XX=m
+ CONFIG_HAVE_ASM_MODVERSIONS=y
+ CONFIG_DEVFREQ_GOV_PASSIVE=y
+ CONFIG_MISC_FILESYSTEMS=y
+ CONFIG_ARCH_MMAP_RND_BITS_MIN=18
+ CONFIG_FTRACE=y
+ CONFIG_NETFILTER_XT_MATCH_CONNLIMIT=y
+ CONFIG_IP_NF_SECURITY=y
+ CONFIG_IP_NF_RAW=y
+ CONFIG_ARCH_SUPPORTS_LTO_CLANG=y
+ CONFIG_MMC_SDHCI_MSM=y
+ CONFIG_IP_NF_ARPFILTER=y
+ CONFIG_TOUCHSCREEN_USB_ETT_TC45USB=y
+ CONFIG_QCOM_FSA4480_I2C=y
+ CONFIG_NETFILTER_XT_MATCH_SOCKET=y
+ CONFIG_PPPOL2TP=y
+ CONFIG_ARCH_SUPPORTS_UPROBES=y
+ CONFIG_SHUFFLE_PAGE_ALLOCATOR=y
+ CONFIG_MSM_IDLE_STATS_BUCKET_COUNT=10
+ CONFIG_NF_NAT_H323=y
+ CONFIG_XZ_DEC_SPARC=y
+ CONFIG_ARCH_SPARSEMEM_DEFAULT=y
+ CONFIG_ARCH_HAS_SYNC_DMA_FOR_DEVICE=y
+ CONFIG_OF_GPIO=y
+ CONFIG_CEC_NOTIFIER=y
+ CONFIG_SERIAL_MCTRL_GPIO=y
+ CONFIG_MEDIA_TUNER_MC44S803=m
+ CONFIG_CORESIGHT_HWEVENT=y
+ CONFIG_NLS_CODEPAGE_860=y
+ CONFIG_NETFILTER_XT_MATCH_ESP=y
+ CONFIG_PRINT_QUOTA_WARNING=y
+ CONFIG_IP_NF_TARGET_NETMAP=y
+ CONFIG_IOMMU_DYNAMIC_DOMAINS=y
+ CONFIG_DST_CACHE=y
+ CONFIG_NF_REJECT_IPV6=y
+ CONFIG_RCU_CPU_STALL_TIMEOUT=21
+ CONFIG_IOMMU_IO_PGTABLE_ARMV7S=y
+ CONFIG_QRTR_HAVEN=y
+ CONFIG_INPUT_FF_MEMLESS=y
+ CONFIG_CHR_DEV_SG=y
+ CONFIG_ARM64_ERRATUM_819472=y
+ CONFIG_HOLES_IN_ZONE=y
+ CONFIG_ARM64_ERRATUM_827319=y
+ CONFIG_CAVIUM_TX2_ERRATUM_219=y
+ CONFIG_MDIO_DEVICE=y
+ CONFIG_QCOM_WDT_CORE=y
+ CONFIG_NEED_SG_DMA_LENGTH=y
+ CONFIG_TIMER_PROBE=y
+ CONFIG_SPMI_MSM_PMIC_ARB=y
+ CONFIG_POWER_RESET=y
+ CONFIG_CRYPTO_XCBC=y
+ CONFIG_NF_NAT_AMANDA=y
+ CONFIG_KSU_SUSFS=y
+ CONFIG_BPF_JIT=y
+ CONFIG_COMMON_RESET_HI6220=y
+ CONFIG_QCOM_SPMI_TEMP_ALARM=y
+ CONFIG_KSU_SUSFS_AUTO_ADD_SUS_KSU_DEFAULT_MOUNT=y
+ CONFIG_PROFILING=y
+ CONFIG_INTERVAL_TREE=y
+ CONFIG_QCOM_LAZY_MAPPING=y
+ CONFIG_SPARSEMEM=y
+ CONFIG_TOUCHSCREEN_SYNAPTICS_DSX_FW_UPDATE=y
+ CONFIG_ARM64_DMA_IOMMU_ALIGNMENT=9
+ CONFIG_DRM_GEM_SHMEM_HELPER=y
+ CONFIG_RTC_DRV_PM8XXX=y
+ CONFIG_GKI_HIDDEN_GPU_CONFIGS=y
+ CONFIG_SLHC=y
+ CONFIG_SCSI_UFSHCD_PCI=y
+ CONFIG_CRYPTO_MANAGER=y
+ CONFIG_NET_SCH_HTB=y
+ CONFIG_GKI_HIDDEN_IRQ_CONFIGS=y
+ CONFIG_PPP_BSDCOMP=y
+ CONFIG_GKI_HIDDEN_CRYPTO_CONFIGS=y
+ CONFIG_EDAC_SUPPORT=y
+ CONFIG_RT_MUTEXES=y
+ CONFIG_LOCK_SPIN_ON_OWNER=y
+ CONFIG_ION_SYSTEM_HEAP=y
+ CONFIG_NETFILTER_XT_TARGET_MARK=y
+ CONFIG_FSL_ERRATUM_A008585=y
+ CONFIG_DRM_GEM_CMA_HELPER=y
+ CONFIG_PCI_SYSCALL=y
+ CONFIG_MEDIA_TUNER_MXL5007T=m
+ CONFIG_KERNFS=y
+ CONFIG_I2C_ALGOBIT=y
+ CONFIG_MMC_BLOCK=y
+ CONFIG_NET_CLS_FW=y
+ CONFIG_PAGE_COUNTER=y
+ CONFIG_SND_PCI=y
+ CONFIG_EXPERT=y
+ CONFIG_SM_DEBUGCC_SHIMA=y
+ CONFIG_SENSORS_SSC=y
+ CONFIG_WIRELESS=y
+ CONFIG_WEXT_PROC=y
+ CONFIG_CRYPTO_AES_ARM64_CE_BLK=y
+ CONFIG_PHY_QCOM_UFS_V4=y
+ CONFIG_HZ_250=y
+ CONFIG_ARCH_HAS_STRICT_KERNEL_RWX=y
+ CONFIG_DMABUF_DESTRUCTOR_SUPPORT=y
+ CONFIG_LOCK_DEBUGGING_SUPPORT=y
+ CONFIG_FRAME_VECTOR=y
+ CONFIG_PKCS7_MESSAGE_PARSER=y
+ CONFIG_TASK_IO_ACCOUNTING=y
+ CONFIG_HWID=y
+ CONFIG_FAT_DEFAULT_IOCHARSET=iso8859-1
+ CONFIG_USB_CONFIGFS_MASS_STORAGE=y
+ CONFIG_TIPC=y
+ CONFIG_MEMORY_HOTPLUG_SPARSE=y
+ CONFIG_FRAME_WARN=2048
+ CONFIG_USB_NET_CDC_NCM=y
+ CONFIG_HID_GENERIC=y
+ CONFIG_ARCH_MMAP_RND_BITS=18
+ CONFIG_QCOM_FALKOR_ERRATUM_E1041=y
+ CONFIG_GENERIC_HWEIGHT=y
+ CONFIG_INITRAMFS_SOURCE=
+ CONFIG_ARCH_SHIMA=y
+ CONFIG_CGROUPS=y
+ CONFIG_QCOM_SHOW_RESUME_IRQ=y
+ CONFIG_MMC=y
+ CONFIG_LZO_COMPRESS=y
+ CONFIG_DAX=y
+ CONFIG_HAVE_ARCH_MMAP_RND_COMPAT_BITS=y
+ CONFIG_TOUCHSCREEN_USB_GUNZE=y
+ CONFIG_CRYPTO_SEQIV=y
+ CONFIG_QCOM_QFPROM_SYS=y
+ CONFIG_RTC_DRV_PL030=y
+ CONFIG_HID_LOGITECH=y
+ CONFIG_HAVE_GCC_PLUGINS=y
+ CONFIG_STATIC_USERMODEHELPER=y
+ CONFIG_DYNAMIC_EVENTS=y
+ CONFIG_STACKTRACE=y
+ CONFIG_HAVE_PCI=y
+ CONFIG_EXTCON=y
+ CONFIG_AUDIT_COMPAT_GENERIC=y
+ CONFIG_MHI_BUS=y
+ CONFIG_IPV6_GRE=y
+ CONFIG_NETFILTER_XT_TARGET_IDLETIMER=y
+ CONFIG_MMHARDWARE_OTHER_DETECTION=m
+ CONFIG_QCOM_RPMHPD=y
+ CONFIG_ARCH_SUPPORTS_DEBUG_PAGEALLOC=y
+ CONFIG_QCOM_KGSL_IOCOHERENCY_DEFAULT=y
+ CONFIG_IPV6_VTI=y
+ CONFIG_CRYPTO_DRBG=y
+ CONFIG_SND_MAX_CARDS=32
+ CONFIG_PPTP=y
+ CONFIG_MEDIA_TUNER_MSI001=m
+ CONFIG_REGULATOR_REFGEN=y
+ CONFIG_OF_EARLY_FLATTREE=y
+ CONFIG_CGROUP_CPUACCT=y
+ CONFIG_FS_VERITY=y
+ CONFIG_HAS_IOPORT_MAP=y
+ CONFIG_HAVE_FAST_GUP=y
+ CONFIG_ARM64_PA_BITS=48
+ CONFIG_HZ=250
+ CONFIG_USB_RTL8152=y
+ CONFIG_USB_CONFIGFS_F_UAC2=y
+ CONFIG_NETFILTER_XT_MATCH_U32=y
+ CONFIG_HISILICON_ERRATUM_161010101=y
+ CONFIG_NLS_ISO8859_4=y
+ CONFIG_SERIAL_8250_NR_UARTS=4
+ CONFIG_ARCH_HAS_STRICT_MODULE_RWX=y
+ CONFIG_ARM64_WORKAROUND_CLEAN_CACHE=y
+ CONFIG_NET_EGRESS=y
+ CONFIG_CRYPTO_ENGINE=y
+ CONFIG_MSM_CVP=y
+ CONFIG_SETEND_EMULATION=y
+ CONFIG_IPV6_MIP6=y
+ CONFIG_GKI_HIDDEN_DRM_CONFIGS=y
+ CONFIG_HAVE_PERF_USER_STACK_DUMP=y
+ CONFIG_EROFS_FS_SECURITY=y
+ CONFIG_NLATTR=y
+ CONFIG_TCP_CONG_CUBIC=y
+ CONFIG_QTI_QMI_COOLING_DEVICE=y
+ CONFIG_NR_CPUS=32
+ CONFIG_SUSPEND_FREEZER=y
+ CONFIG_ARM64_ERRATUM_1418040=y
+ CONFIG_MMC_SDHCI=y
+ CONFIG_NETFILTER_XT_CONNMARK=y
+ CONFIG_SOCIONEXT_SYNQUACER_PREITS=y
+ CONFIG_PROCESS_RECLAIM=y
+ CONFIG_CRYPTO_CHACHA20=y
+ CONFIG_INTERCONNECT_QCOM_QOS=y
+ CONFIG_QCOM_CLK_RPMH=y
+ CONFIG_SYSFS=y
+ CONFIG_USB_DEFAULT_PERSIST=y
+ CONFIG_PHY_QCOM_UFS=y
+ CONFIG_INPUT_TOUCHSCREEN=y
+ CONFIG_EDAC_LEGACY_SYSFS=y
+ CONFIG_DRM_PANEL_BRIDGE=y
+ CONFIG_XDP_SOCKETS=y
+ CONFIG_ARM64_SVE=y
+ CONFIG_SLIMBUS=m
+ CONFIG_KSU_SUSFS_SUS_MOUNT=y
+ CONFIG_USB_EHCI_HCD_PLATFORM=y
+ CONFIG_CAVIUM_ERRATUM_22375=y
+ CONFIG_ASN1=y
+ CONFIG_NETFILTER_XT_MATCH_LIMIT=y
+ CONFIG_XZ_DEC_ARM=y
+ CONFIG_NLS_CODEPAGE_775=y
+ CONFIG_QCOM_QMI_HELPERS=y
+ CONFIG_CRYPTO_HASH_INFO=y
+ CONFIG_HVC_HAVEN=y
+ CONFIG_BLK_SCSI_REQUEST=y
+ CONFIG_HAVE_SYSCALL_TRACEPOINTS=y
+ CONFIG_ARM_SMMU_DISABLE_BYPASS_BY_DEFAULT=y
+ CONFIG_CORESIGHT_QGKI=y
+ CONFIG_MEDIA_TUNER_XC4000=m
+ CONFIG_NEURON=y
+ CONFIG_QPNP_PBS=y
+ CONFIG_PM_DEVFREQ=y
+ CONFIG_TRACING=y
+ CONFIG_BLK_MQ_VIRTIO=y
+ CONFIG_NLS_CODEPAGE_865=y
+ CONFIG_SPARSEMEM_VMEMMAP_ENABLE=y
+ CONFIG_ARM_GIC_V3=y
+ CONFIG_CC_HAS_ASM_GOTO=y
+ CONFIG_ND_CLAIM=y
+ CONFIG_MSDOS_PARTITION=y
+ CONFIG_RTC_I2C_AND_SPI=y
+ CONFIG_TOUCHSCREEN_USB_NEXIO=y
+ CONFIG_BLK_INLINE_ENCRYPTION_FALLBACK=y
+ CONFIG_ARM_PSCI_FW=y
+ CONFIG_THERMAL=y
+ CONFIG_SYNC_FILE=y
+ CONFIG_USB_XHCI_PCI=y
+ CONFIG_USB_BAM=y
+ CONFIG_VETH=y
+ CONFIG_MSM_GLINK_SSR=y
+ CONFIG_TLB_CONF_HANDLER=y
+ CONFIG_STACKPROTECTOR=y
+ CONFIG_ARCH_ENABLE_SPLIT_PMD_PTLOCK=y
+ CONFIG_CMA_SIZE_MBYTES=16
+ CONFIG_HAVE_ARCH_KGDB=y
+ CONFIG_ARCH_USE_QUEUED_SPINLOCKS=y
+ CONFIG_NF_TPROXY_IPV4=y
+ CONFIG_BLK_DEBUG_FS=y
+ CONFIG_POWER_RESET_QCOM_DOWNLOAD_MODE_DEFAULT=y
+ CONFIG_VIDEOBUF2_V4L2=y
+ CONFIG_CPU_FREQ_GOV_SCHEDUTIL=y
+ CONFIG_ARM64_WORKAROUND_REPEAT_TLBI=y
+ CONFIG_RPS=y
+ CONFIG_QCOM_LAHAINA_LLCC=y
+ CONFIG_DEVFREQ_GOV_PERFORMANCE=y
+ CONFIG_INET6_XFRM_TUNNEL=y
+ CONFIG_PROC_PID_CPUSET=y
+ CONFIG_USB_NET_AX88179_178A=y
+ CONFIG_PM_GENERIC_DOMAINS=y
+ CONFIG_MEDIA_TUNER_E4000=m
+ CONFIG_CRYPTO_DEV_QCOM_MSM_QCE=y
+ CONFIG_PM_WAKELOCKS_LIMIT=0
+ CONFIG_TOUCHSCREEN_USB_DMC_TSC10=y
+ CONFIG_GENERIC_CSUM=y
+ CONFIG_GENERIC_IDLE_POLL_SETUP=y
+ CONFIG_MSM_GENI_SE=y
+ CONFIG_RESET_SIMPLE=y
+ CONFIG_STUB_CLK_HI3660=y
+ CONFIG_HH_RM_DRV=y
+ CONFIG_DEVFREQ_GOV_MEMLAT=y
+ CONFIG_MSM_VIDEOCC_LAHAINA=y
+ CONFIG_IP_MULTICAST=y
+ CONFIG_HID_LOGITECH_DJ=y
+ CONFIG_REGULATOR_QPNP_AMOLED=y
+ CONFIG_ARCH_HAS_PTE_DEVMAP=y
+ CONFIG_TICK_ONESHOT=y
+ CONFIG_CRYPTO_CTR=y
+ CONFIG_MSM_PERFORMANCE_QGKI=y
+ CONFIG_QCOM_RTIC=y
+ CONFIG_WIRELESS_EXT=y
+ CONFIG_MEDIA_TUNER_MT2060=m
+ CONFIG_ARM64_SSBD=y
+ CONFIG_MODVERSIONS=y
+ CONFIG_HW_RANDOM=y
+ CONFIG_QCOM_SMEM_STATE=y
+ CONFIG_MUTEX_SPIN_ON_OWNER=y
+ CONFIG_HAVE_ARCH_USERFAULTFD_MINOR=y
+ CONFIG_SYS_HYPERVISOR=y
+ CONFIG_USB_DWC3_MSM=y
+ CONFIG_STATIC_USERMODEHELPER_PATH=
+ CONFIG_MEMCG_SWAP=y
+ CONFIG_KSU_SUSFS_OPEN_REDIRECT=y
+ CONFIG_NLS_CODEPAGE_737=y
+ CONFIG_HAVE_FUNCTION_GRAPH_TRACER=y
+ CONFIG_ARM64_AMU_EXTN=y
+ CONFIG_OF_MDIO=y
+ CONFIG_HAVE_CMPXCHG_LOCAL=y
+ CONFIG_VIDEOBUF2_CORE=y
+ CONFIG_RANDOMIZE_MODULE_REGION_FULL=y
+ CONFIG_CRYPTO_BLAKE2B=y
+ CONFIG_TREE_SRCU=y
+ CONFIG_CRYPTO_NULL2=y
+ CONFIG_CRYPTO_LIB_DES=y
+ CONFIG_SERIAL_8250_DMA=y
+ CONFIG_BASE_SMALL=0
+ CONFIG_PM_WAKELOCKS=y
+ CONFIG_CRYPTO_BLKCIPHER2=y
+ CONFIG_SECURITY_SELINUX_AVC_STATS=y
+ CONFIG_I2C_RTC6226_QCA=m
+ CONFIG_ARM_SMMU_SKIP_MAP_POWER_ON=y
+ CONFIG_COMPACTION=y
+ CONFIG_QTI_CPU_VOLTAGE_COOLING_DEVICE=y
+ CONFIG_NF_DUP_IPV6=y
+ CONFIG_QCOM_LLCC_PMU=y
+ CONFIG_PROC_FS=y
+ CONFIG_QTI_BCL_SOC_DRIVER=y
+ CONFIG_VIDEOBUF2_VMALLOC=y
+ CONFIG_GENERIC_BUG_RELATIVE_POINTERS=y
+ CONFIG_WEXT_PRIV=y
+ CONFIG_SCSI_LOWLEVEL=y
+ CONFIG_MEMFD_CREATE=y
+ CONFIG_IRQ_FORCED_THREADING=y
+ CONFIG_USB_F_HID=y
+ CONFIG_NLS_ISO8859_3=y
+ CONFIG_ARM64_ERRATUM_3194386=y
+ CONFIG_CRYPTO_CMAC=y
+ CONFIG_MEDIA_TUNER_TDA18250=m
+ CONFIG_SM_DEBUGCC_YUPIK=y
+ CONFIG_SND=y
+ CONFIG_QCOM_SCM=y
+ CONFIG_HARDEN_BRANCH_PREDICTOR=y
+ CONFIG_USB_G_WEBCAM=m
+ CONFIG_PCIE_DW=y
+ CONFIG_QCOM_WATCHDOG_BARK_TIME=11000
+ CONFIG_V4L_PLATFORM_DRIVERS=y
+ CONFIG_BLK_DEV_BSGLIB=y
+ CONFIG_QTI_PMIC_PON_LOG=y
+ CONFIG_MEDIA_TUNER_FC2580=m
+ CONFIG_USB_DWC3_HAPS=y
+ CONFIG_USB_F_MASS_STORAGE=y
+ CONFIG_IKCONFIG=y
+ CONFIG_MSM_PERFORMANCE=y
+ CONFIG_QTI_TZ_LOG=y
+ CONFIG_GENERIC_IRQ_MIGRATION=y
+ CONFIG_DEBUG_LIST=y
+ CONFIG_ARCH_HAS_FORTIFY_SOURCE=y
+ CONFIG_GCC_VERSION=0
+ CONFIG_SYSCTL=y
+ CONFIG_ARCH_HAS_GCOV_PROFILE_ALL=y
+ CONFIG_SND_USB_AUDIO_USE_MEDIA_CONTROLLER=y
+ CONFIG_BRIDGE_IGMP_SNOOPING=y
+ CONFIG_PCIE_DW_EP=y
+ CONFIG_PHYS_ADDR_T_64BIT=y
+ CONFIG_CORESIGHT_LINKS_AND_SINKS=y
+ CONFIG_THREAD_INFO_IN_TASK=y
+ CONFIG_MSM_GPI_DMA_DEBUG=y
+ CONFIG_HAVE_C_RECORDMCOUNT=y
+ CONFIG_GENERIC_MSI_IRQ=y
+ CONFIG_MEDIA_TUNER_MT2131=m
+ CONFIG_HAVE_ARCH_TRACEHOOK=y
+ CONFIG_RPMSG_CHAR=y
+ CONFIG_PCI_DOMAINS_GENERIC=y
+ CONFIG_XFRM_USER=y
+ CONFIG_EXTCON_USB_GPIO=y
+ CONFIG_PINCTRL_SHIMA=y
+ CONFIG_NET_NS=y
+ CONFIG_PINCTRL_LAHAINA=y
+ CONFIG_HW_RANDOM_MSM_LEGACY=y
+ CONFIG_HAVE_PERF_EVENTS=y
+ CONFIG_BTT=y
+ CONFIG_USB_F_CCID=y
+ CONFIG_QTI_CRYPTO_COMMON=y
+ CONFIG_PINCTRL_YUPIK=y
+ CONFIG_HID_NINTENDO=y
+ CONFIG_HAVE_ALIGNED_STRUCT_PAGE=y
+ CONFIG_DMA_CONFIGURE_ALIGNMENT=y
+ CONFIG_NLS_CODEPAGE_866=y
+ CONFIG_PCIE_DW_PLAT=y
+ CONFIG_BLK_DEV_PMEM=y
+ CONFIG_DEBUG_MEMORY_INIT=y
+ CONFIG_AUDIT=y
+ CONFIG_GKI_HIDDEN_GPIO_CONFIGS=y
+ CONFIG_ARCH_HAS_RESET_CONTROLLER=y
+ CONFIG_KERNEL_MODE_NEON=y
+ CONFIG_ARM_SCPI_CPUFREQ=y
+ CONFIG_THERMAL_DEFAULT_GOV_STEP_WISE=y
+ CONFIG_BPF_JIT_ALWAYS_ON=y
+ CONFIG_SND_USB_AUDIO_QMI=y
+ CONFIG_CMA_AREAS=16
+ CONFIG_LTO_NONE=y
+ CONFIG_PCIEASPM=y
+ CONFIG_QRTR_WAKEUP_MS=0
+ CONFIG_MEMORY_HOTPLUG_MOVABLE_NODE=y
+ CONFIG_DM_BOW=y
+ CONFIG_ARM_GIC_MAX_NR=1
+ CONFIG_HID_MULTITOUCH=y
+ CONFIG_SLAB_FREELIST_RANDOM=y
+ CONFIG_SECURITY=y
+ CONFIG_NETFILTER_XT_MATCH_QUOTA2=y
+ CONFIG_USB_CONFIGFS_F_AUDIO_SRC=y
+ CONFIG_INTERCONNECT=y
+ CONFIG_HH_VIRT_WATCHDOG=y
+ CONFIG_PCIE_DW_PLAT_EP=y
+ CONFIG_HID_ELECOM=y
+ CONFIG_SND_TIMER=y
+ CONFIG_USB_EHCI_TT_NEWSCHED=y
+ CONFIG_FAT_DEFAULT_CODEPAGE=437
+ CONFIG_BLK_DEV=y
+ CONFIG_MAC80211_RC_DEFAULT=minstrel_ht
+ CONFIG_CC_HAS_ASM_GOTO_TIED_OUTPUT=y
+ CONFIG_OF_FLATTREE=y
+ CONFIG_REGMAP_QTI_DEBUG=y
+ CONFIG_IOMMU_API=y
+ CONFIG_TRACING_SUPPORT=y
+ CONFIG_UNIX98_PTYS=y
+ CONFIG_NETFILTER_XT_TARGET_CONNMARK=y
+ CONFIG_QCOM_SMEM=y
+ CONFIG_NET_RX_BUSY_POLL=y
+ CONFIG_SCHED_WALT=y
+ CONFIG_CRYPTO_ANSI_CPRNG=y
+ CONFIG_SECURITY_SELINUX=y
+ CONFIG_NET_SCHED=y
+ CONFIG_NETFILTER_XT_TARGET_CONNSECMARK=y
+ CONFIG_DRM_PANEL=y
+ CONFIG_PRINTK_TIME=y
+ CONFIG_SECCOMP_FILTER=y
+ CONFIG_IRQCHIP=y
+ CONFIG_PPP=y
+ CONFIG_NETFILTER_XT_MATCH_QUOTA=y
+ CONFIG_TOUCHSCREEN_ATMEL_MXT=y
+ CONFIG_INET_DIAG=y
+ CONFIG_CRYPTO_GHASH=y
+ CONFIG_PSTORE=y
+ CONFIG_OVERLAY_FS_REDIRECT_ALWAYS_FOLLOW=y
+ CONFIG_HAVE_SCHED_AVG_IRQ=y
+ CONFIG_SM_DISPCC_SHIMA=y
+ CONFIG_SECURITY_SELINUX_SIDTAB_HASH_BITS=9
+ CONFIG_NF_NAT_FTP=y
+ CONFIG_MAC80211_RC_MINSTREL=y
+ CONFIG_IIO_CONSUMERS_PER_TRIGGER=2
+ CONFIG_NF_CT_PROTO_UDPLITE=y
+ CONFIG_CORESIGHT_TGU=y
+ CONFIG_QTI_THERMAL_LIMITS_DCVS=y
+ CONFIG_IKCONFIG_PROC=y
+ CONFIG_ELF_CORE=y
+ CONFIG_QTI_DDR_COOLING_DEVICE=y
+ CONFIG_PCI_HOST_COMMON=y
+ CONFIG_TEXTSEARCH=y
+ CONFIG_USB_DWC3=y
+ CONFIG_CORESIGHT_REMOTE_ETM_DEFAULT_ENABLE=0
+ CONFIG_QCOM_DCC_V2=y
+ CONFIG_USB_SUPPORT=y
+ CONFIG_USB_CONFIGFS_F_CDEV=y
+ CONFIG_CORESIGHT_REMOTE_ETM=y
+ CONFIG_QCOM_SECURE_BUFFER=y
+ CONFIG_NFC_QTI_I2C=y
+ CONFIG_UCLAMP_TASK=y
+ CONFIG_SOC_BUS=y
+ CONFIG_TOUCHSCREEN_USB_EASYTOUCH=y
+ CONFIG_STAGING=y
+ CONFIG_F2FS_FS=y
+ CONFIG_DMA_CMA=y
+ CONFIG_MFD_ACT8945A=y
+ CONFIG_HID_UCLOGIC=y
+ CONFIG_MSM_IDLE_STATS=y
+ CONFIG_SCHED_INFO=y
+ CONFIG_MQ_IOSCHED_KYBER=y
+ CONFIG_INTERCONNECT_QCOM_LAHAINA=y
+ CONFIG_QCOM_KGSL_IDLE_TIMEOUT=80
+ CONFIG_EFI_EARLYCON=y
+ CONFIG_NOP_USB_XCEIV=y
+ CONFIG_AUDIT_ARCH_COMPAT_GENERIC=y
+ CONFIG_CC_OPTIMIZE_FOR_PERFORMANCE=y
+ CONFIG_SERIAL_8250_DWLIB=y
+ CONFIG_BLK_DEV_RAM=y
+ CONFIG_SM_GPUCC_SHIMA=y
+ CONFIG_USB_F_NCM=y
+ CONFIG_ARCH_MMAP_RND_COMPAT_BITS=11
+ CONFIG_NETFILTER_XT_MATCH_STATE=y
+ CONFIG_KSU_SUSFS_HAS_MAGIC_MOUNT=y
+ CONFIG_EROFS_FS_XATTR=y
+ CONFIG_ION_POOL_AUTO_REFILL=y
+ CONFIG_NOVATEK_TRUSTED_TOUCH=y
+ CONFIG_MICROCHIP_PHY=y
+ CONFIG_ARM_TIMER_SP804=y
+ CONFIG_DRM=y
+ CONFIG_SPI_MSM_GENI=y
+ CONFIG_BOEFFLA_WL_BLOCKER=y
+ CONFIG_MEDIA_RADIO_SUPPORT=y
+ CONFIG_IOMMU_TLBSYNC_DEBUG=y
+ CONFIG_NVMEM_SPMI_SDAM=y
+ CONFIG_MSM_GCC_LAHAINA=y
+ CONFIG_ARM64=y
+ CONFIG_PREEMPT=y
+ CONFIG_DM_DEFAULT_KEY=y
+ CONFIG_REGULATOR_QPNP_LCDB=y
+ CONFIG_QCOM_SMP2P=y
+ CONFIG_DEBUG_MISC=y
+ CONFIG_ARCH_HAS_DMA_COHERENT_TO_PFN=y
+ CONFIG_MANDATORY_FILE_LOCKING=y
+ CONFIG_ARCH_HAS_TICK_BROADCAST=y
+ CONFIG_BINARY_PRINTF=y
+ CONFIG_ZSTD_DECOMPRESS=y
+ CONFIG_ARM64_ERRATUM_1165522=y
+ CONFIG_DEVFREQ_GOV_CPUFREQ=y
+ CONFIG_HAVEN_DRIVERS=y
+ CONFIG_HAVE_DEBUG_BUGVERBOSE=y
+ CONFIG_VIDEO_V4L2=y
+ CONFIG_SND_PCM_TIMER=y
+ CONFIG_ARCH_HAS_SET_DIRECT_MAP=y
+ CONFIG_DMA_SHARED_BUFFER=y
+ CONFIG_RTC_SYSTOHC=y
+ CONFIG_OF_ADDRESS=y
+ CONFIG_DECOMPRESS_GZIP=y
+ CONFIG_NLS_MAC_CELTIC=y
+ CONFIG_THERMAL_GOV_POWER_ALLOCATOR=y
+ CONFIG_VIRTIO_MENU=y
+ CONFIG_64BIT=y
+ CONFIG_QUOTA=y
+ CONFIG_PARTITION_PERCPU=y
+ CONFIG_MMC_SDHCI_PLTFM=y
+ CONFIG_I2C_CHARDEV=y
+ CONFIG_RCU_NOCB_CPU=y
+ CONFIG_RCU_FAST_NO_HZ=y
+ CONFIG_SERIAL_MSM_GENI_HALF_SAMPLING=y
+ CONFIG_MEDIA_TUNER_FC0013=m
+ CONFIG_LLC=y
+ CONFIG_ARCH_USE_QUEUED_RWLOCKS=y
+ CONFIG_QTI_SCMI_PLH_PROTOCOL=y
+ CONFIG_MEDIA_TUNER_TEA5761=m
+ CONFIG_ARCH_KEEP_MEMBLOCK=y
+ CONFIG_REGMAP_MMIO=y
+ CONFIG_ENERGY_MODEL=y
+ CONFIG_NETWORK_SECMARK=y
+ CONFIG_GENERIC_CLOCKEVENTS_BROADCAST=y
+ CONFIG_CRYPTO_SIMD=y
+ CONFIG_POWER_SUPPLY_HWMON=y
+ CONFIG_SERIAL_8250_PCI=y
+ CONFIG_QCOM_SPMI_ADC5=y
+ CONFIG_TOUCHSCREEN_NT36XXX=y
+ CONFIG_XZ_DEC_ARMTHUMB=y
+ CONFIG_QCOM_EUD=y
+ CONFIG_ARCH_USE_CMPXCHG_LOCKREF=y
+ CONFIG_ARCH_WANT_FRAME_POINTERS=y
+ CONFIG_REGMAP=y
+ CONFIG_NLS_UTF8=y
+ CONFIG_PCIE_PME=y
+ CONFIG_JOYSTICK_XPAD=y
+ CONFIG_GKI_HACKS_TO_FIX=y
+ CONFIG_HARDENED_USERCOPY=y
+ CONFIG_HAVE_MOD_ARCH_SPECIFIC=y
+ CONFIG_STRICT_MODULE_RWX=y
+ CONFIG_CORESIGHT_TPDA=y
+ CONFIG_USB_USBNET=y
+ CONFIG_QTI_PLH=y
+ CONFIG_NET_ACT_POLICE=y
+ CONFIG_ASM_MODVERSIONS=y
+ CONFIG_SYSCTL_EXCEPTION_TRACE=y
+ CONFIG_FS_VERITY_BUILTIN_SIGNATURES=y
+ CONFIG_MMC_CQHCI_CRYPTO=y
+ CONFIG_EFI_ARMSTUB=y
+ CONFIG_WATCHDOG_OPEN_TIMEOUT=0
+ CONFIG_CRYPTO_LIB_SHA256=y
+ CONFIG_NEW_LEDS=y
+ CONFIG_SWAP=y
+ CONFIG_BUILD_ARM64_UNCOMPRESSED_KERNEL=y
+ CONFIG_BUG_ON_DATA_CORRUPTION=y
+ CONFIG_MAC80211=y
+ CONFIG_TOUCHSCREEN_USB_GENERAL_TOUCH=y
+ CONFIG_CRC_CCITT=y
+ CONFIG_REGULATOR_STUB=y
+ CONFIG_GPIOLIB_IRQCHIP=y
+ CONFIG_BLK_DEV_SD=y
+ CONFIG_HISILICON_ERRATUM_161600802=y
+ CONFIG_NETFILTER_NETLINK=y
+ CONFIG_MODULE_UNLOAD=y
+ CONFIG_DEVFREQ_GOV_USERSPACE=y
+ CONFIG_PREEMPT_COUNT=y
+ CONFIG_BT_LE=y
+ CONFIG_MSM_REMOTEQDSS=y
+ CONFIG_CMA=y
+ CONFIG_RWSEM_SPIN_ON_OWNER=y
+ CONFIG_ARM_GIC_V3_ITS_PCI=y
+ CONFIG_LEDS_QTI_TRI_LED=y
+ CONFIG_MEDIA_TUNER_M88RS6000T=m
+ CONFIG_MSM_QBT_HANDLER=y
+ CONFIG_GENERIC_PINMUX_FUNCTIONS=y
+ CONFIG_RCU_FANOUT=64
+ CONFIG_CC_HAS_ASM_GOTO_OUTPUT=y
+ CONFIG_BITREVERSE=y
+ CONFIG_PREEMPTION=y
+ CONFIG_IOSCHED_BFQ=y
+ CONFIG_X509_CERTIFICATE_PARSER=y
+ CONFIG_BLK_DEV_RAM_SIZE=8192
+ CONFIG_QTI_PMIC_GLINK=y
+ CONFIG_MSM_IDLE_STATS_BUCKET_SHIFT=2
+ CONFIG_MSM_HAB_DEFAULT_VMID=2
+ CONFIG_NLS_ISO8859_13=y
+ CONFIG_UIO_MSM_SHAREDMEM=y
+ CONFIG_CRYPTO_BLKCIPHER=y
+ CONFIG_QCOM_MINIDUMP=y
+ CONFIG_QCOM_CDSP_RM=y
+ CONFIG_NLS_ISO8859_8=y
+ CONFIG_NF_CONNTRACK=y
+ CONFIG_EROFS_FS=y
+ CONFIG_EFI_RUNTIME_WRAPPERS=y
+ CONFIG_LSM=lockdown,yama,loadpin,safesetid,integrity,selinux,smack,tomoyo,apparmor
+ CONFIG_ARCH_DMA_ADDR_T_64BIT=y
+ CONFIG_FILE_LOCKING=y
+ CONFIG_TOUCHSCREEN_USB_ELO=y
+ CONFIG_SND_SOC_I2C_AND_SPI=y
+ CONFIG_PCIE_QCOM=y
+ CONFIG_IPA3=y
+ CONFIG_AIO=y
+ CONFIG_OF=y
+ CONFIG_NET_EMATCH=y
+ CONFIG_PERF_EVENTS=y
+ CONFIG_GENERIC_TIME_VSYSCALL=y
+ CONFIG_IP_NF_TARGET_REJECT=y
+ CONFIG_HAVE_MOVE_PMD=y
+ CONFIG_PCIE_KIRIN=y
+ CONFIG_IOMMU_IO_PGTABLE=y
+ CONFIG_LEDS_CLASS=y
+ CONFIG_KALLSYMS_BASE_RELATIVE=y
+ CONFIG_QCOM_YUPIK_LLCC=y
+ CONFIG_REGMAP_ALLOW_WRITE_DEBUGFS=y
+ CONFIG_PLAYSTATION_FF=y
+ CONFIG_RTC_INTF_DEV=y
+ CONFIG_FUJITSU_ERRATUM_010001=y
+ CONFIG_DCACHE_WORD_ACCESS=y
+ CONFIG_HW_RANDOM_HISI=y
+ CONFIG_PSTORE_COMPRESS=y
+ CONFIG_QTI_POLICY_ENGINE_SENSOR=y
+ CONFIG_MESSAGE_LOGLEVEL_DEFAULT=4
+ CONFIG_GKI_HIDDEN_HYPERVISOR_CONFIGS=y
+ CONFIG_CMA_ALIGNMENT=8
+ CONFIG_NLS_DEFAULT=iso8859-1
+ CONFIG_UTS_NS=y
+ CONFIG_NF_CT_PROTO_GRE=y
+ CONFIG_DAX_DRIVER=y
+ CONFIG_NF_CT_NETLINK=y
+ CONFIG_DMA_ENGINE=y
+ CONFIG_HID_WIIMOTE=y
+ CONFIG_DEFAULT_SECURITY_SELINUX=y
+ CONFIG_DEBUG_INFO=y
+ CONFIG_CRYPTO_AEAD2=y
+ CONFIG_NET_IPIP=y
+ CONFIG_PCI_ENDPOINT=y
+ CONFIG_NETFILTER_XT_MATCH_HL=y
+ CONFIG_QCOM_QDF2400_ERRATUM_0065=y
+ CONFIG_CRYPTO_ALGAPI2=y
+ CONFIG_CNSS2_QMI=y
+ CONFIG_WEXT_SPY=y
+ CONFIG_HAVE_EFFICIENT_UNALIGNED_ACCESS=y
+ CONFIG_INPUT=y
+ CONFIG_PROC_SYSCTL=y
+ CONFIG_NETFILTER_XT_TARGET_CT=y
+ CONFIG_RD_LZ4=y
+ CONFIG_MMU=y
+ CONFIG_UCSI_QTI_GLINK=y
+ CONFIG_ARM64_VA_BITS_39=y
+ CONFIG_KUSER_HELPERS=y
+ info GEN .version
+ [  != silent_ ]
+ printf   %-7s %s\n GEN .version
  GEN     .version
+ [ -r .version ]
+ cat .version
+ expr 02 + 1
+ VERSION=3
+ echo 3
+ make -f ./scripts/Makefile.build obj=init
sh ./scripts/mkcompile_h include/generated/compile.h	\
"aarch64" "y" "y"	\
"" "Ubuntu clang version 14.0.0-1ubuntu1.1" "aarch64-linux-gnu-ld"
  UPD     include/generated/compile.h
  ccache clang -Wp,-MD,init/.version.o.d -nostdinc -isystem /usr/lib/llvm-14/lib/clang/14.0.0/include -I./arch/arm64/include -I./arch/arm64/include/generated  -I./include -I./arch/arm64/include/uapi -I./arch/arm64/include/generated/uapi -I./include/uapi -I./include/generated/uapi -include ./include/linux/kconfig.h -include ./include/linux/compiler_types.h -D__KERNEL__ -mlittle-endian -DKASAN_SHADOW_SCALE_SHIFT=3 -Qunused-arguments -Wall -Wundef -Werror=strict-prototypes -Wno-trigraphs -fno-strict-aliasing -fno-common -fshort-wchar -fno-PIE -Werror=implicit-function-declaration -Werror=implicit-int -Werror=return-type -Wno-format-security -std=gnu89 --target=aarch64-linux-gnu -Werror=unknown-warning-option -mgeneral-regs-only -DCONFIG_CC_HAS_K_CONSTRAINT=1 -fno-asynchronous-unwind-tables -Wno-psabi -mbranch-protection=none -DKASAN_SHADOW_SCALE_SHIFT=3 -fno-delete-null-pointer-checks -Wno-frame-address -Wno-address-of-packed-member -O2 -Wframe-larger-than=2048 -fstack-protector-strong -Wno-format-invalid-specifier -Wno-gnu -Wno-tautological-compare -Wno-unused-but-set-variable -Wno-unused-const-variable -fno-omit-frame-pointer -fno-optimize-sibling-calls -g -gdwarf-4 -Wdeclaration-after-statement -Wvla -Wno-pointer-sign -Wno-array-bounds -fno-strict-overflow -fno-merge-all-constants -fno-stack-check -Werror=date-time -Werror=incompatible-pointer-types -fmacro-prefix-map=./= -Wno-initializer-overrides -Wno-format -Wno-sign-compare -Wno-format-zero-length -Wno-pointer-to-enum-cast -Wno-unaligned-access -Wno-enum-compare-conditional -fno-function-sections -fno-data-sections    -DKBUILD_BASENAME='"version"' -DKBUILD_MODNAME='"version"' -c -o init/version.o init/version.c
  if aarch64-linux-gnu-objdump -h init/version.o | grep -q __ksymtab; then ccache clang -E -D__GENKSYMS__ -Wp,-MD,init/.version.o.d -nostdinc -isystem /usr/lib/llvm-14/lib/clang/14.0.0/include -I./arch/arm64/include -I./arch/arm64/include/generated  -I./include -I./arch/arm64/include/uapi -I./arch/arm64/include/generated/uapi -I./include/uapi -I./include/generated/uapi -include ./include/linux/kconfig.h -include ./include/linux/compiler_types.h -D__KERNEL__ -mlittle-endian -DKASAN_SHADOW_SCALE_SHIFT=3 -Qunused-arguments -Wall -Wundef -Werror=strict-prototypes -Wno-trigraphs -fno-strict-aliasing -fno-common -fshort-wchar -fno-PIE -Werror=implicit-function-declaration -Werror=implicit-int -Werror=return-type -Wno-format-security -std=gnu89 --target=aarch64-linux-gnu -Werror=unknown-warning-option -mgeneral-regs-only -DCONFIG_CC_HAS_K_CONSTRAINT=1 -fno-asynchronous-unwind-tables -Wno-psabi -mbranch-protection=none -DKASAN_SHADOW_SCALE_SHIFT=3 -fno-delete-null-pointer-checks -Wno-frame-address -Wno-address-of-packed-member -O2 -Wframe-larger-than=2048 -fstack-protector-strong -Wno-format-invalid-specifier -Wno-gnu -Wno-tautological-compare -Wno-unused-but-set-variable -Wno-unused-const-variable -fno-omit-frame-pointer -fno-optimize-sibling-calls -g -gdwarf-4 -Wdeclaration-after-statement -Wvla -Wno-pointer-sign -Wno-array-bounds -fno-strict-overflow -fno-merge-all-constants -fno-stack-check -Werror=date-time -Werror=incompatible-pointer-types -fmacro-prefix-map=./= -Wno-initializer-overrides -Wno-format -Wno-sign-compare -Wno-format-zero-length -Wno-pointer-to-enum-cast -Wno-unaligned-access -Wno-enum-compare-conditional -fno-function-sections -fno-data-sections    -DKBUILD_BASENAME='"version"' -DKBUILD_MODNAME='"version"' init/version.c | scripts/genksyms/genksyms    -r /dev/null > init/.tmp_version.ver; aarch64-linux-gnu-ld -EL  -maarch64elf -z noexecstack -r -o init/.tmp_version.o init/version.o -T init/.tmp_version.ver; mv -f init/.tmp_version.o init/version.o; rm -f init/.tmp_version.ver; fi
  echo >/dev/null; rm -f init/built-in.a; aarch64-linux-gnu-ar cDPrST init/built-in.a init/main.o init/version.o init/do_mounts.o init/do_mounts_rd.o init/do_mounts_initrd.o init/initramfs.o init/calibrate.o init/init_task.o
+ modpost_link vmlinux.o
+ local objects
+ objects=--whole-archive						arch/arm64/kernel/head.o  init/built-in.a  usr/built-in.a  arch/arm64/built-in.a ./drivers/firmware/efi/libstub/lib.a  kernel/built-in.a  certs/built-in.a  mm/built-in.a  fs/built-in.a  ipc/built-in.a  security/built-in.a  crypto/built-in.a  block/built-in.a  arch/arm64/lib/built-in.a  lib/built-in.a  drivers/built-in.a  sound/built-in.a  techpack/built-in.a  net/built-in.a  virt/built-in.a						--no-whole-archive						--start-group							 arch/arm64/lib/lib.a  lib/lib.a						--end-group
+ [ -n  ]
+ info LD vmlinux.o
+ [  != silent_ ]
+ printf   %-7s %s\n LD vmlinux.o
  LD      vmlinux.o
+ lto_lds
+ [ -z  ]
+ return
+ aarch64-linux-gnu-ld -EL -maarch64elf -z noexecstack -r -o vmlinux.o --whole-archive arch/arm64/kernel/head.o init/built-in.a usr/built-in.a arch/arm64/built-in.a ./drivers/firmware/efi/libstub/lib.a kernel/built-in.a certs/built-in.a mm/built-in.a fs/built-in.a ipc/built-in.a security/built-in.a crypto/built-in.a block/built-in.a arch/arm64/lib/built-in.a lib/built-in.a drivers/built-in.a sound/built-in.a techpack/built-in.a net/built-in.a virt/built-in.a --no-whole-archive --start-group arch/arm64/lib/lib.a lib/lib.a --end-group
+ make -f ./scripts/Makefile.modpost MODPOST_VMLINUX=1
  scripts/mod/modpost -m  -o ./Module.symvers    -E   vmlinux.o
WARNING: "embms_tm_multicast_recv" [vmlinux] is a static EXPORT_SYMBOL
+ [ -n  ]
+ info MODINFO modules.builtin.modinfo
+ [  != silent_ ]
+ printf   %-7s %s\n MODINFO modules.builtin.modinfo
  MODINFO modules.builtin.modinfo
+ aarch64-linux-gnu-objcopy -j .modinfo -O binary vmlinux.o modules.builtin.modinfo
+ btf_vmlinux_bin_o=
+ [ -n  ]
+ [ -n y ]
+ [ ! -z ]
+ kallsymso=
+ kallsymso_prev=
+ kallsyms_vmlinux=
+ [ -n y ]
+ kallsyms_step 1
+ kallsymso_prev=
+ kallsyms_vmlinux=.tmp_vmlinux.kallsyms1
+ kallsymso=.tmp_vmlinux.kallsyms1.o
+ vmlinux_link .tmp_vmlinux.kallsyms1 
+ local lds=./arch/arm64/kernel/vmlinux.lds
+ local output=.tmp_vmlinux.kallsyms1
+ local objects
+ local strip_debug
+ info LD .tmp_vmlinux.kallsyms1
+ [  != silent_ ]
+ printf   %-7s %s\n LD .tmp_vmlinux.kallsyms1
  LD      .tmp_vmlinux.kallsyms1
+ shift
+ [ .tmp_vmlinux.kallsyms1 != 1 ]
+ strip_debug=-Wl,--strip-debug
+ [ arm64 != um ]
+ [ -n  ]
+ objects=--whole-archive						arch/arm64/kernel/head.o  init/built-in.a  usr/built-in.a  arch/arm64/built-in.a ./drivers/firmware/efi/libstub/lib.a  kernel/built-in.a  certs/built-in.a  mm/built-in.a  fs/built-in.a  ipc/built-in.a  security/built-in.a  crypto/built-in.a  block/built-in.a  arch/arm64/lib/built-in.a  lib/built-in.a  drivers/built-in.a  sound/built-in.a  techpack/built-in.a  net/built-in.a  virt/built-in.a						--no-whole-archive						--start-group							 arch/arm64/lib/lib.a  lib/lib.a						--end-group							
+ aarch64-linux-gnu-ld -EL -maarch64elf -z noexecstack --no-undefined -X -shared -Bsymbolic -z notext --no-apply-dynamic-relocs --fix-cortex-a53-843419 --build-id --strip-debug -o .tmp_vmlinux.kallsyms1 -T ./arch/arm64/kernel/vmlinux.lds --whole-archive arch/arm64/kernel/head.o init/built-in.a usr/built-in.a arch/arm64/built-in.a ./drivers/firmware/efi/libstub/lib.a kernel/built-in.a certs/built-in.a mm/built-in.a fs/built-in.a ipc/built-in.a security/built-in.a crypto/built-in.a block/built-in.a arch/arm64/lib/built-in.a lib/built-in.a drivers/built-in.a sound/built-in.a techpack/built-in.a net/built-in.a virt/built-in.a --no-whole-archive --start-group arch/arm64/lib/lib.a lib/lib.a --end-group
aarch64-linux-gnu-ld: drivers/power/supply/qti_battery_charger.o: in function `battery_chg_probe':
/home/Mi11/drivers/power/supply/qti_battery_charger.c:2159: undefined reference to `mi_disp_register_client'
aarch64-linux-gnu-ld: /home/Mi11/drivers/power/supply/qti_battery_charger.c:2214: undefined reference to `mi_disp_unregister_client'
aarch64-linux-gnu-ld: drivers/power/supply/qti_battery_charger.o: in function `battery_chg_remove':
/home/Mi11/drivers/power/supply/qti_battery_charger.c:2229: undefined reference to `mi_disp_unregister_client'
+ on_exit
+ [ 1 -ne 0 ]
+ cleanup
+ rm -f .btf.*
+ rm -f .tmp_System.map
+ rm -f .tmp_lto.lds
+ rm -f .tmp_vmlinux*
+ rm -f System.map
+ rm -f vmlinux
+ rm -f vmlinux.o
+ [ -n y ]
+ rm -f .tmp_rtic_mp_sz*
+ rm -f rtic_mp.*
make: *** [Makefile:1215：vmlinux] 错误 1
